TOPIC,TAXONOMY,TAXONOMY_ID,CLASSIFICATION,CLASSIFICATION_ID,GROUP,GROUP_ID,GROUP_ORDER,SUBGROUP,SUBGROUP_ID,SUBGROUP_ORDER,ESTIMATE_TYPE,ESTIMATE_TYPE_ID,TIME_PERIOD,ESTIMATE,ESTIMATE_LCI,ESTIMATE_UCI,YOY_CHANGE,CI_WIDTH
Delayed getting medical care due to cost among adults,Healthcare access and quality,150,Demographic Characteristic,1,Age groups with 65 years and older,2,2,18-34 years,2,2,"Percent of population, crude",1,2019,10.5,9.7,11.4,,1.700000000000001
Delayed getting medical care due to cost among adults,Healthcare access and quality,150,Demographic Characteristic,1,Age groups with 65 years and older,2,2,18-34 years,2,2,"Percent of population, crude",1,2020,9.1,8.2,10.1,-1.4000000000000004,1.9000000000000004
Delayed getting medical care due to cost among adults,Healthcare access and quality,150,Demographic Characteristic,1,Age groups with 65 years and older,2,2,18-34 years,2,2,"Percent of population, crude",1,2021,8.7,7.9,9.6,-0.40000000000000036,1.6999999999999993
Delayed getting medical care due to cost among adults,Healthcare access and quality,150,Demographic Characteristic,1,Age groups with 65 years and older,2,2,18-34 years,2,2,"Percent of population, crude",1,2022,8.3,7.5,9.2,-0.3999999999999986,1.6999999999999993
Delayed getting medical care due to cost among adults,Healthcare access and quality,150,Demographic Characteristic,1,Age groups with 65 years and older,2,2,18-34 years,2,2,"Percent of population, crude",1,2023,8.7,7.9,9.6,0.3999999999999986,1.6999999999999993
Delayed getting medical care due to cost among adults,Healthcare access and quality,150,Demographic Characteristic,1,Age groups with 65 years and older,2,2,18-34 years,2,2,"Percent of population, crude",1,2024,10.7,9.8,11.6,2.0,1.799999999999999
Delayed getting medical care due to cost among adults,Healthcare access and quality,150,Demographic Characteristic,1,Age groups with 65 years and older,2,2,35-49 years,3,3,"Percent of population, crude",1,2019,10.9,10.0,11.9,,1.9000000000000004
Delayed getting medical care due to cost among adults,Healthcare access and quality,150,Demographic Characteristic,1,Age groups with 65 years and older,2,2,35-49 years,3,3,"Percent of population, crude",1,2020,8.8,7.9,9.8,-2.0999999999999996,1.9000000000000004
Delayed getting medical care due to cost among adults,Healthcare access and quality,150,Demographic Characteristic,1,Age groups with 65 years and older,2,2,35-49 years,3,3,"Percent of population, crude",1,2021,8.3,7.5,9.1,-0.5,1.5999999999999996
Delayed getting medical care due to cost among adults,Healthcare access and quality,150,Demographic Characteristic,1,Age groups with 65 years and older,2,2,35-49 years,3,3,"Percent of population, crude",1,2022,9.4,8.5,10.3,1.0999999999999996,1.8000000000000007
Delayed getting medical care due to cost among adults,Healthcare access and quality,150,Demographic Characteristic,1,Age groups with 65 years and older,2,2,35-49 years,3,3,"Percent of population, crude",1,2023,9.0,8.2,9.9,-0.40000000000000036,1.700000000000001
Delayed getting medical care due to cost among adults,Healthcare access and quality,150,Demographic Characteristic,1,Age groups with 65 years and older,2,2,35-49 years,3,3,"Percent of population, crude",1,2024,10.8,9.9,11.7,1.8000000000000007,1.799999999999999
Delayed getting medical care due to cost among adults,Healthcare access and quality,150,Demographic Characteristic,1,Age groups with 65 years and older,2,2,50-64 years,4,4,"Percent of population, crude",1,2019,10.3,9.5,11.1,,1.5999999999999996
Delayed getting medical care due to cost among adults,Healthcare access and quality,150,Demographic Characteristic,1,Age groups with 65 years and older,2,2,50-64 years,4,4,"Percent of population, crude",1,2020,8.6,7.9,9.5,-1.700000000000001,1.5999999999999996
Delayed getting medical care due to cost among adults,Healthcare access and quality,150,Demographic Characteristic,1,Age groups with 65 years and older,2,2,50-64 years,4,4,"Percent of population, crude",1,2021,8.4,7.7,9.2,-0.1999999999999993,1.4999999999999991
Delayed getting medical care due to cost among adults,Healthcare access and quality,150,Demographic Characteristic,1,Age groups with 65 years and older,2,2,50-64 years,4,4,"Percent of population, crude",1,2022,7.1,6.4,7.8,-1.3000000000000007,1.3999999999999995
Delayed getting medical care due to cost among adults,Healthcare access and quality,150,Demographic Characteristic,1,Age groups with 65 years and older,2,2,50-64 years,4,4,"Percent of population, crude",1,2023,7.8,7.0,8.6,0.7000000000000002,1.5999999999999996
Delayed getting medical care due to cost among adults,Healthcare access and quality,150,Demographic Characteristic,1,Age groups with 65 years and older,2,2,50-64 years,4,4,"Percent of population, crude",1,2024,9.5,8.7,10.3,1.7000000000000002,1.6000000000000014
Delayed getting medical care due to cost among adults,Healthcare access and quality,150,Demographic Characteristic,1,Age groups with 65 years and older,2,2,65 years and older,5,5,"Percent of population, crude",1,2019,3.4,3.0,4.0,,1.0
Delayed getting medical care due to cost among adults,Healthcare access and quality,150,Demographic Characteristic,1,Age groups with 65 years and older,2,2,65 years and older,5,5,"Percent of population, crude",1,2020,2.7,2.3,3.1,-0.6999999999999997,0.8000000000000003
Delayed getting medical care due to cost among adults,Healthcare access and quality,150,Demographic Characteristic,1,Age groups with 65 years and older,2,2,65 years and older,5,5,"Percent of population, crude",1,2021,2.5,2.1,2.9,-0.20000000000000018,0.7999999999999998
Delayed getting medical care due to cost among adults,Healthcare access and quality,150,Demographic Characteristic,1,Age groups with 65 years and older,2,2,65 years and older,5,5,"Percent of population, crude",1,2022,2.7,2.3,3.2,0.20000000000000018,0.9000000000000004
Delayed getting medical care due to cost among adults,Healthcare access and quality,150,Demographic Characteristic,1,Age groups with 65 years and older,2,2,65 years and older,5,5,"Percent of population, crude",1,2023,2.5,2.2,2.9,-0.20000000000000018,0.6999999999999997
Delayed getting medical care due to cost among adults,Healthcare access and quality,150,Demographic Characteristic,1,Age groups with 65 years and older,2,2,65 years and older,5,5,"Percent of population, crude",1,2024,2.6,2.3,3.0,0.10000000000000009,0.7000000000000002
Delayed getting medical care due to cost among adults,Healthcare access and quality,150,Demographic Characteristic,1,Age groups with 75 years and older,3,3,18-44 years,6,6,"Percent of population, crude",1,2019,10.6,9.9,11.3,,1.4000000000000004
Delayed getting medical care due to cost among adults,Healthcare access and quality,150,Demographic Characteristic,1,Age groups with 75 years and older,3,3,18-44 years,6,6,"Percent of population, crude",1,2020,9.1,8.4,9.9,-1.5,1.5
Delayed getting medical care due to cost among adults,Healthcare access and quality,150,Demographic Characteristic,1,Age groups with 75 years and older,3,3,18-44 years,6,6,"Percent of population, crude",1,2021,8.5,7.8,9.1,-0.5999999999999996,1.2999999999999998
Delayed getting medical care due to cost among adults,Healthcare access and quality,150,Demographic Characteristic,1,Age groups with 75 years and older,3,3,18-44 years,6,6,"Percent of population, crude",1,2022,8.6,8.0,9.2,0.09999999999999964,1.1999999999999993
Delayed getting medical care due to cost among adults,Healthcare access and quality,150,Demographic Characteristic,1,Age groups with 75 years and older,3,3,18-44 years,6,6,"Percent of population, crude",1,2023,8.8,8.1,9.4,0.20000000000000107,1.3000000000000007
Delayed getting medical care due to cost among adults,Healthcare access and quality,150,Demographic Characteristic,1,Age groups with 75 years and older,3,3,18-44 years,6,6,"Percent of population, crude",1,2024,10.6,9.9,11.3,1.799999999999999,1.4000000000000004
Delayed getting medical care due to cost among adults,Healthcare access and quality,150,Demographic Characteristic,1,Age groups with 75 years and older,3,3,45-64 years,7,7,"Percent of population, crude",1,2019,10.5,9.8,11.2,,1.3999999999999986
Delayed getting medical care due to cost among adults,Healthcare access and quality,150,Demographic Characteristic,1,Age groups with 75 years and older,3,3,45-64 years,7,7,"Percent of population, crude",1,2020,8.5,7.9,9.3,-2.0,1.4000000000000004
Delayed getting medical care due to cost among adults,Healthcare access and quality,150,Demographic Characteristic,1,Age groups with 75 years and older,3,3,45-64 years,7,7,"Percent of population, crude",1,2021,8.5,7.8,9.2,0.0,1.3999999999999995
Delayed getting medical care due to cost among adults,Healthcare access and quality,150,Demographic Characteristic,1,Age groups with 75 years and older,3,3,45-64 years,7,7,"Percent of population, crude",1,2022,7.8,7.2,8.5,-0.7000000000000002,1.2999999999999998
Delayed getting medical care due to cost among adults,Healthcare access and quality,150,Demographic Characteristic,1,Age groups with 75 years and older,3,3,45-64 years,7,7,"Percent of population, crude",1,2023,8.2,7.5,8.9,0.39999999999999947,1.4000000000000004
Delayed getting medical care due to cost among adults,Healthcare access and quality,150,Demographic Characteristic,1,Age groups with 75 years and older,3,3,45-64 years,7,7,"Percent of population, crude",1,2024,10.0,9.3,10.8,1.8000000000000007,1.5
Delayed getting medical care due to cost among adults,Healthcare access and quality,150,Demographic Characteristic,1,Age groups with 75 years and older,3,3,65-74 years,8,8,"Percent of population, crude",1,2019,4.1,3.4,4.8,,1.4
Delayed getting medical care due to cost among adults,Healthcare access and quality,150,Demographic Characteristic,1,Age groups with 75 years and older,3,3,65-74 years,8,8,"Percent of population, crude",1,2020,3.2,2.7,3.8,-0.8999999999999995,1.0999999999999996
Delayed getting medical care due to cost among adults,Healthcare access and quality,150,Demographic Characteristic,1,Age groups with 75 years and older,3,3,65-74 years,8,8,"Percent of population, crude",1,2021,3.0,2.4,3.6,-0.20000000000000018,1.2000000000000002
Delayed getting medical care due to cost among adults,Healthcare access and quality,150,Demographic Characteristic,1,Age groups with 75 years and older,3,3,65-74 years,8,8,"Percent of population, crude",1,2022,3.6,2.9,4.3,0.6000000000000001,1.4
Delayed getting medical care due to cost among adults,Healthcare access and quality,150,Demographic Characteristic,1,Age groups with 75 years and older,3,3,65-74 years,8,8,"Percent of population, crude",1,2023,3.3,2.8,3.9,-0.30000000000000027,1.1
Delayed getting medical care due to cost among adults,Healthcare access and quality,150,Demographic Characteristic,1,Age groups with 75 years and older,3,3,65-74 years,8,8,"Percent of population, crude",1,2024,3.4,2.9,4.0,0.10000000000000009,1.1
Delayed getting medical care due to cost among adults,Healthcare access and quality,150,Demographic Characteristic,1,Age groups with 75 years and older,3,3,75 years and older,9,9,"Percent of population, crude",1,2019,2.5,1.9,3.3,,1.4
Delayed getting medical care due to cost among adults,Healthcare access and quality,150,Demographic Characteristic,1,Age groups with 75 years and older,3,3,75 years and older,9,9,"Percent of population, crude",1,2020,1.9,1.3,2.5,-0.6000000000000001,1.2
Delayed getting medical care due to cost among adults,Healthcare access and quality,150,Demographic Characteristic,1,Age groups with 75 years and older,3,3,75 years and older,9,9,"Percent of population, crude",1,2021,1.7,1.2,2.3,-0.19999999999999996,1.0999999999999999
Delayed getting medical care due to cost among adults,Healthcare access and quality,150,Demographic Characteristic,1,Age groups with 75 years and older,3,3,75 years and older,9,9,"Percent of population, crude",1,2022,1.5,1.0,2.0,-0.19999999999999996,1.0
Delayed getting medical care due to cost among adults,Healthcare access and quality,150,Demographic Characteristic,1,Age groups with 75 years and older,3,3,75 years and older,9,9,"Percent of population, crude",1,2023,1.3,0.9,1.8,-0.19999999999999996,0.9
Delayed getting medical care due to cost among adults,Healthcare access and quality,150,Demographic Characteristic,1,Age groups with 75 years and older,3,3,75 years and older,9,9,"Percent of population, crude",1,2024,1.6,1.2,2.1,0.30000000000000004,0.9000000000000001
Delayed getting medical care due to cost among adults,Healthcare access and quality,150,Demographic Characteristic,1,Disability status,4,4,With disability,10,10,"Percent of population, crude",1,2019,15.1,13.6,16.8,,3.200000000000001
Delayed getting medical care due to cost among adults,Healthcare access and quality,150,Demographic Characteristic,1,Disability status,4,4,With disability,10,10,"Percent of population, crude",1,2020,13.1,11.4,15.0,-2.0,3.5999999999999996
Delayed getting medical care due to cost among adults,Healthcare access and quality,150,Demographic Characteristic,1,Disability status,4,4,With disability,10,10,"Percent of population, crude",1,2021,12.3,10.9,13.9,-0.7999999999999989,3.0
Delayed getting medical care due to cost among adults,Healthcare access and quality,150,Demographic Characteristic,1,Disability status,4,4,With disability,10,10,"Percent of population, crude",1,2022,12.2,10.6,13.9,-0.10000000000000142,3.3000000000000007
Delayed getting medical care due to cost among adults,Healthcare access and quality,150,Demographic Characteristic,1,Disability status,4,4,With disability,10,10,"Percent of population, crude",1,2023,13.0,11.5,14.7,0.8000000000000007,3.1999999999999993
Delayed getting medical care due to cost among adults,Healthcare access and quality,150,Demographic Characteristic,1,Disability status,4,4,With disability,10,10,"Percent of population, crude",1,2024,14.2,12.7,15.8,1.1999999999999993,3.1000000000000014
Delayed getting medical care due to cost among adults,Healthcare access and quality,150,Demographic Characteristic,1,Disability status,4,4,Without disability,11,11,"Percent of population, crude",1,2019,8.4,8.0,8.9,,0.9000000000000004
Delayed getting medical care due to cost among adults,Healthcare access and quality,150,Demographic Characteristic,1,Disability status,4,4,Without disability,11,11,"Percent of population, crude",1,2020,7.0,6.6,7.4,-1.4000000000000004,0.8000000000000007
Delayed getting medical care due to cost among adults,Healthcare access and quality,150,Demographic Characteristic,1,Disability status,4,4,Without disability,11,11,"Percent of population, crude",1,2021,6.6,6.3,7.0,-0.40000000000000036,0.7000000000000002
Delayed getting medical care due to cost among adults,Healthcare access and quality,150,Demographic Characteristic,1,Disability status,4,4,Without disability,11,11,"Percent of population, crude",1,2022,6.5,6.1,6.9,-0.09999999999999964,0.8000000000000007
Delayed getting medical care due to cost among adults,Healthcare access and quality,150,Demographic Characteristic,1,Disability status,4,4,Without disability,11,11,"Percent of population, crude",1,2023,6.6,6.2,7.0,0.09999999999999964,0.7999999999999998
Delayed getting medical care due to cost among adults,Healthcare access and quality,150,Demographic Characteristic,1,Disability status,4,4,Without disability,11,11,"Percent of population, crude",1,2024,8.0,7.6,8.4,1.4000000000000004,0.8000000000000007
Delayed getting medical care due to cost among adults,Healthcare access and quality,150,Socioeconomic Characteristic,3,Education,17,17,College degree or higher,59,59,"Percent of population, crude",1,2019,5.2,4.7,5.8,,1.0999999999999996
Delayed getting medical care due to cost among adults,Healthcare access and quality,150,Socioeconomic Characteristic,3,Education,17,17,College degree or higher,59,59,"Percent of population, crude",1,2020,4.8,4.3,5.3,-0.40000000000000036,1.0
Delayed getting medical care due to cost among adults,Healthcare access and quality,150,Socioeconomic Characteristic,3,Education,17,17,College degree or higher,59,59,"Percent of population, crude",1,2021,5.9,5.3,6.4,1.1000000000000005,1.1000000000000005
Delayed getting medical care due to cost among adults,Healthcare access and quality,150,Socioeconomic Characteristic,3,Education,17,17,College degree or higher,59,59,"Percent of population, crude",1,2022,4.5,4.0,5.0,-1.4000000000000004,1.0
Delayed getting medical care due to cost among adults,Healthcare access and quality,150,Socioeconomic Characteristic,3,Education,17,17,College degree or higher,59,59,"Percent of population, crude",1,2023,5.0,4.5,5.5,0.5,1.0
Delayed getting medical care due to cost among adults,Healthcare access and quality,150,Socioeconomic Characteristic,3,Education,17,17,College degree or higher,59,59,"Percent of population, crude",1,2024,7.0,6.5,7.6,2.0,1.0999999999999996
Delayed getting medical care due to cost among adults,Healthcare access and quality,150,Socioeconomic Characteristic,3,Education,17,17,High school diploma or GED,57,57,"Percent of population, crude",1,2019,10.0,9.2,10.9,,1.700000000000001
Delayed getting medical care due to cost among adults,Healthcare access and quality,150,Socioeconomic Characteristic,3,Education,17,17,High school diploma or GED,57,57,"Percent of population, crude",1,2020,8.5,7.7,9.4,-1.5,1.7000000000000002
Delayed getting medical care due to cost among adults,Healthcare access and quality,150,Socioeconomic Characteristic,3,Education,17,17,High school diploma or GED,57,57,"Percent of population, crude",1,2021,7.8,7.0,8.7,-0.7000000000000002,1.6999999999999993
Delayed getting medical care due to cost among adults,Healthcare access and quality,150,Socioeconomic Characteristic,3,Education,17,17,High school diploma or GED,57,57,"Percent of population, crude",1,2022,8.3,7.4,9.2,0.5000000000000009,1.799999999999999
Delayed getting medical care due to cost among adults,Healthcare access and quality,150,Socioeconomic Characteristic,3,Education,17,17,High school diploma or GED,57,57,"Percent of population, crude",1,2023,7.9,7.1,8.8,-0.40000000000000036,1.700000000000001
Delayed getting medical care due to cost among adults,Healthcare access and quality,150,Socioeconomic Characteristic,3,Education,17,17,High school diploma or GED,57,57,"Percent of population, crude",1,2024,8.8,7.9,9.6,0.9000000000000004,1.6999999999999993
Delayed getting medical care due to cost among adults,Healthcare access and quality,150,Socioeconomic Characteristic,3,Education,17,17,No high school diploma or GED,56,56,"Percent of population, crude",1,2019,13.9,12.3,15.7,,3.3999999999999986
Delayed getting medical care due to cost among adults,Healthcare access and quality,150,Socioeconomic Characteristic,3,Education,17,17,No high school diploma or GED,56,56,"Percent of population, crude",1,2020,11.8,9.8,13.9,-2.0999999999999996,4.1
Delayed getting medical care due to cost among adults,Healthcare access and quality,150,Socioeconomic Characteristic,3,Education,17,17,No high school diploma or GED,56,56,"Percent of population, crude",1,2021,9.0,7.6,10.5,-2.8000000000000007,2.9000000000000004
Delayed getting medical care due to cost among adults,Healthcare access and quality,150,Socioeconomic Characteristic,3,Education,17,17,No high school diploma or GED,56,56,"Percent of population, crude",1,2022,11.5,10.0,13.3,2.5,3.3000000000000007
Delayed getting medical care due to cost among adults,Healthcare access and quality,150,Socioeconomic Characteristic,3,Education,17,17,No high school diploma or GED,56,56,"Percent of population, crude",1,2023,10.6,9.1,12.3,-0.9000000000000004,3.200000000000001
Delayed getting medical care due to cost among adults,Healthcare access and quality,150,Socioeconomic Characteristic,3,Education,17,17,No high school diploma or GED,56,56,"Percent of population, crude",1,2024,10.4,8.8,12.2,-0.1999999999999993,3.3999999999999986
Delayed getting medical care due to cost among adults,Healthcare access and quality,150,Socioeconomic Characteristic,3,Education,17,17,Some college,58,58,"Percent of population, crude",1,2019,10.1,9.3,11.0,,1.6999999999999993
Delayed getting medical care due to cost among adults,Healthcare access and quality,150,Socioeconomic Characteristic,3,Education,17,17,Some college,58,58,"Percent of population, crude",1,2020,7.8,7.1,8.6,-2.3,1.5
Delayed getting medical care due to cost among adults,Healthcare access and quality,150,Socioeconomic Characteristic,3,Education,17,17,Some college,58,58,"Percent of population, crude",1,2021,8.4,7.7,9.2,0.6000000000000005,1.4999999999999991
Delayed getting medical care due to cost among adults,Healthcare access and quality,150,Socioeconomic Characteristic,3,Education,17,17,Some college,58,58,"Percent of population, crude",1,2022,7.3,6.6,8.1,-1.1000000000000005,1.5
Delayed getting medical care due to cost among adults,Healthcare access and quality,150,Socioeconomic Characteristic,3,Education,17,17,Some college,58,58,"Percent of population, crude",1,2023,8.2,7.5,9.0,0.8999999999999995,1.5
Delayed getting medical care due to cost among adults,Healthcare access and quality,150,Socioeconomic Characteristic,3,Education,17,17,Some college,58,58,"Percent of population, crude",1,2024,9.9,9.1,10.8,1.700000000000001,1.700000000000001
Delayed getting medical care due to cost among adults,Healthcare access and quality,150,Socioeconomic Characteristic,3,Employment status,18,18,Employed,60,60,"Percent of population, crude",1,2019,9.4,8.9,10.0,,1.0999999999999996
Delayed getting medical care due to cost among adults,Healthcare access and quality,150,Socioeconomic Characteristic,3,Employment status,18,18,Employed,60,60,"Percent of population, crude",1,2020,7.8,7.3,8.3,-1.6000000000000005,1.0000000000000009
Delayed getting medical care due to cost among adults,Healthcare access and quality,150,Socioeconomic Characteristic,3,Employment status,18,18,Employed,60,60,"Percent of population, crude",1,2021,7.4,6.9,7.9,-0.39999999999999947,1.0
Delayed getting medical care due to cost among adults,Healthcare access and quality,150,Socioeconomic Characteristic,3,Employment status,18,18,Employed,60,60,"Percent of population, crude",1,2022,7.5,7.0,8.1,0.09999999999999964,1.0999999999999996
Delayed getting medical care due to cost among adults,Healthcare access and quality,150,Socioeconomic Characteristic,3,Employment status,18,18,Employed,60,60,"Percent of population, crude",1,2023,7.8,7.3,8.3,0.2999999999999998,1.0000000000000009
Delayed getting medical care due to cost among adults,Healthcare access and quality,150,Socioeconomic Characteristic,3,Employment status,18,18,Employed,60,60,"Percent of population, crude",1,2024,9.6,9.0,10.2,1.7999999999999998,1.1999999999999993
Delayed getting medical care due to cost among adults,Healthcare access and quality,150,Socioeconomic Characteristic,3,Employment status,18,18,Employed - Full-time,61,61,"Percent of population, crude",1,2019,9.3,8.7,10.0,,1.3000000000000007
Delayed getting medical care due to cost among adults,Healthcare access and quality,150,Socioeconomic Characteristic,3,Employment status,18,18,Employed - Full-time,61,61,"Percent of population, crude",1,2020,7.4,6.9,7.9,-1.9000000000000004,1.0
Delayed getting medical care due to cost among adults,Healthcare access and quality,150,Socioeconomic Characteristic,3,Employment status,18,18,Employed - Full-time,61,61,"Percent of population, crude",1,2021,7.2,6.7,7.8,-0.20000000000000018,1.0999999999999996
Delayed getting medical care due to cost among adults,Healthcare access and quality,150,Socioeconomic Characteristic,3,Employment status,18,18,Employed - Full-time,61,61,"Percent of population, crude",1,2022,7.4,6.9,8.0,0.20000000000000018,1.0999999999999996
Delayed getting medical care due to cost among adults,Healthcare access and quality,150,Socioeconomic Characteristic,3,Employment status,18,18,Employed - Full-time,61,61,"Percent of population, crude",1,2023,7.5,7.0,8.1,0.09999999999999964,1.0999999999999996
Delayed getting medical care due to cost among adults,Healthcare access and quality,150,Socioeconomic Characteristic,3,Employment status,18,18,Employed - Full-time,61,61,"Percent of population, crude",1,2024,9.4,8.8,10.0,1.9000000000000004,1.1999999999999993
Delayed getting medical care due to cost among adults,Healthcare access and quality,150,Socioeconomic Characteristic,3,Employment status,18,18,Employed - Part-time,62,62,"Percent of population, crude",1,2019,9.8,8.5,11.2,,2.6999999999999993
Delayed getting medical care due to cost among adults,Healthcare access and quality,150,Socioeconomic Characteristic,3,Employment status,18,18,Employed - Part-time,62,62,"Percent of population, crude",1,2020,9.3,8.0,10.8,-0.5,2.8000000000000007
Delayed getting medical care due to cost among adults,Healthcare access and quality,150,Socioeconomic Characteristic,3,Employment status,18,18,Employed - Part-time,62,62,"Percent of population, crude",1,2021,8.1,6.9,9.4,-1.200000000000001,2.5
Delayed getting medical care due to cost among adults,Healthcare access and quality,150,Socioeconomic Characteristic,3,Employment status,18,18,Employed - Part-time,62,62,"Percent of population, crude",1,2022,8.0,6.8,9.3,-0.09999999999999964,2.500000000000001
Delayed getting medical care due to cost among adults,Healthcare access and quality,150,Socioeconomic Characteristic,3,Employment status,18,18,Employed - Part-time,62,62,"Percent of population, crude",1,2023,8.8,7.6,10.1,0.8000000000000007,2.5
Delayed getting medical care due to cost among adults,Healthcare access and quality,150,Socioeconomic Characteristic,3,Employment status,18,18,Employed - Part-time,62,62,"Percent of population, crude",1,2024,10.6,9.3,11.9,1.799999999999999,2.5999999999999996
Delayed getting medical care due to cost among adults,Healthcare access and quality,150,Socioeconomic Characteristic,3,Employment status,18,18,Not employed,63,63,"Percent of population, crude",1,2019,8.2,7.6,8.9,,1.3000000000000007
Delayed getting medical care due to cost among adults,Healthcare access and quality,150,Socioeconomic Characteristic,3,Employment status,18,18,Not employed,63,63,"Percent of population, crude",1,2020,7.1,6.4,7.9,-1.0999999999999996,1.5
Delayed getting medical care due to cost among adults,Healthcare access and quality,150,Socioeconomic Characteristic,3,Employment status,18,18,Not employed,63,63,"Percent of population, crude",1,2021,6.6,6.1,7.2,-0.5,1.1000000000000005
Delayed getting medical care due to cost among adults,Healthcare access and quality,150,Socioeconomic Characteristic,3,Employment status,18,18,Not employed,63,63,"Percent of population, crude",1,2022,6.0,5.4,6.6,-0.5999999999999996,1.1999999999999993
Delayed getting medical care due to cost among adults,Healthcare access and quality,150,Socioeconomic Characteristic,3,Employment status,18,18,Not employed,63,63,"Percent of population, crude",1,2023,6.2,5.6,6.8,0.20000000000000018,1.2000000000000002
Delayed getting medical care due to cost among adults,Healthcare access and quality,150,Socioeconomic Characteristic,3,Employment status,18,18,Not employed,63,63,"Percent of population, crude",1,2024,6.9,6.3,7.5,0.7000000000000002,1.2000000000000002
Delayed getting medical care due to cost among adults,Healthcare access and quality,150,Socioeconomic Characteristic,3,Employment status,18,18,Not employed - Has never worked,65,65,"Percent of population, crude",1,2019,6.4,4.2,9.2,,4.999999999999999
Delayed getting medical care due to cost among adults,Healthcare access and quality,150,Socioeconomic Characteristic,3,Employment status,18,18,Not employed - Has never worked,65,65,"Percent of population, crude",1,2020,8.4,5.0,13.0,2.0,8.0
Delayed getting medical care due to cost among adults,Healthcare access and quality,150,Socioeconomic Characteristic,3,Employment status,18,18,Not employed - Has never worked,65,65,"Percent of population, crude",1,2021,4.0,2.2,6.6,-4.4,4.3999999999999995
Delayed getting medical care due to cost among adults,Healthcare access and quality,150,Socioeconomic Characteristic,3,Employment status,18,18,Not employed - Has never worked,65,65,"Percent of population, crude",1,2022,4.0,2.0,7.0,0.0,5.0
Delayed getting medical care due to cost among adults,Healthcare access and quality,150,Socioeconomic Characteristic,3,Employment status,18,18,Not employed - Has never worked,65,65,"Percent of population, crude",1,2023,2.8,1.4,5.0,-1.2000000000000002,3.6
Delayed getting medical care due to cost among adults,Healthcare access and quality,150,Socioeconomic Characteristic,3,Employment status,18,18,Not employed - Has never worked,65,65,"Percent of population, crude",1,2024,4.0,2.1,6.9,1.2000000000000002,4.800000000000001
Delayed getting medical care due to cost among adults,Healthcare access and quality,150,Socioeconomic Characteristic,3,Employment status,18,18,Not employed - Has worked previously,64,64,"Percent of population, crude",1,2019,8.4,7.7,9.1,,1.3999999999999995
Delayed getting medical care due to cost among adults,Healthcare access and quality,150,Socioeconomic Characteristic,3,Employment status,18,18,Not employed - Has worked previously,64,64,"Percent of population, crude",1,2020,7.0,6.3,7.8,-1.4000000000000004,1.5
Delayed getting medical care due to cost among adults,Healthcare access and quality,150,Socioeconomic Characteristic,3,Employment status,18,18,Not employed - Has worked previously,64,64,"Percent of population, crude",1,2021,6.8,6.2,7.5,-0.20000000000000018,1.2999999999999998
Delayed getting medical care due to cost among adults,Healthcare access and quality,150,Socioeconomic Characteristic,3,Employment status,18,18,Not employed - Has worked previously,64,64,"Percent of population, crude",1,2022,6.1,5.5,6.7,-0.7000000000000002,1.2000000000000002
Delayed getting medical care due to cost among adults,Healthcare access and quality,150,Socioeconomic Characteristic,3,Employment status,18,18,Not employed - Has worked previously,64,64,"Percent of population, crude",1,2023,6.5,5.8,7.1,0.40000000000000036,1.2999999999999998
Delayed getting medical care due to cost among adults,Healthcare access and quality,150,Socioeconomic Characteristic,3,Employment status,18,18,Not employed - Has worked previously,64,64,"Percent of population, crude",1,2024,7.1,6.5,7.8,0.5999999999999996,1.2999999999999998
Delayed getting medical care due to cost among adults,Healthcare access and quality,150,Demographic Characteristic,1,Functioning difficulties status,5,5,With functioning difficulties,12,12,"Percent of population, crude",1,2019,12.2,11.5,13.0,,1.5
Delayed getting medical care due to cost among adults,Healthcare access and quality,150,Demographic Characteristic,1,Functioning difficulties status,5,5,With functioning difficulties,12,12,"Percent of population, crude",1,2020,10.7,9.9,11.4,-1.5,1.5
Delayed getting medical care due to cost among adults,Healthcare access and quality,150,Demographic Characteristic,1,Functioning difficulties status,5,5,With functioning difficulties,12,12,"Percent of population, crude",1,2021,10.0,9.4,10.7,-0.6999999999999993,1.299999999999999
Delayed getting medical care due to cost among adults,Healthcare access and quality,150,Demographic Characteristic,1,Functioning difficulties status,5,5,With functioning difficulties,12,12,"Percent of population, crude",1,2022,9.9,9.2,10.6,-0.09999999999999964,1.4000000000000004
Delayed getting medical care due to cost among adults,Healthcare access and quality,150,Demographic Characteristic,1,Functioning difficulties status,5,5,With functioning difficulties,12,12,"Percent of population, crude",1,2023,10.0,9.4,10.7,0.09999999999999964,1.299999999999999
Delayed getting medical care due to cost among adults,Healthcare access and quality,150,Demographic Characteristic,1,Functioning difficulties status,5,5,With functioning difficulties,12,12,"Percent of population, crude",1,2024,11.6,10.9,12.2,1.5999999999999996,1.299999999999999
Delayed getting medical care due to cost among adults,Healthcare access and quality,150,Demographic Characteristic,1,Functioning difficulties status,5,5,Without functioning difficulties,13,13,"Percent of population, crude",1,2019,6.8,6.4,7.3,,0.8999999999999995
Delayed getting medical care due to cost among adults,Healthcare access and quality,150,Demographic Characteristic,1,Functioning difficulties status,5,5,Without functioning difficulties,13,13,"Percent of population, crude",1,2020,5.3,4.8,5.8,-1.5,1.0
Delayed getting medical care due to cost among adults,Healthcare access and quality,150,Demographic Characteristic,1,Functioning difficulties status,5,5,Without functioning difficulties,13,13,"Percent of population, crude",1,2021,4.9,4.5,5.4,-0.39999999999999947,0.9000000000000004
Delayed getting medical care due to cost among adults,Healthcare access and quality,150,Demographic Characteristic,1,Functioning difficulties status,5,5,Without functioning difficulties,13,13,"Percent of population, crude",1,2022,4.7,4.3,5.1,-0.20000000000000018,0.7999999999999998
Delayed getting medical care due to cost among adults,Healthcare access and quality,150,Demographic Characteristic,1,Functioning difficulties status,5,5,Without functioning difficulties,13,13,"Percent of population, crude",1,2023,4.9,4.5,5.3,0.20000000000000018,0.7999999999999998
Delayed getting medical care due to cost among adults,Healthcare access and quality,150,Demographic Characteristic,1,Functioning difficulties status,5,5,Without functioning difficulties,13,13,"Percent of population, crude",1,2024,6.0,5.5,6.5,1.0999999999999996,1.0
Delayed getting medical care due to cost among adults,Healthcare access and quality,150,Socioeconomic Characteristic,3,Health insurance coverage: 65 years and older,19,19,Medicare Advantage,68,68,"Percent of population, crude",1,2019,3.2,2.5,4.1,,1.5999999999999996
Delayed getting medical care due to cost among adults,Healthcare access and quality,150,Socioeconomic Characteristic,3,Health insurance coverage: 65 years and older,19,19,Medicare Advantage,68,68,"Percent of population, crude",1,2020,2.1,1.6,2.8,-1.1,1.1999999999999997
Delayed getting medical care due to cost among adults,Healthcare access and quality,150,Socioeconomic Characteristic,3,Health insurance coverage: 65 years and older,19,19,Medicare Advantage,68,68,"Percent of population, crude",1,2021,2.7,2.0,3.6,0.6000000000000001,1.6
Delayed getting medical care due to cost among adults,Healthcare access and quality,150,Socioeconomic Characteristic,3,Health insurance coverage: 65 years and older,19,19,Medicare Advantage,68,68,"Percent of population, crude",1,2022,2.4,1.8,3.1,-0.30000000000000027,1.3
Delayed getting medical care due to cost among adults,Healthcare access and quality,150,Socioeconomic Characteristic,3,Health insurance coverage: 65 years and older,19,19,Medicare Advantage,68,68,"Percent of population, crude",1,2023,2.5,2.0,3.2,0.10000000000000009,1.2000000000000002
Delayed getting medical care due to cost among adults,Healthcare access and quality,150,Socioeconomic Characteristic,3,Health insurance coverage: 65 years and older,19,19,Medicare Advantage,68,68,"Percent of population, crude",1,2024,2.5,1.9,3.2,0.0,1.3000000000000003
Delayed getting medical care due to cost among adults,Healthcare access and quality,150,Socioeconomic Characteristic,3,Health insurance coverage: 65 years and older,19,19,Medicare and Medicaid,67,67,"Percent of population, crude",1,2019,3.2,1.7,5.3,,3.5999999999999996
Delayed getting medical care due to cost among adults,Healthcare access and quality,150,Socioeconomic Characteristic,3,Health insurance coverage: 65 years and older,19,19,Medicare and Medicaid,67,67,"Percent of population, crude",1,2020,3.5,1.9,5.9,0.2999999999999998,4.0
Delayed getting medical care due to cost among adults,Healthcare access and quality,150,Socioeconomic Characteristic,3,Health insurance coverage: 65 years and older,19,19,Medicare and Medicaid,67,67,"Percent of population, crude",1,2021,2.9,1.5,5.1,-0.6000000000000001,3.5999999999999996
Delayed getting medical care due to cost among adults,Healthcare access and quality,150,Socioeconomic Characteristic,3,Health insurance coverage: 65 years and older,19,19,Medicare and Medicaid,67,67,"Percent of population, crude",1,2022,2.1,1.1,3.5,-0.7999999999999998,2.4
Delayed getting medical care due to cost among adults,Healthcare access and quality,150,Socioeconomic Characteristic,3,Health insurance coverage: 65 years and older,19,19,Medicare and Medicaid,67,67,"Percent of population, crude",1,2023,3.0,1.7,4.7,0.8999999999999999,3.0
Delayed getting medical care due to cost among adults,Healthcare access and quality,150,Socioeconomic Characteristic,3,Health insurance coverage: 65 years and older,19,19,Medicare and Medicaid,67,67,"Percent of population, crude",1,2024,2.3,1.4,3.5,-0.7000000000000002,2.1
Delayed getting medical care due to cost among adults,Healthcare access and quality,150,Socioeconomic Characteristic,3,Health insurance coverage: 65 years and older,19,19,Medicare only excluding Medicare Advantage,69,69,"Percent of population, crude",1,2019,5.3,3.7,7.4,,3.7
Delayed getting medical care due to cost among adults,Healthcare access and quality,150,Socioeconomic Characteristic,3,Health insurance coverage: 65 years and older,19,19,Medicare only excluding Medicare Advantage,69,69,"Percent of population, crude",1,2020,6.3,4.6,8.4,1.0,3.8000000000000007
Delayed getting medical care due to cost among adults,Healthcare access and quality,150,Socioeconomic Characteristic,3,Health insurance coverage: 65 years and older,19,19,Medicare only excluding Medicare Advantage,69,69,"Percent of population, crude",1,2021,4.7,3.4,6.3,-1.5999999999999996,2.9
Delayed getting medical care due to cost among adults,Healthcare access and quality,150,Socioeconomic Characteristic,3,Health insurance coverage: 65 years and older,19,19,Medicare only excluding Medicare Advantage,69,69,"Percent of population, crude",1,2022,5.5,3.5,8.2,0.7999999999999998,4.699999999999999
Delayed getting medical care due to cost among adults,Healthcare access and quality,150,Socioeconomic Characteristic,3,Health insurance coverage: 65 years and older,19,19,Medicare only excluding Medicare Advantage,69,69,"Percent of population, crude",1,2023,4.2,3.0,5.8,-1.2999999999999998,2.8
Delayed getting medical care due to cost among adults,Healthcare access and quality,150,Socioeconomic Characteristic,3,Health insurance coverage: 65 years and older,19,19,Medicare only excluding Medicare Advantage,69,69,"Percent of population, crude",1,2024,2.7,1.9,3.8,-1.5,1.9
Delayed getting medical care due to cost among adults,Healthcare access and quality,150,Socioeconomic Characteristic,3,Health insurance coverage: 65 years and older,19,19,Other government coverage,70,70,"Percent of population, crude",1,2019,3.5,1.9,5.8,,3.9
Delayed getting medical care due to cost among adults,Healthcare access and quality,150,Socioeconomic Characteristic,3,Health insurance coverage: 65 years and older,19,19,Other government coverage,70,70,"Percent of population, crude",1,2020,2.0,0.9,3.6,-1.5,2.7
Delayed getting medical care due to cost among adults,Healthcare access and quality,150,Socioeconomic Characteristic,3,Health insurance coverage: 65 years and older,19,19,Other government coverage,70,70,"Percent of population, crude",1,2021,1.5,0.7,2.7,-0.5,2.0
Delayed getting medical care due to cost among adults,Healthcare access and quality,150,Socioeconomic Characteristic,3,Health insurance coverage: 65 years and older,19,19,Other government coverage,70,70,"Percent of population, crude",1,2022,2.3,1.2,3.9,0.7999999999999998,2.7
Delayed getting medical care due to cost among adults,Healthcare access and quality,150,Socioeconomic Characteristic,3,Health insurance coverage: 65 years and older,19,19,Other government coverage,70,70,"Percent of population, crude",1,2023,1.2,0.6,2.3,-1.0999999999999999,1.6999999999999997
Delayed getting medical care due to cost among adults,Healthcare access and quality,150,Socioeconomic Characteristic,3,Health insurance coverage: 65 years and older,19,19,Other government coverage,70,70,"Percent of population, crude",1,2024,2.2,1.1,3.9,1.0000000000000002,2.8
Delayed getting medical care due to cost among adults,Healthcare access and quality,150,Socioeconomic Characteristic,3,Health insurance coverage: 65 years and older,19,19,Private,66,66,"Percent of population, crude",1,2019,2.2,1.6,2.9,,1.2999999999999998
Delayed getting medical care due to cost among adults,Healthcare access and quality,150,Socioeconomic Characteristic,3,Health insurance coverage: 65 years and older,19,19,Private,66,66,"Percent of population, crude",1,2020,1.5,1.1,2.1,-0.7000000000000002,1.0
Delayed getting medical care due to cost among adults,Healthcare access and quality,150,Socioeconomic Characteristic,3,Health insurance coverage: 65 years and older,19,19,Private,66,66,"Percent of population, crude",1,2021,1.5,1.0,2.0,0.0,1.0
Delayed getting medical care due to cost among adults,Healthcare access and quality,150,Socioeconomic Characteristic,3,Health insurance coverage: 65 years and older,19,19,Private,66,66,"Percent of population, crude",1,2022,2.0,1.4,2.6,0.5,1.2000000000000002
Delayed getting medical care due to cost among adults,Healthcare access and quality,150,Socioeconomic Characteristic,3,Health insurance coverage: 65 years and older,19,19,Private,66,66,"Percent of population, crude",1,2023,1.7,1.3,2.3,-0.30000000000000004,0.9999999999999998
Delayed getting medical care due to cost among adults,Healthcare access and quality,150,Socioeconomic Characteristic,3,Health insurance coverage: 65 years and older,19,19,Private,66,66,"Percent of population, crude",1,2024,2.4,1.9,3.1,0.7,1.2000000000000002
Delayed getting medical care due to cost among adults,Healthcare access and quality,150,Socioeconomic Characteristic,3,Health insurance coverage: 65 years and older,19,19,Uninsured,71,71,"Percent of population, crude",1,2023,20.3,9.7,35.1,,25.400000000000002
Delayed getting medical care due to cost among adults,Healthcare access and quality,150,Socioeconomic Characteristic,3,Health insurance coverage: Younger than 65 years,20,20,Medicaid or other state programs,73,73,"Percent of population, crude",1,2019,8.9,7.6,10.2,,2.5999999999999996
Delayed getting medical care due to cost among adults,Healthcare access and quality,150,Socioeconomic Characteristic,3,Health insurance coverage: Younger than 65 years,20,20,Medicaid or other state programs,73,73,"Percent of population, crude",1,2020,7.3,6.1,8.8,-1.6000000000000005,2.700000000000001
Delayed getting medical care due to cost among adults,Healthcare access and quality,150,Socioeconomic Characteristic,3,Health insurance coverage: Younger than 65 years,20,20,Medicaid or other state programs,73,73,"Percent of population, crude",1,2021,5.4,4.6,6.4,-1.8999999999999995,1.8000000000000007
Delayed getting medical care due to cost among adults,Healthcare access and quality,150,Socioeconomic Characteristic,3,Health insurance coverage: Younger than 65 years,20,20,Medicaid or other state programs,73,73,"Percent of population, crude",1,2022,6.6,5.6,7.8,1.1999999999999993,2.2
Delayed getting medical care due to cost among adults,Healthcare access and quality,150,Socioeconomic Characteristic,3,Health insurance coverage: Younger than 65 years,20,20,Medicaid or other state programs,73,73,"Percent of population, crude",1,2023,7.1,5.9,8.3,0.5,2.4000000000000004
Delayed getting medical care due to cost among adults,Healthcare access and quality,150,Socioeconomic Characteristic,3,Health insurance coverage: Younger than 65 years,20,20,Medicaid or other state programs,73,73,"Percent of population, crude",1,2024,6.5,5.4,7.6,-0.5999999999999996,2.1999999999999993
Delayed getting medical care due to cost among adults,Healthcare access and quality,150,Socioeconomic Characteristic,3,Health insurance coverage: Younger than 65 years,20,20,Other government coverage,74,74,"Percent of population, crude",1,2019,10.4,8.4,12.8,,4.4
Delayed getting medical care due to cost among adults,Healthcare access and quality,150,Socioeconomic Characteristic,3,Health insurance coverage: Younger than 65 years,20,20,Other government coverage,74,74,"Percent of population, crude",1,2020,8.8,7.0,11.0,-1.5999999999999996,4.0
Delayed getting medical care due to cost among adults,Healthcare access and quality,150,Socioeconomic Characteristic,3,Health insurance coverage: Younger than 65 years,20,20,Other government coverage,74,74,"Percent of population, crude",1,2021,8.3,6.1,10.9,-0.5,4.800000000000001
Delayed getting medical care due to cost among adults,Healthcare access and quality,150,Socioeconomic Characteristic,3,Health insurance coverage: Younger than 65 years,20,20,Other government coverage,74,74,"Percent of population, crude",1,2022,7.7,5.9,9.9,-0.6000000000000005,4.0
Delayed getting medical care due to cost among adults,Healthcare access and quality,150,Socioeconomic Characteristic,3,Health insurance coverage: Younger than 65 years,20,20,Other government coverage,74,74,"Percent of population, crude",1,2023,9.1,6.7,11.9,1.3999999999999995,5.2
Delayed getting medical care due to cost among adults,Healthcare access and quality,150,Socioeconomic Characteristic,3,Health insurance coverage: Younger than 65 years,20,20,Other government coverage,74,74,"Percent of population, crude",1,2024,10.1,8.0,12.7,1.0,4.699999999999999
Delayed getting medical care due to cost among adults,Healthcare access and quality,150,Socioeconomic Characteristic,3,Health insurance coverage: Younger than 65 years,20,20,Private,72,72,"Percent of population, crude",1,2019,6.3,5.8,6.8,,1.0
Delayed getting medical care due to cost among adults,Healthcare access and quality,150,Socioeconomic Characteristic,3,Health insurance coverage: Younger than 65 years,20,20,Private,72,72,"Percent of population, crude",1,2020,5.6,5.2,6.1,-0.7000000000000002,0.8999999999999995
Delayed getting medical care due to cost among adults,Healthcare access and quality,150,Socioeconomic Characteristic,3,Health insurance coverage: Younger than 65 years,20,20,Private,72,72,"Percent of population, crude",1,2021,6.6,6.2,7.1,1.0,0.8999999999999995
Delayed getting medical care due to cost among adults,Healthcare access and quality,150,Socioeconomic Characteristic,3,Health insurance coverage: Younger than 65 years,20,20,Private,72,72,"Percent of population, crude",1,2022,5.7,5.2,6.2,-0.8999999999999995,1.0
Delayed getting medical care due to cost among adults,Healthcare access and quality,150,Socioeconomic Characteristic,3,Health insurance coverage: Younger than 65 years,20,20,Private,72,72,"Percent of population, crude",1,2023,6.3,5.9,6.8,0.5999999999999996,0.8999999999999995
Delayed getting medical care due to cost among adults,Healthcare access and quality,150,Socioeconomic Characteristic,3,Health insurance coverage: Younger than 65 years,20,20,Private,72,72,"Percent of population, crude",1,2024,8.4,7.9,9.0,2.1000000000000005,1.0999999999999996
Delayed getting medical care due to cost among adults,Healthcare access and quality,150,Socioeconomic Characteristic,3,Health insurance coverage: Younger than 65 years,20,20,Uninsured,75,75,"Percent of population, crude",1,2019,32.1,30.0,34.3,,4.299999999999997
Delayed getting medical care due to cost among adults,Healthcare access and quality,150,Socioeconomic Characteristic,3,Health insurance coverage: Younger than 65 years,20,20,Uninsured,75,75,"Percent of population, crude",1,2020,26.2,23.7,28.8,-5.900000000000002,5.100000000000001
Delayed getting medical care due to cost among adults,Healthcare access and quality,150,Socioeconomic Characteristic,3,Health insurance coverage: Younger than 65 years,20,20,Uninsured,75,75,"Percent of population, crude",1,2021,22.2,20.2,24.3,-4.0,4.100000000000001
Delayed getting medical care due to cost among adults,Healthcare access and quality,150,Socioeconomic Characteristic,3,Health insurance coverage: Younger than 65 years,20,20,Uninsured,75,75,"Percent of population, crude",1,2022,24.8,22.7,27.1,2.6000000000000014,4.400000000000002
Delayed getting medical care due to cost among adults,Healthcare access and quality,150,Socioeconomic Characteristic,3,Health insurance coverage: Younger than 65 years,20,20,Uninsured,75,75,"Percent of population, crude",1,2023,24.7,22.4,27.2,-0.10000000000000142,4.800000000000001
Delayed getting medical care due to cost among adults,Healthcare access and quality,150,Socioeconomic Characteristic,3,Health insurance coverage: Younger than 65 years,20,20,Uninsured,75,75,"Percent of population, crude",1,2024,26.8,24.6,29.1,2.1000000000000014,4.5
Delayed getting medical care due to cost among adults,Healthcare access and quality,150,Demographic Characteristic,1,Marital status,6,6,Divorced or separated,15,15,"Percent of population, crude",1,2019,14.0,12.7,15.5,,2.8000000000000007
Delayed getting medical care due to cost among adults,Healthcare access and quality,150,Demographic Characteristic,1,Marital status,6,6,Divorced or separated,15,15,"Percent of population, crude",1,2020,11.2,10.0,12.6,-2.8000000000000007,2.5999999999999996
Delayed getting medical care due to cost among adults,Healthcare access and quality,150,Demographic Characteristic,1,Marital status,6,6,Divorced or separated,15,15,"Percent of population, crude",1,2021,9.6,8.6,10.8,-1.5999999999999996,2.200000000000001
Delayed getting medical care due to cost among adults,Healthcare access and quality,150,Demographic Characteristic,1,Marital status,6,6,Divorced or separated,15,15,"Percent of population, crude",1,2022,8.9,7.9,10.1,-0.6999999999999993,2.1999999999999993
Delayed getting medical care due to cost among adults,Healthcare access and quality,150,Demographic Characteristic,1,Marital status,6,6,Divorced or separated,15,15,"Percent of population, crude",1,2023,9.6,8.5,10.8,0.6999999999999993,2.3000000000000007
Delayed getting medical care due to cost among adults,Healthcare access and quality,150,Demographic Characteristic,1,Marital status,6,6,Divorced or separated,15,15,"Percent of population, crude",1,2024,10.9,9.7,12.2,1.3000000000000007,2.5
Delayed getting medical care due to cost among adults,Healthcare access and quality,150,Demographic Characteristic,1,Marital status,6,6,Living with a partner,17,17,"Percent of population, crude",1,2019,16.0,14.2,17.9,,3.6999999999999993
Delayed getting medical care due to cost among adults,Healthcare access and quality,150,Demographic Characteristic,1,Marital status,6,6,Living with a partner,17,17,"Percent of population, crude",1,2020,13.6,11.7,15.7,-2.4000000000000004,4.0
Delayed getting medical care due to cost among adults,Healthcare access and quality,150,Demographic Characteristic,1,Marital status,6,6,Living with a partner,17,17,"Percent of population, crude",1,2021,12.1,10.4,14.1,-1.5,3.6999999999999993
Delayed getting medical care due to cost among adults,Healthcare access and quality,150,Demographic Characteristic,1,Marital status,6,6,Living with a partner,17,17,"Percent of population, crude",1,2022,11.8,10.1,13.7,-0.29999999999999893,3.5999999999999996
Delayed getting medical care due to cost among adults,Healthcare access and quality,150,Demographic Characteristic,1,Marital status,6,6,Living with a partner,17,17,"Percent of population, crude",1,2023,11.3,9.7,13.1,-0.5,3.4000000000000004
Delayed getting medical care due to cost among adults,Healthcare access and quality,150,Demographic Characteristic,1,Marital status,6,6,Living with a partner,17,17,"Percent of population, crude",1,2024,13.1,11.5,14.9,1.799999999999999,3.4000000000000004
Delayed getting medical care due to cost among adults,Healthcare access and quality,150,Demographic Characteristic,1,Marital status,6,6,Married,14,14,"Percent of population, crude",1,2019,7.2,6.7,7.8,,1.0999999999999996
Delayed getting medical care due to cost among adults,Healthcare access and quality,150,Demographic Characteristic,1,Marital status,6,6,Married,14,14,"Percent of population, crude",1,2020,5.9,5.4,6.4,-1.2999999999999998,1.0
Delayed getting medical care due to cost among adults,Healthcare access and quality,150,Demographic Characteristic,1,Marital status,6,6,Married,14,14,"Percent of population, crude",1,2021,6.0,5.5,6.5,0.09999999999999964,1.0
Delayed getting medical care due to cost among adults,Healthcare access and quality,150,Demographic Characteristic,1,Marital status,6,6,Married,14,14,"Percent of population, crude",1,2022,5.3,4.8,5.8,-0.7000000000000002,1.0
Delayed getting medical care due to cost among adults,Healthcare access and quality,150,Demographic Characteristic,1,Marital status,6,6,Married,14,14,"Percent of population, crude",1,2023,6.1,5.6,6.6,0.7999999999999998,1.0
Delayed getting medical care due to cost among adults,Healthcare access and quality,150,Demographic Characteristic,1,Marital status,6,6,Married,14,14,"Percent of population, crude",1,2024,7.5,7.0,8.1,1.4000000000000004,1.0999999999999996
Delayed getting medical care due to cost among adults,Healthcare access and quality,150,Demographic Characteristic,1,Marital status,6,6,Never married,18,18,"Percent of population, crude",1,2019,9.0,8.1,10.0,,1.9000000000000004
Delayed getting medical care due to cost among adults,Healthcare access and quality,150,Demographic Characteristic,1,Marital status,6,6,Never married,18,18,"Percent of population, crude",1,2020,7.9,7.0,8.9,-1.0999999999999996,1.9000000000000004
Delayed getting medical care due to cost among adults,Healthcare access and quality,150,Demographic Characteristic,1,Marital status,6,6,Never married,18,18,"Percent of population, crude",1,2021,7.4,6.6,8.3,-0.5,1.700000000000001
Delayed getting medical care due to cost among adults,Healthcare access and quality,150,Demographic Characteristic,1,Marital status,6,6,Never married,18,18,"Percent of population, crude",1,2022,8.3,7.5,9.2,0.9000000000000004,1.6999999999999993
Delayed getting medical care due to cost among adults,Healthcare access and quality,150,Demographic Characteristic,1,Marital status,6,6,Never married,18,18,"Percent of population, crude",1,2023,7.9,7.1,8.9,-0.40000000000000036,1.8000000000000007
Delayed getting medical care due to cost among adults,Healthcare access and quality,150,Demographic Characteristic,1,Marital status,6,6,Never married,18,18,"Percent of population, crude",1,2024,9.5,8.5,10.4,1.5999999999999996,1.9000000000000004
Delayed getting medical care due to cost among adults,Healthcare access and quality,150,Demographic Characteristic,1,Marital status,6,6,Widowed,16,16,"Percent of population, crude",1,2019,5.0,4.1,6.1,,2.0
Delayed getting medical care due to cost among adults,Healthcare access and quality,150,Demographic Characteristic,1,Marital status,6,6,Widowed,16,16,"Percent of population, crude",1,2020,4.6,3.5,5.9,-0.40000000000000036,2.4000000000000004
Delayed getting medical care due to cost among adults,Healthcare access and quality,150,Demographic Characteristic,1,Marital status,6,6,Widowed,16,16,"Percent of population, crude",1,2021,4.1,3.3,5.0,-0.5,1.7000000000000002
Delayed getting medical care due to cost among adults,Healthcare access and quality,150,Demographic Characteristic,1,Marital status,6,6,Widowed,16,16,"Percent of population, crude",1,2022,5.3,4.1,6.8,1.2000000000000002,2.7
Delayed getting medical care due to cost among adults,Healthcare access and quality,150,Demographic Characteristic,1,Marital status,6,6,Widowed,16,16,"Percent of population, crude",1,2023,4.0,3.2,5.0,-1.2999999999999998,1.7999999999999998
Delayed getting medical care due to cost among adults,Healthcare access and quality,150,Demographic Characteristic,1,Marital status,6,6,Widowed,16,16,"Percent of population, crude",1,2024,4.6,3.7,5.7,0.5999999999999996,2.0
Delayed getting medical care due to cost among adults,Healthcare access and quality,150,Geographic Characteristic,2,Metropolitan statistical area,13,13,Large MSA,41,41,"Percent of population, crude",1,2019,8.5,7.9,9.1,,1.1999999999999993
Delayed getting medical care due to cost among adults,Healthcare access and quality,150,Geographic Characteristic,2,Metropolitan statistical area,13,13,Large MSA,41,41,"Percent of population, crude",1,2020,7.0,6.4,7.6,-1.5,1.1999999999999993
Delayed getting medical care due to cost among adults,Healthcare access and quality,150,Geographic Characteristic,2,Metropolitan statistical area,13,13,Large MSA,41,41,"Percent of population, crude",1,2021,6.4,6.0,6.9,-0.5999999999999996,0.9000000000000004
Delayed getting medical care due to cost among adults,Healthcare access and quality,150,Geographic Characteristic,2,Metropolitan statistical area,13,13,Large MSA,41,41,"Percent of population, crude",1,2022,7.0,6.4,7.5,0.5999999999999996,1.0999999999999996
Delayed getting medical care due to cost among adults,Healthcare access and quality,150,Geographic Characteristic,2,Metropolitan statistical area,13,13,Large MSA,41,41,"Percent of population, crude",1,2023,6.6,6.2,7.1,-0.40000000000000036,0.8999999999999995
Delayed getting medical care due to cost among adults,Healthcare access and quality,150,Geographic Characteristic,2,Metropolitan statistical area,13,13,Large MSA,41,41,"Percent of population, crude",1,2024,8.0,7.5,8.6,1.4000000000000004,1.0999999999999996
Delayed getting medical care due to cost among adults,Healthcare access and quality,150,Geographic Characteristic,2,Metropolitan statistical area,13,13,Non-MSA,43,43,"Percent of population, crude",1,2019,9.8,8.6,11.1,,2.5
Delayed getting medical care due to cost among adults,Healthcare access and quality,150,Geographic Characteristic,2,Metropolitan statistical area,13,13,Non-MSA,43,43,"Percent of population, crude",1,2020,8.2,7.0,9.5,-1.6000000000000014,2.5
Delayed getting medical care due to cost among adults,Healthcare access and quality,150,Geographic Characteristic,2,Metropolitan statistical area,13,13,Non-MSA,43,43,"Percent of population, crude",1,2021,9.2,8.1,10.3,1.0,2.200000000000001
Delayed getting medical care due to cost among adults,Healthcare access and quality,150,Geographic Characteristic,2,Metropolitan statistical area,13,13,Non-MSA,43,43,"Percent of population, crude",1,2022,7.8,6.7,8.9,-1.3999999999999995,2.2
Delayed getting medical care due to cost among adults,Healthcare access and quality,150,Geographic Characteristic,2,Metropolitan statistical area,13,13,Non-MSA,43,43,"Percent of population, crude",1,2023,7.2,6.2,8.3,-0.5999999999999996,2.1000000000000005
Delayed getting medical care due to cost among adults,Healthcare access and quality,150,Geographic Characteristic,2,Metropolitan statistical area,13,13,Non-MSA,43,43,"Percent of population, crude",1,2024,7.7,6.9,8.5,0.5,1.5999999999999996
Delayed getting medical care due to cost among adults,Healthcare access and quality,150,Geographic Characteristic,2,Metropolitan statistical area,13,13,Small MSA,42,42,"Percent of population, crude",1,2019,9.7,8.9,10.5,,1.5999999999999996
Delayed getting medical care due to cost among adults,Healthcare access and quality,150,Geographic Characteristic,2,Metropolitan statistical area,13,13,Small MSA,42,42,"Percent of population, crude",1,2020,8.2,7.5,8.9,-1.5,1.4000000000000004
Delayed getting medical care due to cost among adults,Healthcare access and quality,150,Geographic Characteristic,2,Metropolitan statistical area,13,13,Small MSA,42,42,"Percent of population, crude",1,2021,7.5,6.8,8.3,-0.6999999999999993,1.5000000000000009
Delayed getting medical care due to cost among adults,Healthcare access and quality,150,Geographic Characteristic,2,Metropolitan statistical area,13,13,Small MSA,42,42,"Percent of population, crude",1,2022,6.8,6.2,7.5,-0.7000000000000002,1.2999999999999998
Delayed getting medical care due to cost among adults,Healthcare access and quality,150,Geographic Characteristic,2,Metropolitan statistical area,13,13,Small MSA,42,42,"Percent of population, crude",1,2023,8.2,7.4,9.0,1.3999999999999995,1.5999999999999996
Delayed getting medical care due to cost among adults,Healthcare access and quality,150,Geographic Characteristic,2,Metropolitan statistical area,13,13,Small MSA,42,42,"Percent of population, crude",1,2024,10.0,9.2,10.9,1.8000000000000007,1.700000000000001
Delayed getting medical care due to cost among adults,Healthcare access and quality,150,Demographic Characteristic,1,Nativity,7,7,Foreign-born,20,20,"Percent of population, crude",1,2019,10.2,9.1,11.3,,2.200000000000001
Delayed getting medical care due to cost among adults,Healthcare access and quality,150,Demographic Characteristic,1,Nativity,7,7,Foreign-born,20,20,"Percent of population, crude",1,2020,8.3,7.2,9.6,-1.8999999999999986,2.3999999999999995
Delayed getting medical care due to cost among adults,Healthcare access and quality,150,Demographic Characteristic,1,Nativity,7,7,Foreign-born,20,20,"Percent of population, crude",1,2021,6.7,5.8,7.6,-1.6000000000000005,1.7999999999999998
Delayed getting medical care due to cost among adults,Healthcare access and quality,150,Demographic Characteristic,1,Nativity,7,7,Foreign-born,20,20,"Percent of population, crude",1,2022,8.6,7.5,9.8,1.8999999999999995,2.3000000000000007
Delayed getting medical care due to cost among adults,Healthcare access and quality,150,Demographic Characteristic,1,Nativity,7,7,Foreign-born,20,20,"Percent of population, crude",1,2023,8.3,7.4,9.3,-0.29999999999999893,1.9000000000000004
Delayed getting medical care due to cost among adults,Healthcare access and quality,150,Demographic Characteristic,1,Nativity,7,7,Foreign-born,20,20,"Percent of population, crude",1,2024,8.4,7.5,9.4,0.09999999999999964,1.9000000000000004
Delayed getting medical care due to cost among adults,Healthcare access and quality,150,Demographic Characteristic,1,Nativity,7,7,U.S.-born,19,19,"Percent of population, crude",1,2019,8.7,8.2,9.2,,1.0
Delayed getting medical care due to cost among adults,Healthcare access and quality,150,Demographic Characteristic,1,Nativity,7,7,U.S.-born,19,19,"Percent of population, crude",1,2020,7.3,6.9,7.8,-1.3999999999999995,0.8999999999999995
Delayed getting medical care due to cost among adults,Healthcare access and quality,150,Demographic Characteristic,1,Nativity,7,7,U.S.-born,19,19,"Percent of population, crude",1,2021,7.2,6.8,7.6,-0.09999999999999964,0.7999999999999998
Delayed getting medical care due to cost among adults,Healthcare access and quality,150,Demographic Characteristic,1,Nativity,7,7,U.S.-born,19,19,"Percent of population, crude",1,2022,6.6,6.2,7.0,-0.6000000000000005,0.7999999999999998
Delayed getting medical care due to cost among adults,Healthcare access and quality,150,Demographic Characteristic,1,Nativity,7,7,U.S.-born,19,19,"Percent of population, crude",1,2023,6.9,6.5,7.4,0.3000000000000007,0.9000000000000004
Delayed getting medical care due to cost among adults,Healthcare access and quality,150,Demographic Characteristic,1,Nativity,7,7,U.S.-born,19,19,"Percent of population, crude",1,2024,8.7,8.2,9.2,1.799999999999999,1.0
Delayed getting medical care due to cost among adults,Healthcare access and quality,150,Socioeconomic Characteristic,3,Poverty level,21,21,100% to <200% FPL,77,77,"Percent of population, crude",1,2019,14.9,13.7,16.2,,2.5
Delayed getting medical care due to cost among adults,Healthcare access and quality,150,Socioeconomic Characteristic,3,Poverty level,21,21,100% to <200% FPL,77,77,"Percent of population, crude",1,2020,12.1,10.9,13.4,-2.8000000000000007,2.5
Delayed getting medical care due to cost among adults,Healthcare access and quality,150,Socioeconomic Characteristic,3,Poverty level,21,21,100% to <200% FPL,77,77,"Percent of population, crude",1,2021,9.6,8.7,10.6,-2.5,1.9000000000000004
Delayed getting medical care due to cost among adults,Healthcare access and quality,150,Socioeconomic Characteristic,3,Poverty level,21,21,100% to <200% FPL,77,77,"Percent of population, crude",1,2022,11.3,10.1,12.5,1.700000000000001,2.4000000000000004
Delayed getting medical care due to cost among adults,Healthcare access and quality,150,Socioeconomic Characteristic,3,Poverty level,21,21,100% to <200% FPL,77,77,"Percent of population, crude",1,2023,11.5,10.3,12.7,0.1999999999999993,2.3999999999999986
Delayed getting medical care due to cost among adults,Healthcare access and quality,150,Socioeconomic Characteristic,3,Poverty level,21,21,100% to <200% FPL,77,77,"Percent of population, crude",1,2024,11.7,10.5,12.9,0.1999999999999993,2.4000000000000004
Delayed getting medical care due to cost among adults,Healthcare access and quality,150,Socioeconomic Characteristic,3,Poverty level,21,21,<100% FPL,76,76,"Percent of population, crude",1,2019,16.0,14.3,17.8,,3.5
Delayed getting medical care due to cost among adults,Healthcare access and quality,150,Socioeconomic Characteristic,3,Poverty level,21,21,<100% FPL,76,76,"Percent of population, crude",1,2020,13.2,11.4,15.1,-2.8000000000000007,3.6999999999999993
Delayed getting medical care due to cost among adults,Healthcare access and quality,150,Socioeconomic Characteristic,3,Poverty level,21,21,<100% FPL,76,76,"Percent of population, crude",1,2021,11.0,9.6,12.6,-2.1999999999999993,3.0
Delayed getting medical care due to cost among adults,Healthcare access and quality,150,Socioeconomic Characteristic,3,Poverty level,21,21,<100% FPL,76,76,"Percent of population, crude",1,2022,11.0,9.5,12.7,0.0,3.1999999999999993
Delayed getting medical care due to cost among adults,Healthcare access and quality,150,Socioeconomic Characteristic,3,Poverty level,21,21,<100% FPL,76,76,"Percent of population, crude",1,2023,11.9,10.4,13.5,0.9000000000000004,3.0999999999999996
Delayed getting medical care due to cost among adults,Healthcare access and quality,150,Socioeconomic Characteristic,3,Poverty level,21,21,<100% FPL,76,76,"Percent of population, crude",1,2024,11.5,10.0,13.2,-0.40000000000000036,3.1999999999999993
Delayed getting medical care due to cost among adults,Healthcare access and quality,150,Socioeconomic Characteristic,3,Poverty level,21,21,≥200% FPL,78,78,"Percent of population, crude",1,2019,6.4,6.0,6.8,,0.7999999999999998
Delayed getting medical care due to cost among adults,Healthcare access and quality,150,Socioeconomic Characteristic,3,Poverty level,21,21,≥200% FPL,78,78,"Percent of population, crude",1,2020,5.6,5.2,6.0,-0.8000000000000007,0.7999999999999998
Delayed getting medical care due to cost among adults,Healthcare access and quality,150,Socioeconomic Characteristic,3,Poverty level,21,21,≥200% FPL,78,78,"Percent of population, crude",1,2021,6.0,5.6,6.4,0.40000000000000036,0.8000000000000007
Delayed getting medical care due to cost among adults,Healthcare access and quality,150,Socioeconomic Characteristic,3,Poverty level,21,21,≥200% FPL,78,78,"Percent of population, crude",1,2022,5.5,5.1,5.9,-0.5,0.8000000000000007
Delayed getting medical care due to cost among adults,Healthcare access and quality,150,Socioeconomic Characteristic,3,Poverty level,21,21,≥200% FPL,78,78,"Percent of population, crude",1,2023,5.5,5.1,5.9,0.0,0.8000000000000007
Delayed getting medical care due to cost among adults,Healthcare access and quality,150,Socioeconomic Characteristic,3,Poverty level,21,21,≥200% FPL,78,78,"Percent of population, crude",1,2024,7.4,7.0,7.9,1.9000000000000004,0.9000000000000004
Delayed getting medical care due to cost among adults,Healthcare access and quality,150,Demographic Characteristic,1,Race,8,8,American Indian and Alaska Native and White,26,26,"Percent of population, crude",1,2019,14.6,9.3,21.5,,12.2
Delayed getting medical care due to cost among adults,Healthcare access and quality,150,Demographic Characteristic,1,Race,8,8,American Indian and Alaska Native and White,26,26,"Percent of population, crude",1,2020,5.8,2.9,10.3,-8.8,7.4
Delayed getting medical care due to cost among adults,Healthcare access and quality,150,Demographic Characteristic,1,Race,8,8,American Indian and Alaska Native and White,26,26,"Percent of population, crude",1,2021,10.3,5.8,16.6,4.500000000000001,10.8
Delayed getting medical care due to cost among adults,Healthcare access and quality,150,Demographic Characteristic,1,Race,8,8,American Indian and Alaska Native and White,26,26,"Percent of population, crude",1,2022,11.2,6.1,18.3,0.8999999999999986,12.200000000000001
Delayed getting medical care due to cost among adults,Healthcare access and quality,150,Demographic Characteristic,1,Race,8,8,American Indian and Alaska Native and White,26,26,"Percent of population, crude",1,2023,15.0,9.5,22.0,3.8000000000000007,12.5
Delayed getting medical care due to cost among adults,Healthcare access and quality,150,Demographic Characteristic,1,Race,8,8,American Indian and Alaska Native and White,26,26,"Percent of population, crude",1,2024,10.3,5.6,17.0,-4.699999999999999,11.4
Delayed getting medical care due to cost among adults,Healthcare access and quality,150,Demographic Characteristic,1,Race,8,8,American Indian and Alaska Native only,21,21,"Percent of population, crude",1,2019,10.5,6.3,16.2,,9.899999999999999
Delayed getting medical care due to cost among adults,Healthcare access and quality,150,Demographic Characteristic,1,Race,8,8,American Indian and Alaska Native only,21,21,"Percent of population, crude",1,2020,6.1,3.4,10.0,-4.4,6.6
Delayed getting medical care due to cost among adults,Healthcare access and quality,150,Demographic Characteristic,1,Race,8,8,American Indian and Alaska Native only,21,21,"Percent of population, crude",1,2021,10.3,6.7,14.9,4.200000000000001,8.2
Delayed getting medical care due to cost among adults,Healthcare access and quality,150,Demographic Characteristic,1,Race,8,8,American Indian and Alaska Native only,21,21,"Percent of population, crude",1,2024,9.7,5.5,15.4,-0.6000000000000014,9.9
Delayed getting medical care due to cost among adults,Healthcare access and quality,150,Demographic Characteristic,1,Race,8,8,Asian only,22,22,"Percent of population, crude",1,2019,3.5,2.5,4.8,,2.3
Delayed getting medical care due to cost among adults,Healthcare access and quality,150,Demographic Characteristic,1,Race,8,8,Asian only,22,22,"Percent of population, crude",1,2020,3.5,2.4,5.0,0.0,2.6
Delayed getting medical care due to cost among adults,Healthcare access and quality,150,Demographic Characteristic,1,Race,8,8,Asian only,22,22,"Percent of population, crude",1,2021,3.1,2.3,4.1,-0.3999999999999999,1.7999999999999998
Delayed getting medical care due to cost among adults,Healthcare access and quality,150,Demographic Characteristic,1,Race,8,8,Asian only,22,22,"Percent of population, crude",1,2022,4.3,3.2,5.7,1.1999999999999997,2.5
Delayed getting medical care due to cost among adults,Healthcare access and quality,150,Demographic Characteristic,1,Race,8,8,Asian only,22,22,"Percent of population, crude",1,2023,3.3,2.4,4.5,-1.0,2.1
Delayed getting medical care due to cost among adults,Healthcare access and quality,150,Demographic Characteristic,1,Race,8,8,Asian only,22,22,"Percent of population, crude",1,2024,3.8,2.9,5.0,0.5,2.1
Delayed getting medical care due to cost among adults,Healthcare access and quality,150,Demographic Characteristic,1,Race,8,8,Black and White,27,27,"Percent of population, crude",1,2019,14.5,7.3,24.8,,17.5
Delayed getting medical care due to cost among adults,Healthcare access and quality,150,Demographic Characteristic,1,Race,8,8,Black and White,27,27,"Percent of population, crude",1,2021,16.0,9.8,24.0,1.5,14.2
Delayed getting medical care due to cost among adults,Healthcare access and quality,150,Demographic Characteristic,1,Race,8,8,Black and White,27,27,"Percent of population, crude",1,2024,13.4,7.7,21.2,-2.5999999999999996,13.5
Delayed getting medical care due to cost among adults,Healthcare access and quality,150,Demographic Characteristic,1,Race,8,8,Black only,23,23,"Percent of population, crude",1,2019,10.6,9.3,12.0,,2.6999999999999993
Delayed getting medical care due to cost among adults,Healthcare access and quality,150,Demographic Characteristic,1,Race,8,8,Black only,23,23,"Percent of population, crude",1,2020,8.3,7.2,9.7,-2.299999999999999,2.499999999999999
Delayed getting medical care due to cost among adults,Healthcare access and quality,150,Demographic Characteristic,1,Race,8,8,Black only,23,23,"Percent of population, crude",1,2021,7.0,6.0,8.1,-1.3000000000000007,2.0999999999999996
Delayed getting medical care due to cost among adults,Healthcare access and quality,150,Demographic Characteristic,1,Race,8,8,Black only,23,23,"Percent of population, crude",1,2022,6.9,5.9,8.0,-0.09999999999999964,2.0999999999999996
Delayed getting medical care due to cost among adults,Healthcare access and quality,150,Demographic Characteristic,1,Race,8,8,Black only,23,23,"Percent of population, crude",1,2023,8.7,7.5,10.1,1.799999999999999,2.5999999999999996
Delayed getting medical care due to cost among adults,Healthcare access and quality,150,Demographic Characteristic,1,Race,8,8,Black only,23,23,"Percent of population, crude",1,2024,8.9,7.6,10.2,0.20000000000000107,2.5999999999999996
Delayed getting medical care due to cost among adults,Healthcare access and quality,150,Demographic Characteristic,1,Race,8,8,Native Hawaiian or Other Pacific Islander only,24,24,"Percent of population, crude",1,2021,13.9,6.7,24.6,,17.900000000000002
Delayed getting medical care due to cost among adults,Healthcare access and quality,150,Demographic Characteristic,1,Race,8,8,Native Hawaiian or Other Pacific Islander only,24,24,"Percent of population, crude",1,2024,14.6,8.0,23.5,0.6999999999999993,15.5
Delayed getting medical care due to cost among adults,Healthcare access and quality,150,Demographic Characteristic,1,Race,8,8,White only,25,25,"Percent of population, crude",1,2019,8.8,8.3,9.3,,1.0
Delayed getting medical care due to cost among adults,Healthcare access and quality,150,Demographic Characteristic,1,Race,8,8,White only,25,25,"Percent of population, crude",1,2020,7.3,6.9,7.8,-1.5000000000000009,0.8999999999999995
Delayed getting medical care due to cost among adults,Healthcare access and quality,150,Demographic Characteristic,1,Race,8,8,White only,25,25,"Percent of population, crude",1,2021,7.2,6.7,7.6,-0.09999999999999964,0.8999999999999995
Delayed getting medical care due to cost among adults,Healthcare access and quality,150,Demographic Characteristic,1,Race,8,8,White only,25,25,"Percent of population, crude",1,2022,6.8,6.4,7.3,-0.40000000000000036,0.8999999999999995
Delayed getting medical care due to cost among adults,Healthcare access and quality,150,Demographic Characteristic,1,Race,8,8,White only,25,25,"Percent of population, crude",1,2023,7.0,6.6,7.5,0.20000000000000018,0.9000000000000004
Delayed getting medical care due to cost among adults,Healthcare access and quality,150,Demographic Characteristic,1,Race,8,8,White only,25,25,"Percent of population, crude",1,2024,8.7,8.2,9.2,1.6999999999999993,1.0
Delayed getting medical care due to cost among adults,Healthcare access and quality,150,Demographic Characteristic,1,Race and Hispanic origin,9,9,"All races, Hispanic",28,28,"Percent of population, crude",1,2019,13.2,11.9,14.6,,2.6999999999999993
Delayed getting medical care due to cost among adults,Healthcare access and quality,150,Demographic Characteristic,1,Race and Hispanic origin,9,9,"All races, Hispanic",28,28,"Percent of population, crude",1,2020,10.8,9.4,12.3,-2.3999999999999986,2.9000000000000004
Delayed getting medical care due to cost among adults,Healthcare access and quality,150,Demographic Characteristic,1,Race and Hispanic origin,9,9,"All races, Hispanic",28,28,"Percent of population, crude",1,2021,8.7,7.7,9.8,-2.1000000000000014,2.1000000000000005
Delayed getting medical care due to cost among adults,Healthcare access and quality,150,Demographic Characteristic,1,Race and Hispanic origin,9,9,"All races, Hispanic",28,28,"Percent of population, crude",1,2022,10.9,9.8,12.2,2.200000000000001,2.3999999999999986
Delayed getting medical care due to cost among adults,Healthcare access and quality,150,Demographic Characteristic,1,Race and Hispanic origin,9,9,"All races, Hispanic",28,28,"Percent of population, crude",1,2023,9.6,8.6,10.7,-1.3000000000000007,2.0999999999999996
Delayed getting medical care due to cost among adults,Healthcare access and quality,150,Demographic Characteristic,1,Race and Hispanic origin,9,9,"All races, Hispanic",28,28,"Percent of population, crude",1,2024,10.0,9.0,11.0,0.40000000000000036,2.0
Delayed getting medical care due to cost among adults,Healthcare access and quality,150,Demographic Characteristic,1,Race and Hispanic origin,9,9,"All races, Hispanic, Mexican",29,29,"Percent of population, crude",1,2019,13.5,11.9,15.1,,3.1999999999999993
Delayed getting medical care due to cost among adults,Healthcare access and quality,150,Demographic Characteristic,1,Race and Hispanic origin,9,9,"All races, Hispanic, Mexican",29,29,"Percent of population, crude",1,2020,10.9,9.1,12.9,-2.5999999999999996,3.8000000000000007
Delayed getting medical care due to cost among adults,Healthcare access and quality,150,Demographic Characteristic,1,Race and Hispanic origin,9,9,"All races, Hispanic, Mexican",29,29,"Percent of population, crude",1,2021,8.7,7.4,10.1,-2.200000000000001,2.6999999999999993
Delayed getting medical care due to cost among adults,Healthcare access and quality,150,Demographic Characteristic,1,Race and Hispanic origin,9,9,"All races, Hispanic, Mexican",29,29,"Percent of population, crude",1,2022,11.3,9.8,13.0,2.6000000000000014,3.1999999999999993
Delayed getting medical care due to cost among adults,Healthcare access and quality,150,Demographic Characteristic,1,Race and Hispanic origin,9,9,"All races, Hispanic, Mexican",29,29,"Percent of population, crude",1,2023,10.2,8.7,11.8,-1.1000000000000014,3.1000000000000014
Delayed getting medical care due to cost among adults,Healthcare access and quality,150,Demographic Characteristic,1,Race and Hispanic origin,9,9,"All races, Hispanic, Mexican",29,29,"Percent of population, crude",1,2024,9.3,8.1,10.7,-0.8999999999999986,2.5999999999999996
Delayed getting medical care due to cost among adults,Healthcare access and quality,150,Demographic Characteristic,1,Race and Hispanic origin,9,9,"All races, non-Hispanic",30,30,"Percent of population, crude",1,2019,8.2,7.8,8.7,,0.8999999999999995
Delayed getting medical care due to cost among adults,Healthcare access and quality,150,Demographic Characteristic,1,Race and Hispanic origin,9,9,"All races, non-Hispanic",30,30,"Percent of population, crude",1,2020,6.9,6.5,7.3,-1.299999999999999,0.7999999999999998
Delayed getting medical care due to cost among adults,Healthcare access and quality,150,Demographic Characteristic,1,Race and Hispanic origin,9,9,"All races, non-Hispanic",30,30,"Percent of population, crude",1,2021,6.8,6.4,7.2,-0.10000000000000053,0.7999999999999998
Delayed getting medical care due to cost among adults,Healthcare access and quality,150,Demographic Characteristic,1,Race and Hispanic origin,9,9,"All races, non-Hispanic",30,30,"Percent of population, crude",1,2022,6.2,5.8,6.6,-0.5999999999999996,0.7999999999999998
Delayed getting medical care due to cost among adults,Healthcare access and quality,150,Demographic Characteristic,1,Race and Hispanic origin,9,9,"All races, non-Hispanic",30,30,"Percent of population, crude",1,2023,6.7,6.3,7.1,0.5,0.7999999999999998
Delayed getting medical care due to cost among adults,Healthcare access and quality,150,Demographic Characteristic,1,Race and Hispanic origin,9,9,"All races, non-Hispanic",30,30,"Percent of population, crude",1,2024,8.3,7.8,8.7,1.6000000000000005,0.8999999999999995
Delayed getting medical care due to cost among adults,Healthcare access and quality,150,Demographic Characteristic,1,Race and Hispanic origin,9,9,"Black only, non-Hispanic",31,31,"Percent of population, crude",1,2019,10.5,9.2,11.9,,2.700000000000001
Delayed getting medical care due to cost among adults,Healthcare access and quality,150,Demographic Characteristic,1,Race and Hispanic origin,9,9,"Black only, non-Hispanic",31,31,"Percent of population, crude",1,2020,8.3,7.1,9.6,-2.1999999999999993,2.5
Delayed getting medical care due to cost among adults,Healthcare access and quality,150,Demographic Characteristic,1,Race and Hispanic origin,9,9,"Black only, non-Hispanic",31,31,"Percent of population, crude",1,2021,7.0,6.0,8.1,-1.3000000000000007,2.0999999999999996
Delayed getting medical care due to cost among adults,Healthcare access and quality,150,Demographic Characteristic,1,Race and Hispanic origin,9,9,"Black only, non-Hispanic",31,31,"Percent of population, crude",1,2022,7.0,6.0,8.1,0.0,2.0999999999999996
Delayed getting medical care due to cost among adults,Healthcare access and quality,150,Demographic Characteristic,1,Race and Hispanic origin,9,9,"Black only, non-Hispanic",31,31,"Percent of population, crude",1,2023,8.7,7.4,10.0,1.6999999999999993,2.5999999999999996
Delayed getting medical care due to cost among adults,Healthcare access and quality,150,Demographic Characteristic,1,Race and Hispanic origin,9,9,"Black only, non-Hispanic",31,31,"Percent of population, crude",1,2024,8.7,7.4,10.0,0.0,2.5999999999999996
Delayed getting medical care due to cost among adults,Healthcare access and quality,150,Demographic Characteristic,1,Race and Hispanic origin,9,9,"Other races, non-Hispanic",33,33,"Percent of population, crude",1,2019,6.0,4.9,7.3,,2.3999999999999995
Delayed getting medical care due to cost among adults,Healthcare access and quality,150,Demographic Characteristic,1,Race and Hispanic origin,9,9,"Other races, non-Hispanic",33,33,"Percent of population, crude",1,2020,4.4,3.4,5.7,-1.5999999999999996,2.3000000000000003
Delayed getting medical care due to cost among adults,Healthcare access and quality,150,Demographic Characteristic,1,Race and Hispanic origin,9,9,"Other races, non-Hispanic",33,33,"Percent of population, crude",1,2021,5.6,4.5,6.8,1.1999999999999993,2.3
Delayed getting medical care due to cost among adults,Healthcare access and quality,150,Demographic Characteristic,1,Race and Hispanic origin,9,9,"Other races, non-Hispanic",33,33,"Percent of population, crude",1,2022,5.2,4.1,6.4,-0.39999999999999947,2.3000000000000007
Delayed getting medical care due to cost among adults,Healthcare access and quality,150,Demographic Characteristic,1,Race and Hispanic origin,9,9,"Other races, non-Hispanic",33,33,"Percent of population, crude",1,2023,5.4,4.3,6.6,0.20000000000000018,2.3
Delayed getting medical care due to cost among adults,Healthcare access and quality,150,Demographic Characteristic,1,Race and Hispanic origin,9,9,"Other races, non-Hispanic",33,33,"Percent of population, crude",1,2024,6.1,5.1,7.3,0.6999999999999993,2.2
Delayed getting medical care due to cost among adults,Healthcare access and quality,150,Demographic Characteristic,1,Race and Hispanic origin,9,9,"White only, non-Hispanic",32,32,"Percent of population, crude",1,2019,8.1,7.6,8.6,,1.0
Delayed getting medical care due to cost among adults,Healthcare access and quality,150,Demographic Characteristic,1,Race and Hispanic origin,9,9,"White only, non-Hispanic",32,32,"Percent of population, crude",1,2020,6.9,6.5,7.4,-1.1999999999999993,0.9000000000000004
Delayed getting medical care due to cost among adults,Healthcare access and quality,150,Demographic Characteristic,1,Race and Hispanic origin,9,9,"White only, non-Hispanic",32,32,"Percent of population, crude",1,2021,7.0,6.5,7.4,0.09999999999999964,0.9000000000000004
Delayed getting medical care due to cost among adults,Healthcare access and quality,150,Demographic Characteristic,1,Race and Hispanic origin,9,9,"White only, non-Hispanic",32,32,"Percent of population, crude",1,2022,6.2,5.8,6.7,-0.7999999999999998,0.9000000000000004
Delayed getting medical care due to cost among adults,Healthcare access and quality,150,Demographic Characteristic,1,Race and Hispanic origin,9,9,"White only, non-Hispanic",32,32,"Percent of population, crude",1,2023,6.5,6.0,7.0,0.2999999999999998,1.0
Delayed getting medical care due to cost among adults,Healthcare access and quality,150,Demographic Characteristic,1,Race and Hispanic origin,9,9,"White only, non-Hispanic",32,32,"Percent of population, crude",1,2024,8.5,8.0,9.1,2.0,1.0999999999999996
Delayed getting medical care due to cost among adults,Healthcare access and quality,150,Geographic Characteristic,2,Region,14,14,Midwest,45,45,"Percent of population, crude",1,2019,8.4,7.5,9.4,,1.9000000000000004
Delayed getting medical care due to cost among adults,Healthcare access and quality,150,Geographic Characteristic,2,Region,14,14,Midwest,45,45,"Percent of population, crude",1,2020,7.9,7.1,8.9,-0.5,1.8000000000000007
Delayed getting medical care due to cost among adults,Healthcare access and quality,150,Geographic Characteristic,2,Region,14,14,Midwest,45,45,"Percent of population, crude",1,2021,7.5,6.7,8.4,-0.40000000000000036,1.7000000000000002
Delayed getting medical care due to cost among adults,Healthcare access and quality,150,Geographic Characteristic,2,Region,14,14,Midwest,45,45,"Percent of population, crude",1,2022,5.8,5.1,6.6,-1.7000000000000002,1.5
Delayed getting medical care due to cost among adults,Healthcare access and quality,150,Geographic Characteristic,2,Region,14,14,Midwest,45,45,"Percent of population, crude",1,2023,6.1,5.4,6.8,0.2999999999999998,1.3999999999999995
Delayed getting medical care due to cost among adults,Healthcare access and quality,150,Geographic Characteristic,2,Region,14,14,Midwest,45,45,"Percent of population, crude",1,2024,8.4,7.6,9.3,2.3000000000000007,1.700000000000001
Delayed getting medical care due to cost among adults,Healthcare access and quality,150,Geographic Characteristic,2,Region,14,14,Northeast,44,44,"Percent of population, crude",1,2019,6.3,5.5,7.2,,1.7000000000000002
Delayed getting medical care due to cost among adults,Healthcare access and quality,150,Geographic Characteristic,2,Region,14,14,Northeast,44,44,"Percent of population, crude",1,2020,5.4,4.5,6.4,-0.8999999999999995,1.9000000000000004
Delayed getting medical care due to cost among adults,Healthcare access and quality,150,Geographic Characteristic,2,Region,14,14,Northeast,44,44,"Percent of population, crude",1,2021,4.7,3.9,5.6,-0.7000000000000002,1.6999999999999997
Delayed getting medical care due to cost among adults,Healthcare access and quality,150,Geographic Characteristic,2,Region,14,14,Northeast,44,44,"Percent of population, crude",1,2022,5.5,4.7,6.4,0.7999999999999998,1.7000000000000002
Delayed getting medical care due to cost among adults,Healthcare access and quality,150,Geographic Characteristic,2,Region,14,14,Northeast,44,44,"Percent of population, crude",1,2023,4.5,3.8,5.2,-1.0,1.4000000000000004
Delayed getting medical care due to cost among adults,Healthcare access and quality,150,Geographic Characteristic,2,Region,14,14,Northeast,44,44,"Percent of population, crude",1,2024,6.3,5.5,7.2,1.7999999999999998,1.7000000000000002
Delayed getting medical care due to cost among adults,Healthcare access and quality,150,Geographic Characteristic,2,Region,14,14,South,46,46,"Percent of population, crude",1,2019,11.1,10.3,11.9,,1.5999999999999996
Delayed getting medical care due to cost among adults,Healthcare access and quality,150,Geographic Characteristic,2,Region,14,14,South,46,46,"Percent of population, crude",1,2020,9.0,8.2,9.8,-2.0999999999999996,1.6000000000000014
Delayed getting medical care due to cost among adults,Healthcare access and quality,150,Geographic Characteristic,2,Region,14,14,South,46,46,"Percent of population, crude",1,2021,7.9,7.3,8.6,-1.0999999999999996,1.2999999999999998
Delayed getting medical care due to cost among adults,Healthcare access and quality,150,Geographic Characteristic,2,Region,14,14,South,46,46,"Percent of population, crude",1,2022,8.5,7.8,9.3,0.5999999999999996,1.5000000000000009
Delayed getting medical care due to cost among adults,Healthcare access and quality,150,Geographic Characteristic,2,Region,14,14,South,46,46,"Percent of population, crude",1,2023,9.1,8.4,9.8,0.5999999999999996,1.4000000000000004
Delayed getting medical care due to cost among adults,Healthcare access and quality,150,Geographic Characteristic,2,Region,14,14,South,46,46,"Percent of population, crude",1,2024,10.1,9.4,10.9,1.0,1.5
Delayed getting medical care due to cost among adults,Healthcare access and quality,150,Geographic Characteristic,2,Region,14,14,West,47,47,"Percent of population, crude",1,2019,8.4,7.6,9.3,,1.700000000000001
Delayed getting medical care due to cost among adults,Healthcare access and quality,150,Geographic Characteristic,2,Region,14,14,West,47,47,"Percent of population, crude",1,2020,6.4,5.7,7.2,-2.0,1.5
Delayed getting medical care due to cost among adults,Healthcare access and quality,150,Geographic Characteristic,2,Region,14,14,West,47,47,"Percent of population, crude",1,2021,7.3,6.6,8.1,0.8999999999999995,1.5
Delayed getting medical care due to cost among adults,Healthcare access and quality,150,Geographic Characteristic,2,Region,14,14,West,47,47,"Percent of population, crude",1,2022,6.8,6.0,7.6,-0.5,1.5999999999999996
Delayed getting medical care due to cost among adults,Healthcare access and quality,150,Geographic Characteristic,2,Region,14,14,West,47,47,"Percent of population, crude",1,2023,7.1,6.3,7.9,0.2999999999999998,1.6000000000000005
Delayed getting medical care due to cost among adults,Healthcare access and quality,150,Geographic Characteristic,2,Region,14,14,West,47,47,"Percent of population, crude",1,2024,7.9,7.1,8.7,0.8000000000000007,1.5999999999999996
Delayed getting medical care due to cost among adults,Healthcare access and quality,150,Demographic Characteristic,1,Sex,10,10,Female,34,34,"Percent of population, crude",1,2019,10.3,9.7,10.9,,1.200000000000001
Delayed getting medical care due to cost among adults,Healthcare access and quality,150,Demographic Characteristic,1,Sex,10,10,Female,34,34,"Percent of population, crude",1,2020,8.7,8.1,9.3,-1.6000000000000014,1.200000000000001
Delayed getting medical care due to cost among adults,Healthcare access and quality,150,Demographic Characteristic,1,Sex,10,10,Female,34,34,"Percent of population, crude",1,2021,7.9,7.4,8.4,-0.7999999999999989,1.0
Delayed getting medical care due to cost among adults,Healthcare access and quality,150,Demographic Characteristic,1,Sex,10,10,Female,34,34,"Percent of population, crude",1,2022,7.8,7.3,8.4,-0.10000000000000053,1.1000000000000005
Delayed getting medical care due to cost among adults,Healthcare access and quality,150,Demographic Characteristic,1,Sex,10,10,Female,34,34,"Percent of population, crude",1,2023,7.9,7.4,8.5,0.10000000000000053,1.0999999999999996
Delayed getting medical care due to cost among adults,Healthcare access and quality,150,Demographic Characteristic,1,Sex,10,10,Female,34,34,"Percent of population, crude",1,2024,9.6,9.0,10.2,1.6999999999999993,1.1999999999999993
Delayed getting medical care due to cost among adults,Healthcare access and quality,150,Demographic Characteristic,1,Sex,10,10,Male,35,35,"Percent of population, crude",1,2019,7.8,7.2,8.3,,1.1000000000000005
Delayed getting medical care due to cost among adults,Healthcare access and quality,150,Demographic Characteristic,1,Sex,10,10,Male,35,35,"Percent of population, crude",1,2020,6.3,5.7,6.8,-1.5,1.0999999999999996
Delayed getting medical care due to cost among adults,Healthcare access and quality,150,Demographic Characteristic,1,Sex,10,10,Male,35,35,"Percent of population, crude",1,2021,6.3,5.8,6.8,0.0,1.0
Delayed getting medical care due to cost among adults,Healthcare access and quality,150,Demographic Characteristic,1,Sex,10,10,Male,35,35,"Percent of population, crude",1,2022,6.2,5.7,6.7,-0.09999999999999964,1.0
Delayed getting medical care due to cost among adults,Healthcare access and quality,150,Demographic Characteristic,1,Sex,10,10,Male,35,35,"Percent of population, crude",1,2023,6.4,5.9,6.9,0.20000000000000018,1.0
Delayed getting medical care due to cost among adults,Healthcare access and quality,150,Demographic Characteristic,1,Sex,10,10,Male,35,35,"Percent of population, crude",1,2024,7.5,7.0,8.1,1.0999999999999996,1.0999999999999996
Delayed getting medical care due to cost among adults,Healthcare access and quality,150,Demographic Characteristic,1,Sexual orientation,11,11,Bisexual,36,36,"Percent of population, crude",1,2019,21.6,17.3,26.3,,9.0
Delayed getting medical care due to cost among adults,Healthcare access and quality,150,Demographic Characteristic,1,Sexual orientation,11,11,Bisexual,36,36,"Percent of population, crude",1,2020,19.0,14.5,24.2,-2.6000000000000014,9.7
Delayed getting medical care due to cost among adults,Healthcare access and quality,150,Demographic Characteristic,1,Sexual orientation,11,11,Bisexual,36,36,"Percent of population, crude",1,2021,20.2,16.3,24.7,1.1999999999999993,8.399999999999999
Delayed getting medical care due to cost among adults,Healthcare access and quality,150,Demographic Characteristic,1,Sexual orientation,11,11,Bisexual,36,36,"Percent of population, crude",1,2022,16.2,12.7,20.3,-4.0,7.600000000000001
Delayed getting medical care due to cost among adults,Healthcare access and quality,150,Demographic Characteristic,1,Sexual orientation,11,11,Bisexual,36,36,"Percent of population, crude",1,2023,17.2,13.8,21.0,1.0,7.199999999999999
Delayed getting medical care due to cost among adults,Healthcare access and quality,150,Demographic Characteristic,1,Sexual orientation,11,11,Bisexual,36,36,"Percent of population, crude",1,2024,23.1,19.3,27.2,5.900000000000002,7.899999999999999
Delayed getting medical care due to cost among adults,Healthcare access and quality,150,Demographic Characteristic,1,Sexual orientation,11,11,Gay or Lesbian,37,37,"Percent of population, crude",1,2019,6.7,4.3,9.9,,5.6000000000000005
Delayed getting medical care due to cost among adults,Healthcare access and quality,150,Demographic Characteristic,1,Sexual orientation,11,11,Gay or Lesbian,37,37,"Percent of population, crude",1,2020,9.8,6.2,14.6,3.1000000000000005,8.399999999999999
Delayed getting medical care due to cost among adults,Healthcare access and quality,150,Demographic Characteristic,1,Sexual orientation,11,11,Gay or Lesbian,37,37,"Percent of population, crude",1,2021,9.9,6.7,13.8,0.09999999999999964,7.1000000000000005
Delayed getting medical care due to cost among adults,Healthcare access and quality,150,Demographic Characteristic,1,Sexual orientation,11,11,Gay or Lesbian,37,37,"Percent of population, crude",1,2022,8.1,5.5,11.5,-1.8000000000000007,6.0
Delayed getting medical care due to cost among adults,Healthcare access and quality,150,Demographic Characteristic,1,Sexual orientation,11,11,Gay or Lesbian,37,37,"Percent of population, crude",1,2023,8.6,6.1,11.7,0.5,5.6
Delayed getting medical care due to cost among adults,Healthcare access and quality,150,Demographic Characteristic,1,Sexual orientation,11,11,Gay or Lesbian,37,37,"Percent of population, crude",1,2024,10.4,7.8,13.4,1.8000000000000007,5.6000000000000005
Delayed getting medical care due to cost among adults,Healthcare access and quality,150,Demographic Characteristic,1,Sexual orientation,11,11,Straight,38,38,"Percent of population, crude",1,2019,8.8,8.3,9.2,,0.8999999999999986
Delayed getting medical care due to cost among adults,Healthcare access and quality,150,Demographic Characteristic,1,Sexual orientation,11,11,Straight,38,38,"Percent of population, crude",1,2020,7.1,6.7,7.6,-1.700000000000001,0.8999999999999995
Delayed getting medical care due to cost among adults,Healthcare access and quality,150,Demographic Characteristic,1,Sexual orientation,11,11,Straight,38,38,"Percent of population, crude",1,2021,6.7,6.3,7.0,-0.39999999999999947,0.7000000000000002
Delayed getting medical care due to cost among adults,Healthcare access and quality,150,Demographic Characteristic,1,Sexual orientation,11,11,Straight,38,38,"Percent of population, crude",1,2022,6.5,6.1,6.9,-0.20000000000000018,0.8000000000000007
Delayed getting medical care due to cost among adults,Healthcare access and quality,150,Demographic Characteristic,1,Sexual orientation,11,11,Straight,38,38,"Percent of population, crude",1,2023,6.7,6.4,7.1,0.20000000000000018,0.6999999999999993
Delayed getting medical care due to cost among adults,Healthcare access and quality,150,Demographic Characteristic,1,Sexual orientation,11,11,Straight,38,38,"Percent of population, crude",1,2024,7.9,7.5,8.3,1.2000000000000002,0.8000000000000007
Delayed getting medical care due to cost among adults,Healthcare access and quality,150,Geographic Characteristic,2,Social vulnerability,15,15,High social vulnerability,51,51,"Percent of population, crude",1,2019,9.8,8.9,10.7,,1.799999999999999
Delayed getting medical care due to cost among adults,Healthcare access and quality,150,Geographic Characteristic,2,Social vulnerability,15,15,High social vulnerability,51,51,"Percent of population, crude",1,2020,8.1,7.2,9.2,-1.700000000000001,1.9999999999999991
Delayed getting medical care due to cost among adults,Healthcare access and quality,150,Geographic Characteristic,2,Social vulnerability,15,15,High social vulnerability,51,51,"Percent of population, crude",1,2021,6.9,6.1,7.7,-1.1999999999999993,1.6000000000000005
Delayed getting medical care due to cost among adults,Healthcare access and quality,150,Geographic Characteristic,2,Social vulnerability,15,15,High social vulnerability,51,51,"Percent of population, crude",1,2022,8.1,7.4,8.9,1.1999999999999993,1.5
Delayed getting medical care due to cost among adults,Healthcare access and quality,150,Geographic Characteristic,2,Social vulnerability,15,15,High social vulnerability,51,51,"Percent of population, crude",1,2023,7.9,7.2,8.7,-0.1999999999999993,1.4999999999999991
Delayed getting medical care due to cost among adults,Healthcare access and quality,150,Geographic Characteristic,2,Social vulnerability,15,15,High social vulnerability,51,51,"Percent of population, crude",1,2024,8.8,8.1,9.5,0.9000000000000004,1.4000000000000004
Delayed getting medical care due to cost among adults,Healthcare access and quality,150,Geographic Characteristic,2,Social vulnerability,15,15,Little to no social vulnerability,48,48,"Percent of population, crude",1,2019,6.7,5.9,7.6,,1.6999999999999993
Delayed getting medical care due to cost among adults,Healthcare access and quality,150,Geographic Characteristic,2,Social vulnerability,15,15,Little to no social vulnerability,48,48,"Percent of population, crude",1,2020,6.6,5.7,7.5,-0.10000000000000053,1.7999999999999998
Delayed getting medical care due to cost among adults,Healthcare access and quality,150,Geographic Characteristic,2,Social vulnerability,15,15,Little to no social vulnerability,48,48,"Percent of population, crude",1,2021,6.7,5.9,7.7,0.10000000000000053,1.7999999999999998
Delayed getting medical care due to cost among adults,Healthcare access and quality,150,Geographic Characteristic,2,Social vulnerability,15,15,Little to no social vulnerability,48,48,"Percent of population, crude",1,2022,5.9,5.0,7.0,-0.7999999999999998,2.0
Delayed getting medical care due to cost among adults,Healthcare access and quality,150,Geographic Characteristic,2,Social vulnerability,15,15,Little to no social vulnerability,48,48,"Percent of population, crude",1,2023,5.9,5.0,7.0,0.0,2.0
Delayed getting medical care due to cost among adults,Healthcare access and quality,150,Geographic Characteristic,2,Social vulnerability,15,15,Little to no social vulnerability,48,48,"Percent of population, crude",1,2024,8.2,7.1,9.3,2.299999999999999,2.200000000000001
Delayed getting medical care due to cost among adults,Healthcare access and quality,150,Geographic Characteristic,2,Social vulnerability,15,15,Low social vulnerability,49,49,"Percent of population, crude",1,2019,8.9,8.0,9.7,,1.6999999999999993
Delayed getting medical care due to cost among adults,Healthcare access and quality,150,Geographic Characteristic,2,Social vulnerability,15,15,Low social vulnerability,49,49,"Percent of population, crude",1,2020,6.8,6.1,7.7,-2.1000000000000005,1.6000000000000005
Delayed getting medical care due to cost among adults,Healthcare access and quality,150,Geographic Characteristic,2,Social vulnerability,15,15,Low social vulnerability,49,49,"Percent of population, crude",1,2021,7.3,6.6,8.1,0.5,1.5
Delayed getting medical care due to cost among adults,Healthcare access and quality,150,Geographic Characteristic,2,Social vulnerability,15,15,Low social vulnerability,49,49,"Percent of population, crude",1,2022,6.3,5.6,7.1,-1.0,1.5
Delayed getting medical care due to cost among adults,Healthcare access and quality,150,Geographic Characteristic,2,Social vulnerability,15,15,Low social vulnerability,49,49,"Percent of population, crude",1,2023,6.6,5.8,7.4,0.2999999999999998,1.6000000000000005
Delayed getting medical care due to cost among adults,Healthcare access and quality,150,Geographic Characteristic,2,Social vulnerability,15,15,Low social vulnerability,49,49,"Percent of population, crude",1,2024,8.0,7.1,8.9,1.4000000000000004,1.8000000000000007
Delayed getting medical care due to cost among adults,Healthcare access and quality,150,Geographic Characteristic,2,Social vulnerability,15,15,Medium social vulnerability,50,50,"Percent of population, crude",1,2019,10.0,9.2,10.9,,1.700000000000001
Delayed getting medical care due to cost among adults,Healthcare access and quality,150,Geographic Characteristic,2,Social vulnerability,15,15,Medium social vulnerability,50,50,"Percent of population, crude",1,2020,8.2,7.4,9.0,-1.8000000000000007,1.5999999999999996
Delayed getting medical care due to cost among adults,Healthcare access and quality,150,Geographic Characteristic,2,Social vulnerability,15,15,Medium social vulnerability,50,50,"Percent of population, crude",1,2021,7.4,6.7,8.1,-0.7999999999999989,1.3999999999999995
Delayed getting medical care due to cost among adults,Healthcare access and quality,150,Geographic Characteristic,2,Social vulnerability,15,15,Medium social vulnerability,50,50,"Percent of population, crude",1,2022,6.9,6.2,7.6,-0.5,1.3999999999999995
Delayed getting medical care due to cost among adults,Healthcare access and quality,150,Geographic Characteristic,2,Social vulnerability,15,15,Medium social vulnerability,50,50,"Percent of population, crude",1,2023,7.6,6.8,8.3,0.6999999999999993,1.5000000000000009
Delayed getting medical care due to cost among adults,Healthcare access and quality,150,Geographic Characteristic,2,Social vulnerability,15,15,Medium social vulnerability,50,50,"Percent of population, crude",1,2024,9.2,8.4,10.0,1.5999999999999996,1.5999999999999996
Delayed getting medical care due to cost among adults,Healthcare access and quality,150,Total,0,Total,1,1,18 years and older,1,1,"Percent of population, crude",1,2019,9.1,8.6,9.5,,0.9000000000000004
Delayed getting medical care due to cost among adults,Healthcare access and quality,150,Total,0,Total,1,1,18 years and older,1,1,"Percent of population, crude",1,2020,7.5,7.1,8.0,-1.5999999999999996,0.9000000000000004
Delayed getting medical care due to cost among adults,Healthcare access and quality,150,Total,0,Total,1,1,18 years and older,1,1,"Percent of population, crude",1,2021,7.1,6.8,7.5,-0.40000000000000036,0.7000000000000002
Delayed getting medical care due to cost among adults,Healthcare access and quality,150,Total,0,Total,1,1,18 years and older,1,1,"Percent of population, crude",1,2022,7.0,6.6,7.4,-0.09999999999999964,0.8000000000000007
Delayed getting medical care due to cost among adults,Healthcare access and quality,150,Total,0,Total,1,1,18 years and older,1,1,"Percent of population, crude",1,2023,7.2,6.8,7.6,0.20000000000000018,0.7999999999999998
Delayed getting medical care due to cost among adults,Healthcare access and quality,150,Total,0,Total,1,1,18 years and older,1,1,"Percent of population, crude",1,2024,8.6,8.2,9.0,1.3999999999999995,0.8000000000000007
Delayed getting medical care due to cost among adults,Healthcare access and quality,150,Geographic Characteristic,2,Urbanicity,16,16,Large central metro,52,52,"Percent of population, crude",1,2019,9.1,8.3,10.0,,1.6999999999999993
Delayed getting medical care due to cost among adults,Healthcare access and quality,150,Geographic Characteristic,2,Urbanicity,16,16,Large central metro,52,52,"Percent of population, crude",1,2020,7.2,6.4,8.0,-1.8999999999999995,1.5999999999999996
Delayed getting medical care due to cost among adults,Healthcare access and quality,150,Geographic Characteristic,2,Urbanicity,16,16,Large central metro,52,52,"Percent of population, crude",1,2021,6.3,5.7,7.0,-0.9000000000000004,1.2999999999999998
Delayed getting medical care due to cost among adults,Healthcare access and quality,150,Geographic Characteristic,2,Urbanicity,16,16,Large central metro,52,52,"Percent of population, crude",1,2022,7.2,6.5,7.9,0.9000000000000004,1.4000000000000004
Delayed getting medical care due to cost among adults,Healthcare access and quality,150,Geographic Characteristic,2,Urbanicity,16,16,Large central metro,52,52,"Percent of population, crude",1,2023,6.7,6.1,7.4,-0.5,1.3000000000000007
Delayed getting medical care due to cost among adults,Healthcare access and quality,150,Geographic Characteristic,2,Urbanicity,16,16,Large central metro,52,52,"Percent of population, crude",1,2024,8.1,7.4,8.8,1.3999999999999995,1.4000000000000004
Delayed getting medical care due to cost among adults,Healthcare access and quality,150,Geographic Characteristic,2,Urbanicity,16,16,Large fringe metro,53,53,"Percent of population, crude",1,2019,7.9,7.1,8.8,,1.700000000000001
Delayed getting medical care due to cost among adults,Healthcare access and quality,150,Geographic Characteristic,2,Urbanicity,16,16,Large fringe metro,53,53,"Percent of population, crude",1,2020,6.7,5.9,7.6,-1.2000000000000002,1.6999999999999993
Delayed getting medical care due to cost among adults,Healthcare access and quality,150,Geographic Characteristic,2,Urbanicity,16,16,Large fringe metro,53,53,"Percent of population, crude",1,2021,6.5,5.8,7.3,-0.20000000000000018,1.5
Delayed getting medical care due to cost among adults,Healthcare access and quality,150,Geographic Characteristic,2,Urbanicity,16,16,Large fringe metro,53,53,"Percent of population, crude",1,2022,6.7,5.9,7.5,0.20000000000000018,1.5999999999999996
Delayed getting medical care due to cost among adults,Healthcare access and quality,150,Geographic Characteristic,2,Urbanicity,16,16,Large fringe metro,53,53,"Percent of population, crude",1,2023,6.5,5.7,7.3,-0.20000000000000018,1.5999999999999996
Delayed getting medical care due to cost among adults,Healthcare access and quality,150,Geographic Characteristic,2,Urbanicity,16,16,Large fringe metro,53,53,"Percent of population, crude",1,2024,7.9,7.1,8.8,1.4000000000000004,1.700000000000001
Delayed getting medical care due to cost among adults,Healthcare access and quality,150,Geographic Characteristic,2,Urbanicity,16,16,Medium and small metro,54,54,"Percent of population, crude",1,2019,9.6,8.8,10.4,,1.5999999999999996
Delayed getting medical care due to cost among adults,Healthcare access and quality,150,Geographic Characteristic,2,Urbanicity,16,16,Medium and small metro,54,54,"Percent of population, crude",1,2020,8.2,7.5,8.9,-1.4000000000000004,1.4000000000000004
Delayed getting medical care due to cost among adults,Healthcare access and quality,150,Geographic Characteristic,2,Urbanicity,16,16,Medium and small metro,54,54,"Percent of population, crude",1,2021,7.6,6.9,8.3,-0.5999999999999996,1.4000000000000004
Delayed getting medical care due to cost among adults,Healthcare access and quality,150,Geographic Characteristic,2,Urbanicity,16,16,Medium and small metro,54,54,"Percent of population, crude",1,2022,6.9,6.2,7.6,-0.6999999999999993,1.3999999999999995
Delayed getting medical care due to cost among adults,Healthcare access and quality,150,Geographic Characteristic,2,Urbanicity,16,16,Medium and small metro,54,54,"Percent of population, crude",1,2023,8.2,7.5,9.1,1.299999999999999,1.5999999999999996
Delayed getting medical care due to cost among adults,Healthcare access and quality,150,Geographic Characteristic,2,Urbanicity,16,16,Medium and small metro,54,54,"Percent of population, crude",1,2024,9.9,9.1,10.8,1.700000000000001,1.700000000000001
Delayed getting medical care due to cost among adults,Healthcare access and quality,150,Geographic Characteristic,2,Urbanicity,16,16,Nonmetropolitan,55,55,"Percent of population, crude",1,2019,9.8,8.6,11.1,,2.5
Delayed getting medical care due to cost among adults,Healthcare access and quality,150,Geographic Characteristic,2,Urbanicity,16,16,Nonmetropolitan,55,55,"Percent of population, crude",1,2020,8.2,7.0,9.5,-1.6000000000000014,2.5
Delayed getting medical care due to cost among adults,Healthcare access and quality,150,Geographic Characteristic,2,Urbanicity,16,16,Nonmetropolitan,55,55,"Percent of population, crude",1,2021,9.2,8.1,10.3,1.0,2.200000000000001
Delayed getting medical care due to cost among adults,Healthcare access and quality,150,Geographic Characteristic,2,Urbanicity,16,16,Nonmetropolitan,55,55,"Percent of population, crude",1,2022,7.8,6.7,8.9,-1.3999999999999995,2.2
Delayed getting medical care due to cost among adults,Healthcare access and quality,150,Geographic Characteristic,2,Urbanicity,16,16,Nonmetropolitan,55,55,"Percent of population, crude",1,2023,7.2,6.2,8.3,-0.5999999999999996,2.1000000000000005
Delayed getting medical care due to cost among adults,Healthcare access and quality,150,Geographic Characteristic,2,Urbanicity,16,16,Nonmetropolitan,55,55,"Percent of population, crude",1,2024,8.1,7.3,9.0,0.8999999999999995,1.7000000000000002
Delayed getting medical care due to cost among adults,Healthcare access and quality,150,Demographic Characteristic,1,Veteran status,12,12,Non-veteran,40,40,"Percent of population, crude",1,2019,9.3,8.9,9.8,,0.9000000000000004
Delayed getting medical care due to cost among adults,Healthcare access and quality,150,Demographic Characteristic,1,Veteran status,12,12,Non-veteran,40,40,"Percent of population, crude",1,2020,7.8,7.3,8.2,-1.5000000000000009,0.8999999999999995
Delayed getting medical care due to cost among adults,Healthcare access and quality,150,Demographic Characteristic,1,Veteran status,12,12,Non-veteran,40,40,"Percent of population, crude",1,2021,7.4,7.0,7.8,-0.39999999999999947,0.7999999999999998
Delayed getting medical care due to cost among adults,Healthcare access and quality,150,Demographic Characteristic,1,Veteran status,12,12,Non-veteran,40,40,"Percent of population, crude",1,2022,7.2,6.8,7.6,-0.20000000000000018,0.7999999999999998
Delayed getting medical care due to cost among adults,Healthcare access and quality,150,Demographic Characteristic,1,Veteran status,12,12,Non-veteran,40,40,"Percent of population, crude",1,2023,7.5,7.1,7.9,0.2999999999999998,0.8000000000000007
Delayed getting medical care due to cost among adults,Healthcare access and quality,150,Demographic Characteristic,1,Veteran status,12,12,Non-veteran,40,40,"Percent of population, crude",1,2024,8.9,8.5,9.4,1.4000000000000004,0.9000000000000004
Delayed getting medical care due to cost among adults,Healthcare access and quality,150,Demographic Characteristic,1,Veteran status,12,12,Veteran,39,39,"Percent of population, crude",1,2019,5.5,4.5,6.7,,2.2
Delayed getting medical care due to cost among adults,Healthcare access and quality,150,Demographic Characteristic,1,Veteran status,12,12,Veteran,39,39,"Percent of population, crude",1,2020,4.5,3.5,5.6,-1.0,2.0999999999999996
Delayed getting medical care due to cost among adults,Healthcare access and quality,150,Demographic Characteristic,1,Veteran status,12,12,Veteran,39,39,"Percent of population, crude",1,2021,4.2,3.3,5.3,-0.2999999999999998,2.0
Delayed getting medical care due to cost among adults,Healthcare access and quality,150,Demographic Characteristic,1,Veteran status,12,12,Veteran,39,39,"Percent of population, crude",1,2022,4.0,3.1,5.1,-0.20000000000000018,1.9999999999999996
Delayed getting medical care due to cost among adults,Healthcare access and quality,150,Demographic Characteristic,1,Veteran status,12,12,Veteran,39,39,"Percent of population, crude",1,2023,3.9,3.0,5.0,-0.10000000000000009,2.0
Delayed getting medical care due to cost among adults,Healthcare access and quality,150,Demographic Characteristic,1,Veteran status,12,12,Veteran,39,39,"Percent of population, crude",1,2024,5.2,4.1,6.4,1.3000000000000003,2.3000000000000007
Did not get needed medical care due to cost,Healthcare access and quality,150,Demographic Characteristic,1,Age groups with 65 years and older,2,2,18-34 years,2,2,"Percent of population, crude",1,2019,9.1,8.3,10.0,,1.6999999999999993
Did not get needed medical care due to cost,Healthcare access and quality,150,Demographic Characteristic,1,Age groups with 65 years and older,2,2,18-34 years,2,2,"Percent of population, crude",1,2020,7.6,6.8,8.6,-1.5,1.7999999999999998
Did not get needed medical care due to cost,Healthcare access and quality,150,Demographic Characteristic,1,Age groups with 65 years and older,2,2,18-34 years,2,2,"Percent of population, crude",1,2021,7.0,6.3,7.9,-0.5999999999999996,1.6000000000000005
Did not get needed medical care due to cost,Healthcare access and quality,150,Demographic Characteristic,1,Age groups with 65 years and older,2,2,18-34 years,2,2,"Percent of population, crude",1,2022,7.0,6.3,7.8,0.0,1.5
Did not get needed medical care due to cost,Healthcare access and quality,150,Demographic Characteristic,1,Age groups with 65 years and older,2,2,18-34 years,2,2,"Percent of population, crude",1,2023,7.0,6.2,7.7,0.0,1.5
Did not get needed medical care due to cost,Healthcare access and quality,150,Demographic Characteristic,1,Age groups with 65 years and older,2,2,18-34 years,2,2,"Percent of population, crude",1,2024,8.8,8.0,9.6,1.8000000000000007,1.5999999999999996
Did not get needed medical care due to cost,Healthcare access and quality,150,Demographic Characteristic,1,Age groups with 65 years and older,2,2,35-49 years,3,3,"Percent of population, crude",1,2019,10.0,9.1,10.9,,1.8000000000000007
Did not get needed medical care due to cost,Healthcare access and quality,150,Demographic Characteristic,1,Age groups with 65 years and older,2,2,35-49 years,3,3,"Percent of population, crude",1,2020,7.9,7.1,8.7,-2.0999999999999996,1.5999999999999996
Did not get needed medical care due to cost,Healthcare access and quality,150,Demographic Characteristic,1,Age groups with 65 years and older,2,2,35-49 years,3,3,"Percent of population, crude",1,2021,7.4,6.7,8.2,-0.5,1.4999999999999991
Did not get needed medical care due to cost,Healthcare access and quality,150,Demographic Characteristic,1,Age groups with 65 years and older,2,2,35-49 years,3,3,"Percent of population, crude",1,2022,8.4,7.6,9.2,1.0,1.5999999999999996
Did not get needed medical care due to cost,Healthcare access and quality,150,Demographic Characteristic,1,Age groups with 65 years and older,2,2,35-49 years,3,3,"Percent of population, crude",1,2023,8.3,7.5,9.2,-0.09999999999999964,1.6999999999999993
Did not get needed medical care due to cost,Healthcare access and quality,150,Demographic Characteristic,1,Age groups with 65 years and older,2,2,35-49 years,3,3,"Percent of population, crude",1,2024,9.7,8.9,10.6,1.3999999999999986,1.6999999999999993
Did not get needed medical care due to cost,Healthcare access and quality,150,Demographic Characteristic,1,Age groups with 65 years and older,2,2,50-64 years,4,4,"Percent of population, crude",1,2019,9.8,9.0,10.7,,1.6999999999999993
Did not get needed medical care due to cost,Healthcare access and quality,150,Demographic Characteristic,1,Age groups with 65 years and older,2,2,50-64 years,4,4,"Percent of population, crude",1,2020,8.0,7.3,8.8,-1.8000000000000007,1.5000000000000009
Did not get needed medical care due to cost,Healthcare access and quality,150,Demographic Characteristic,1,Age groups with 65 years and older,2,2,50-64 years,4,4,"Percent of population, crude",1,2021,7.2,6.5,7.9,-0.7999999999999998,1.4000000000000004
Did not get needed medical care due to cost,Healthcare access and quality,150,Demographic Characteristic,1,Age groups with 65 years and older,2,2,50-64 years,4,4,"Percent of population, crude",1,2022,6.7,6.0,7.4,-0.5,1.4000000000000004
Did not get needed medical care due to cost,Healthcare access and quality,150,Demographic Characteristic,1,Age groups with 65 years and older,2,2,50-64 years,4,4,"Percent of population, crude",1,2023,7.4,6.6,8.2,0.7000000000000002,1.5999999999999996
Did not get needed medical care due to cost,Healthcare access and quality,150,Demographic Characteristic,1,Age groups with 65 years and older,2,2,50-64 years,4,4,"Percent of population, crude",1,2024,8.3,7.6,9.1,0.9000000000000004,1.5
Did not get needed medical care due to cost,Healthcare access and quality,150,Demographic Characteristic,1,Age groups with 65 years and older,2,2,65 years and older,5,5,"Percent of population, crude",1,2019,3.4,2.9,3.9,,1.0
Did not get needed medical care due to cost,Healthcare access and quality,150,Demographic Characteristic,1,Age groups with 65 years and older,2,2,65 years and older,5,5,"Percent of population, crude",1,2020,2.3,1.9,2.7,-1.1,0.8000000000000003
Did not get needed medical care due to cost,Healthcare access and quality,150,Demographic Characteristic,1,Age groups with 65 years and older,2,2,65 years and older,5,5,"Percent of population, crude",1,2021,2.2,1.9,2.5,-0.09999999999999964,0.6000000000000001
Did not get needed medical care due to cost,Healthcare access and quality,150,Demographic Characteristic,1,Age groups with 65 years and older,2,2,65 years and older,5,5,"Percent of population, crude",1,2022,2.6,2.2,3.1,0.3999999999999999,0.8999999999999999
Did not get needed medical care due to cost,Healthcare access and quality,150,Demographic Characteristic,1,Age groups with 65 years and older,2,2,65 years and older,5,5,"Percent of population, crude",1,2023,2.2,1.9,2.6,-0.3999999999999999,0.7000000000000002
Did not get needed medical care due to cost,Healthcare access and quality,150,Demographic Characteristic,1,Age groups with 65 years and older,2,2,65 years and older,5,5,"Percent of population, crude",1,2024,2.2,1.9,2.6,0.0,0.7000000000000002
Did not get needed medical care due to cost,Healthcare access and quality,150,Demographic Characteristic,1,Age groups with 75 years and older,3,3,18-44 years,6,6,"Percent of population, crude",1,2019,9.4,8.8,10.1,,1.299999999999999
Did not get needed medical care due to cost,Healthcare access and quality,150,Demographic Characteristic,1,Age groups with 75 years and older,3,3,18-44 years,6,6,"Percent of population, crude",1,2020,7.8,7.1,8.5,-1.6000000000000005,1.4000000000000004
Did not get needed medical care due to cost,Healthcare access and quality,150,Demographic Characteristic,1,Age groups with 75 years and older,3,3,18-44 years,6,6,"Percent of population, crude",1,2021,7.0,6.4,7.6,-0.7999999999999998,1.1999999999999993
Did not get needed medical care due to cost,Healthcare access and quality,150,Demographic Characteristic,1,Age groups with 75 years and older,3,3,18-44 years,6,6,"Percent of population, crude",1,2022,7.4,6.8,8.0,0.40000000000000036,1.2000000000000002
Did not get needed medical care due to cost,Healthcare access and quality,150,Demographic Characteristic,1,Age groups with 75 years and older,3,3,18-44 years,6,6,"Percent of population, crude",1,2023,7.4,6.8,8.0,0.0,1.2000000000000002
Did not get needed medical care due to cost,Healthcare access and quality,150,Demographic Characteristic,1,Age groups with 75 years and older,3,3,18-44 years,6,6,"Percent of population, crude",1,2024,9.1,8.5,9.8,1.6999999999999993,1.3000000000000007
Did not get needed medical care due to cost,Healthcare access and quality,150,Demographic Characteristic,1,Age groups with 75 years and older,3,3,45-64 years,7,7,"Percent of population, crude",1,2019,9.9,9.1,10.6,,1.5
Did not get needed medical care due to cost,Healthcare access and quality,150,Demographic Characteristic,1,Age groups with 75 years and older,3,3,45-64 years,7,7,"Percent of population, crude",1,2020,7.9,7.3,8.6,-2.0,1.2999999999999998
Did not get needed medical care due to cost,Healthcare access and quality,150,Demographic Characteristic,1,Age groups with 75 years and older,3,3,45-64 years,7,7,"Percent of population, crude",1,2021,7.4,6.8,8.1,-0.5,1.2999999999999998
Did not get needed medical care due to cost,Healthcare access and quality,150,Demographic Characteristic,1,Age groups with 75 years and older,3,3,45-64 years,7,7,"Percent of population, crude",1,2022,7.3,6.6,7.9,-0.10000000000000053,1.3000000000000007
Did not get needed medical care due to cost,Healthcare access and quality,150,Demographic Characteristic,1,Age groups with 75 years and older,3,3,45-64 years,7,7,"Percent of population, crude",1,2023,7.7,7.0,8.4,0.40000000000000036,1.4000000000000004
Did not get needed medical care due to cost,Healthcare access and quality,150,Demographic Characteristic,1,Age groups with 75 years and older,3,3,45-64 years,7,7,"Percent of population, crude",1,2024,8.7,8.0,9.4,0.9999999999999991,1.4000000000000004
Did not get needed medical care due to cost,Healthcare access and quality,150,Demographic Characteristic,1,Age groups with 75 years and older,3,3,65-74 years,8,8,"Percent of population, crude",1,2019,4.0,3.3,4.7,,1.4000000000000004
Did not get needed medical care due to cost,Healthcare access and quality,150,Demographic Characteristic,1,Age groups with 75 years and older,3,3,65-74 years,8,8,"Percent of population, crude",1,2020,2.9,2.4,3.5,-1.1,1.1
Did not get needed medical care due to cost,Healthcare access and quality,150,Demographic Characteristic,1,Age groups with 75 years and older,3,3,65-74 years,8,8,"Percent of population, crude",1,2021,2.7,2.2,3.2,-0.19999999999999973,1.0
Did not get needed medical care due to cost,Healthcare access and quality,150,Demographic Characteristic,1,Age groups with 75 years and older,3,3,65-74 years,8,8,"Percent of population, crude",1,2022,3.4,2.8,4.1,0.6999999999999997,1.2999999999999998
Did not get needed medical care due to cost,Healthcare access and quality,150,Demographic Characteristic,1,Age groups with 75 years and older,3,3,65-74 years,8,8,"Percent of population, crude",1,2023,3.0,2.5,3.6,-0.3999999999999999,1.1
Did not get needed medical care due to cost,Healthcare access and quality,150,Demographic Characteristic,1,Age groups with 75 years and older,3,3,65-74 years,8,8,"Percent of population, crude",1,2024,2.9,2.4,3.5,-0.10000000000000009,1.1
Did not get needed medical care due to cost,Healthcare access and quality,150,Demographic Characteristic,1,Age groups with 75 years and older,3,3,75 years and older,9,9,"Percent of population, crude",1,2019,2.6,1.9,3.4,,1.5
Did not get needed medical care due to cost,Healthcare access and quality,150,Demographic Characteristic,1,Age groups with 75 years and older,3,3,75 years and older,9,9,"Percent of population, crude",1,2020,1.5,1.0,2.0,-1.1,1.0
Did not get needed medical care due to cost,Healthcare access and quality,150,Demographic Characteristic,1,Age groups with 75 years and older,3,3,75 years and older,9,9,"Percent of population, crude",1,2021,1.4,1.0,1.9,-0.10000000000000009,0.8999999999999999
Did not get needed medical care due to cost,Healthcare access and quality,150,Demographic Characteristic,1,Age groups with 75 years and older,3,3,75 years and older,9,9,"Percent of population, crude",1,2022,1.4,1.0,1.9,0.0,0.8999999999999999
Did not get needed medical care due to cost,Healthcare access and quality,150,Demographic Characteristic,1,Age groups with 75 years and older,3,3,75 years and older,9,9,"Percent of population, crude",1,2023,1.1,0.7,1.6,-0.2999999999999998,0.9000000000000001
Did not get needed medical care due to cost,Healthcare access and quality,150,Demographic Characteristic,1,Age groups with 75 years and older,3,3,75 years and older,9,9,"Percent of population, crude",1,2024,1.4,1.0,1.8,0.2999999999999998,0.8
Did not get needed medical care due to cost,Healthcare access and quality,150,Demographic Characteristic,1,Disability status,4,4,With disability,10,10,"Percent of population, crude",1,2019,14.8,13.4,16.4,,2.9999999999999982
Did not get needed medical care due to cost,Healthcare access and quality,150,Demographic Characteristic,1,Disability status,4,4,With disability,10,10,"Percent of population, crude",1,2020,13.1,11.4,15.0,-1.700000000000001,3.5999999999999996
Did not get needed medical care due to cost,Healthcare access and quality,150,Demographic Characteristic,1,Disability status,4,4,With disability,10,10,"Percent of population, crude",1,2021,11.8,10.4,13.3,-1.299999999999999,2.9000000000000004
Did not get needed medical care due to cost,Healthcare access and quality,150,Demographic Characteristic,1,Disability status,4,4,With disability,10,10,"Percent of population, crude",1,2022,12.4,10.8,14.1,0.5999999999999996,3.299999999999999
Did not get needed medical care due to cost,Healthcare access and quality,150,Demographic Characteristic,1,Disability status,4,4,With disability,10,10,"Percent of population, crude",1,2023,12.8,11.2,14.4,0.40000000000000036,3.200000000000001
Did not get needed medical care due to cost,Healthcare access and quality,150,Demographic Characteristic,1,Disability status,4,4,With disability,10,10,"Percent of population, crude",1,2024,12.8,11.4,14.3,0.0,2.9000000000000004
Did not get needed medical care due to cost,Healthcare access and quality,150,Demographic Characteristic,1,Disability status,4,4,Without disability,11,11,"Percent of population, crude",1,2019,7.6,7.2,8.1,,0.8999999999999995
Did not get needed medical care due to cost,Healthcare access and quality,150,Demographic Characteristic,1,Disability status,4,4,Without disability,11,11,"Percent of population, crude",1,2020,6.0,5.6,6.4,-1.5999999999999996,0.8000000000000007
Did not get needed medical care due to cost,Healthcare access and quality,150,Demographic Characteristic,1,Disability status,4,4,Without disability,11,11,"Percent of population, crude",1,2021,5.5,5.2,5.9,-0.5,0.7000000000000002
Did not get needed medical care due to cost,Healthcare access and quality,150,Demographic Characteristic,1,Disability status,4,4,Without disability,11,11,"Percent of population, crude",1,2022,5.7,5.3,6.0,0.20000000000000018,0.7000000000000002
Did not get needed medical care due to cost,Healthcare access and quality,150,Demographic Characteristic,1,Disability status,4,4,Without disability,11,11,"Percent of population, crude",1,2023,5.7,5.3,6.0,0.0,0.7000000000000002
Did not get needed medical care due to cost,Healthcare access and quality,150,Demographic Characteristic,1,Disability status,4,4,Without disability,11,11,"Percent of population, crude",1,2024,6.8,6.4,7.2,1.0999999999999996,0.7999999999999998
Did not get needed medical care due to cost,Healthcare access and quality,150,Socioeconomic Characteristic,3,Education,17,17,College degree or higher,59,59,"Percent of population, crude",1,2019,4.3,3.8,4.8,,1.0
Did not get needed medical care due to cost,Healthcare access and quality,150,Socioeconomic Characteristic,3,Education,17,17,College degree or higher,59,59,"Percent of population, crude",1,2020,3.9,3.4,4.4,-0.3999999999999999,1.0000000000000004
Did not get needed medical care due to cost,Healthcare access and quality,150,Socioeconomic Characteristic,3,Education,17,17,College degree or higher,59,59,"Percent of population, crude",1,2021,4.4,4.0,5.0,0.5000000000000004,1.0
Did not get needed medical care due to cost,Healthcare access and quality,150,Socioeconomic Characteristic,3,Education,17,17,College degree or higher,59,59,"Percent of population, crude",1,2022,4.0,3.5,4.5,-0.40000000000000036,1.0
Did not get needed medical care due to cost,Healthcare access and quality,150,Socioeconomic Characteristic,3,Education,17,17,College degree or higher,59,59,"Percent of population, crude",1,2023,4.0,3.6,4.5,0.0,0.8999999999999999
Did not get needed medical care due to cost,Healthcare access and quality,150,Socioeconomic Characteristic,3,Education,17,17,College degree or higher,59,59,"Percent of population, crude",1,2024,5.3,4.8,5.8,1.2999999999999998,1.0
Did not get needed medical care due to cost,Healthcare access and quality,150,Socioeconomic Characteristic,3,Education,17,17,High school diploma or GED,57,57,"Percent of population, crude",1,2019,9.9,9.1,10.8,,1.700000000000001
Did not get needed medical care due to cost,Healthcare access and quality,150,Socioeconomic Characteristic,3,Education,17,17,High school diploma or GED,57,57,"Percent of population, crude",1,2020,7.7,6.9,8.5,-2.2,1.5999999999999996
Did not get needed medical care due to cost,Healthcare access and quality,150,Socioeconomic Characteristic,3,Education,17,17,High school diploma or GED,57,57,"Percent of population, crude",1,2021,6.9,6.1,7.7,-0.7999999999999998,1.6000000000000005
Did not get needed medical care due to cost,Healthcare access and quality,150,Socioeconomic Characteristic,3,Education,17,17,High school diploma or GED,57,57,"Percent of population, crude",1,2022,7.2,6.5,8.1,0.2999999999999998,1.5999999999999996
Did not get needed medical care due to cost,Healthcare access and quality,150,Socioeconomic Characteristic,3,Education,17,17,High school diploma or GED,57,57,"Percent of population, crude",1,2023,7.5,6.7,8.4,0.2999999999999998,1.7000000000000002
Did not get needed medical care due to cost,Healthcare access and quality,150,Socioeconomic Characteristic,3,Education,17,17,High school diploma or GED,57,57,"Percent of population, crude",1,2024,7.9,7.1,8.7,0.40000000000000036,1.5999999999999996
Did not get needed medical care due to cost,Healthcare access and quality,150,Socioeconomic Characteristic,3,Education,17,17,No high school diploma or GED,56,56,"Percent of population, crude",1,2019,13.6,11.9,15.4,,3.5
Did not get needed medical care due to cost,Healthcare access and quality,150,Socioeconomic Characteristic,3,Education,17,17,No high school diploma or GED,56,56,"Percent of population, crude",1,2020,10.1,8.5,11.9,-3.5,3.4000000000000004
Did not get needed medical care due to cost,Healthcare access and quality,150,Socioeconomic Characteristic,3,Education,17,17,No high school diploma or GED,56,56,"Percent of population, crude",1,2021,9.2,7.8,10.7,-0.9000000000000004,2.8999999999999995
Did not get needed medical care due to cost,Healthcare access and quality,150,Socioeconomic Characteristic,3,Education,17,17,No high school diploma or GED,56,56,"Percent of population, crude",1,2022,11.2,9.6,13.0,2.0,3.4000000000000004
Did not get needed medical care due to cost,Healthcare access and quality,150,Socioeconomic Characteristic,3,Education,17,17,No high school diploma or GED,56,56,"Percent of population, crude",1,2023,10.3,8.8,12.0,-0.8999999999999986,3.1999999999999993
Did not get needed medical care due to cost,Healthcare access and quality,150,Socioeconomic Characteristic,3,Education,17,17,No high school diploma or GED,56,56,"Percent of population, crude",1,2024,10.4,8.9,12.2,0.09999999999999964,3.299999999999999
Did not get needed medical care due to cost,Healthcare access and quality,150,Socioeconomic Characteristic,3,Education,17,17,Some college,58,58,"Percent of population, crude",1,2019,9.2,8.4,10.0,,1.5999999999999996
Did not get needed medical care due to cost,Healthcare access and quality,150,Socioeconomic Characteristic,3,Education,17,17,Some college,58,58,"Percent of population, crude",1,2020,7.4,6.7,8.2,-1.799999999999999,1.4999999999999991
Did not get needed medical care due to cost,Healthcare access and quality,150,Socioeconomic Characteristic,3,Education,17,17,Some college,58,58,"Percent of population, crude",1,2021,7.1,6.4,7.8,-0.3000000000000007,1.3999999999999995
Did not get needed medical care due to cost,Healthcare access and quality,150,Socioeconomic Characteristic,3,Education,17,17,Some college,58,58,"Percent of population, crude",1,2022,6.7,6.0,7.4,-0.39999999999999947,1.4000000000000004
Did not get needed medical care due to cost,Healthcare access and quality,150,Socioeconomic Characteristic,3,Education,17,17,Some college,58,58,"Percent of population, crude",1,2023,7.3,6.6,8.0,0.5999999999999996,1.4000000000000004
Did not get needed medical care due to cost,Healthcare access and quality,150,Socioeconomic Characteristic,3,Education,17,17,Some college,58,58,"Percent of population, crude",1,2024,9.1,8.3,9.9,1.7999999999999998,1.5999999999999996
Did not get needed medical care due to cost,Healthcare access and quality,150,Socioeconomic Characteristic,3,Employment status,18,18,Employed,60,60,"Percent of population, crude",1,2019,8.4,7.9,9.0,,1.0999999999999996
Did not get needed medical care due to cost,Healthcare access and quality,150,Socioeconomic Characteristic,3,Employment status,18,18,Employed,60,60,"Percent of population, crude",1,2020,6.7,6.3,7.3,-1.7000000000000002,1.0
Did not get needed medical care due to cost,Healthcare access and quality,150,Socioeconomic Characteristic,3,Employment status,18,18,Employed,60,60,"Percent of population, crude",1,2021,6.2,5.8,6.7,-0.5,0.9000000000000004
Did not get needed medical care due to cost,Healthcare access and quality,150,Socioeconomic Characteristic,3,Employment status,18,18,Employed,60,60,"Percent of population, crude",1,2022,6.6,6.1,7.1,0.39999999999999947,1.0
Did not get needed medical care due to cost,Healthcare access and quality,150,Socioeconomic Characteristic,3,Employment status,18,18,Employed,60,60,"Percent of population, crude",1,2023,6.6,6.1,7.1,0.0,1.0
Did not get needed medical care due to cost,Healthcare access and quality,150,Socioeconomic Characteristic,3,Employment status,18,18,Employed,60,60,"Percent of population, crude",1,2024,8.2,7.6,8.7,1.5999999999999996,1.0999999999999996
Did not get needed medical care due to cost,Healthcare access and quality,150,Socioeconomic Characteristic,3,Employment status,18,18,Employed - Full-time,61,61,"Percent of population, crude",1,2019,8.3,7.7,8.9,,1.2000000000000002
Did not get needed medical care due to cost,Healthcare access and quality,150,Socioeconomic Characteristic,3,Employment status,18,18,Employed - Full-time,61,61,"Percent of population, crude",1,2020,6.5,6.0,7.1,-1.8000000000000007,1.0999999999999996
Did not get needed medical care due to cost,Healthcare access and quality,150,Socioeconomic Characteristic,3,Employment status,18,18,Employed - Full-time,61,61,"Percent of population, crude",1,2021,6.1,5.6,6.6,-0.40000000000000036,1.0
Did not get needed medical care due to cost,Healthcare access and quality,150,Socioeconomic Characteristic,3,Employment status,18,18,Employed - Full-time,61,61,"Percent of population, crude",1,2022,6.4,5.9,6.9,0.3000000000000007,1.0
Did not get needed medical care due to cost,Healthcare access and quality,150,Socioeconomic Characteristic,3,Employment status,18,18,Employed - Full-time,61,61,"Percent of population, crude",1,2023,6.4,5.9,7.0,0.0,1.0999999999999996
Did not get needed medical care due to cost,Healthcare access and quality,150,Socioeconomic Characteristic,3,Employment status,18,18,Employed - Full-time,61,61,"Percent of population, crude",1,2024,7.9,7.4,8.5,1.5,1.0999999999999996
Did not get needed medical care due to cost,Healthcare access and quality,150,Socioeconomic Characteristic,3,Employment status,18,18,Employed - Part-time,62,62,"Percent of population, crude",1,2019,8.9,7.7,10.3,,2.6000000000000005
Did not get needed medical care due to cost,Healthcare access and quality,150,Socioeconomic Characteristic,3,Employment status,18,18,Employed - Part-time,62,62,"Percent of population, crude",1,2020,7.7,6.5,9.1,-1.2000000000000002,2.5999999999999996
Did not get needed medical care due to cost,Healthcare access and quality,150,Socioeconomic Characteristic,3,Employment status,18,18,Employed - Part-time,62,62,"Percent of population, crude",1,2021,6.9,5.8,8.1,-0.7999999999999998,2.3
Did not get needed medical care due to cost,Healthcare access and quality,150,Socioeconomic Characteristic,3,Employment status,18,18,Employed - Part-time,62,62,"Percent of population, crude",1,2022,7.6,6.5,8.9,0.6999999999999993,2.4000000000000004
Did not get needed medical care due to cost,Healthcare access and quality,150,Socioeconomic Characteristic,3,Employment status,18,18,Employed - Part-time,62,62,"Percent of population, crude",1,2023,7.1,6.0,8.2,-0.5,2.1999999999999993
Did not get needed medical care due to cost,Healthcare access and quality,150,Socioeconomic Characteristic,3,Employment status,18,18,Employed - Part-time,62,62,"Percent of population, crude",1,2024,9.0,7.8,10.2,1.9000000000000004,2.3999999999999995
Did not get needed medical care due to cost,Healthcare access and quality,150,Socioeconomic Characteristic,3,Employment status,18,18,Not employed,63,63,"Percent of population, crude",1,2019,7.8,7.2,8.5,,1.2999999999999998
Did not get needed medical care due to cost,Healthcare access and quality,150,Socioeconomic Characteristic,3,Employment status,18,18,Not employed,63,63,"Percent of population, crude",1,2020,6.4,5.7,7.1,-1.3999999999999995,1.3999999999999995
Did not get needed medical care due to cost,Healthcare access and quality,150,Socioeconomic Characteristic,3,Employment status,18,18,Not employed,63,63,"Percent of population, crude",1,2021,5.8,5.2,6.3,-0.6000000000000005,1.0999999999999996
Did not get needed medical care due to cost,Healthcare access and quality,150,Socioeconomic Characteristic,3,Employment status,18,18,Not employed,63,63,"Percent of population, crude",1,2022,5.4,4.8,6.0,-0.39999999999999947,1.2000000000000002
Did not get needed medical care due to cost,Healthcare access and quality,150,Socioeconomic Characteristic,3,Employment status,18,18,Not employed,63,63,"Percent of population, crude",1,2023,6.0,5.4,6.6,0.5999999999999996,1.1999999999999993
Did not get needed medical care due to cost,Healthcare access and quality,150,Socioeconomic Characteristic,3,Employment status,18,18,Not employed,63,63,"Percent of population, crude",1,2024,6.0,5.5,6.6,0.0,1.0999999999999996
Did not get needed medical care due to cost,Healthcare access and quality,150,Socioeconomic Characteristic,3,Employment status,18,18,Not employed - Has never worked,65,65,"Percent of population, crude",1,2019,7.0,4.7,9.9,,5.2
Did not get needed medical care due to cost,Healthcare access and quality,150,Socioeconomic Characteristic,3,Employment status,18,18,Not employed - Has never worked,65,65,"Percent of population, crude",1,2020,5.3,2.9,9.0,-1.7000000000000002,6.1
Did not get needed medical care due to cost,Healthcare access and quality,150,Socioeconomic Characteristic,3,Employment status,18,18,Not employed - Has never worked,65,65,"Percent of population, crude",1,2021,2.8,1.4,5.0,-2.5,3.6
Did not get needed medical care due to cost,Healthcare access and quality,150,Socioeconomic Characteristic,3,Employment status,18,18,Not employed - Has never worked,65,65,"Percent of population, crude",1,2022,3.7,2.0,6.4,0.9000000000000004,4.4
Did not get needed medical care due to cost,Healthcare access and quality,150,Socioeconomic Characteristic,3,Employment status,18,18,Not employed - Has never worked,65,65,"Percent of population, crude",1,2023,2.7,1.4,4.6,-1.0,3.1999999999999997
Did not get needed medical care due to cost,Healthcare access and quality,150,Socioeconomic Characteristic,3,Employment status,18,18,Not employed - Has never worked,65,65,"Percent of population, crude",1,2024,3.8,2.0,6.3,1.0999999999999996,4.3
Did not get needed medical care due to cost,Healthcare access and quality,150,Socioeconomic Characteristic,3,Employment status,18,18,Not employed - Has worked previously,64,64,"Percent of population, crude",1,2019,7.9,7.3,8.6,,1.2999999999999998
Did not get needed medical care due to cost,Healthcare access and quality,150,Socioeconomic Characteristic,3,Employment status,18,18,Not employed - Has worked previously,64,64,"Percent of population, crude",1,2020,6.5,5.8,7.2,-1.4000000000000004,1.4000000000000004
Did not get needed medical care due to cost,Healthcare access and quality,150,Socioeconomic Characteristic,3,Employment status,18,18,Not employed - Has worked previously,64,64,"Percent of population, crude",1,2021,6.0,5.4,6.6,-0.5,1.1999999999999993
Did not get needed medical care due to cost,Healthcare access and quality,150,Socioeconomic Characteristic,3,Employment status,18,18,Not employed - Has worked previously,64,64,"Percent of population, crude",1,2022,5.5,4.9,6.1,-0.5,1.1999999999999993
Did not get needed medical care due to cost,Healthcare access and quality,150,Socioeconomic Characteristic,3,Employment status,18,18,Not employed - Has worked previously,64,64,"Percent of population, crude",1,2023,6.2,5.6,6.9,0.7000000000000002,1.3000000000000007
Did not get needed medical care due to cost,Healthcare access and quality,150,Socioeconomic Characteristic,3,Employment status,18,18,Not employed - Has worked previously,64,64,"Percent of population, crude",1,2024,6.2,5.6,6.8,0.0,1.2000000000000002
Did not get needed medical care due to cost,Healthcare access and quality,150,Demographic Characteristic,1,Functioning difficulties status,5,5,With functioning difficulties,12,12,"Percent of population, crude",1,2019,11.5,10.7,12.2,,1.5
Did not get needed medical care due to cost,Healthcare access and quality,150,Demographic Characteristic,1,Functioning difficulties status,5,5,With functioning difficulties,12,12,"Percent of population, crude",1,2020,9.5,8.8,10.3,-2.0,1.5
Did not get needed medical care due to cost,Healthcare access and quality,150,Demographic Characteristic,1,Functioning difficulties status,5,5,With functioning difficulties,12,12,"Percent of population, crude",1,2021,8.8,8.2,9.4,-0.6999999999999993,1.200000000000001
Did not get needed medical care due to cost,Healthcare access and quality,150,Demographic Characteristic,1,Functioning difficulties status,5,5,With functioning difficulties,12,12,"Percent of population, crude",1,2022,9.0,8.3,9.7,0.1999999999999993,1.3999999999999986
Did not get needed medical care due to cost,Healthcare access and quality,150,Demographic Characteristic,1,Functioning difficulties status,5,5,With functioning difficulties,12,12,"Percent of population, crude",1,2023,9.0,8.4,9.7,0.0,1.299999999999999
Did not get needed medical care due to cost,Healthcare access and quality,150,Demographic Characteristic,1,Functioning difficulties status,5,5,With functioning difficulties,12,12,"Percent of population, crude",1,2024,9.9,9.3,10.6,0.9000000000000004,1.299999999999999
Did not get needed medical care due to cost,Healthcare access and quality,150,Demographic Characteristic,1,Functioning difficulties status,5,5,Without functioning difficulties,13,13,"Percent of population, crude",1,2019,6.1,5.6,6.6,,1.0
Did not get needed medical care due to cost,Healthcare access and quality,150,Demographic Characteristic,1,Functioning difficulties status,5,5,Without functioning difficulties,13,13,"Percent of population, crude",1,2020,4.6,4.2,5.0,-1.5,0.7999999999999998
Did not get needed medical care due to cost,Healthcare access and quality,150,Demographic Characteristic,1,Functioning difficulties status,5,5,Without functioning difficulties,13,13,"Percent of population, crude",1,2021,4.0,3.6,4.4,-0.5999999999999996,0.8000000000000003
Did not get needed medical care due to cost,Healthcare access and quality,150,Demographic Characteristic,1,Functioning difficulties status,5,5,Without functioning difficulties,13,13,"Percent of population, crude",1,2022,4.1,3.7,4.5,0.09999999999999964,0.7999999999999998
Did not get needed medical care due to cost,Healthcare access and quality,150,Demographic Characteristic,1,Functioning difficulties status,5,5,Without functioning difficulties,13,13,"Percent of population, crude",1,2023,4.1,3.7,4.5,0.0,0.7999999999999998
Did not get needed medical care due to cost,Healthcare access and quality,150,Demographic Characteristic,1,Functioning difficulties status,5,5,Without functioning difficulties,13,13,"Percent of population, crude",1,2024,5.2,4.7,5.6,1.1000000000000005,0.8999999999999995
Did not get needed medical care due to cost,Healthcare access and quality,150,Socioeconomic Characteristic,3,Health insurance coverage: 65 years and older,19,19,Medicare Advantage,68,68,"Percent of population, crude",1,2019,3.5,2.7,4.4,,1.7000000000000002
Did not get needed medical care due to cost,Healthcare access and quality,150,Socioeconomic Characteristic,3,Health insurance coverage: 65 years and older,19,19,Medicare Advantage,68,68,"Percent of population, crude",1,2020,2.1,1.6,2.8,-1.4,1.1999999999999997
Did not get needed medical care due to cost,Healthcare access and quality,150,Socioeconomic Characteristic,3,Health insurance coverage: 65 years and older,19,19,Medicare Advantage,68,68,"Percent of population, crude",1,2021,2.7,2.1,3.5,0.6000000000000001,1.4
Did not get needed medical care due to cost,Healthcare access and quality,150,Socioeconomic Characteristic,3,Health insurance coverage: 65 years and older,19,19,Medicare Advantage,68,68,"Percent of population, crude",1,2022,2.2,1.7,2.8,-0.5,1.0999999999999999
Did not get needed medical care due to cost,Healthcare access and quality,150,Socioeconomic Characteristic,3,Health insurance coverage: 65 years and older,19,19,Medicare Advantage,68,68,"Percent of population, crude",1,2023,2.4,1.9,3.1,0.19999999999999973,1.2000000000000002
Did not get needed medical care due to cost,Healthcare access and quality,150,Socioeconomic Characteristic,3,Health insurance coverage: 65 years and older,19,19,Medicare Advantage,68,68,"Percent of population, crude",1,2024,2.1,1.6,2.8,-0.2999999999999998,1.1999999999999997
Did not get needed medical care due to cost,Healthcare access and quality,150,Socioeconomic Characteristic,3,Health insurance coverage: 65 years and older,19,19,Medicare and Medicaid,67,67,"Percent of population, crude",1,2019,2.9,1.6,4.9,,3.3000000000000003
Did not get needed medical care due to cost,Healthcare access and quality,150,Socioeconomic Characteristic,3,Health insurance coverage: 65 years and older,19,19,Medicare and Medicaid,67,67,"Percent of population, crude",1,2020,1.8,0.7,3.8,-1.0999999999999999,3.0999999999999996
Did not get needed medical care due to cost,Healthcare access and quality,150,Socioeconomic Characteristic,3,Health insurance coverage: 65 years and older,19,19,Medicare and Medicaid,67,67,"Percent of population, crude",1,2021,2.4,1.2,4.1,0.5999999999999999,2.8999999999999995
Did not get needed medical care due to cost,Healthcare access and quality,150,Socioeconomic Characteristic,3,Health insurance coverage: 65 years and older,19,19,Medicare and Medicaid,67,67,"Percent of population, crude",1,2022,2.4,1.4,4.0,0.0,2.6
Did not get needed medical care due to cost,Healthcare access and quality,150,Socioeconomic Characteristic,3,Health insurance coverage: 65 years and older,19,19,Medicare and Medicaid,67,67,"Percent of population, crude",1,2023,3.5,2.1,5.4,1.1,3.3000000000000003
Did not get needed medical care due to cost,Healthcare access and quality,150,Socioeconomic Characteristic,3,Health insurance coverage: 65 years and older,19,19,Medicare and Medicaid,67,67,"Percent of population, crude",1,2024,2.4,1.4,3.7,-1.1,2.3000000000000003
Did not get needed medical care due to cost,Healthcare access and quality,150,Socioeconomic Characteristic,3,Health insurance coverage: 65 years and older,19,19,Medicare only excluding Medicare Advantage,69,69,"Percent of population, crude",1,2019,6.2,4.5,8.4,,3.9000000000000004
Did not get needed medical care due to cost,Healthcare access and quality,150,Socioeconomic Characteristic,3,Health insurance coverage: 65 years and older,19,19,Medicare only excluding Medicare Advantage,69,69,"Percent of population, crude",1,2020,5.3,3.6,7.4,-0.9000000000000004,3.8000000000000003
Did not get needed medical care due to cost,Healthcare access and quality,150,Socioeconomic Characteristic,3,Health insurance coverage: 65 years and older,19,19,Medicare only excluding Medicare Advantage,69,69,"Percent of population, crude",1,2021,3.5,2.4,4.8,-1.7999999999999998,2.4
Did not get needed medical care due to cost,Healthcare access and quality,150,Socioeconomic Characteristic,3,Health insurance coverage: 65 years and older,19,19,Medicare only excluding Medicare Advantage,69,69,"Percent of population, crude",1,2022,5.3,3.5,7.6,1.7999999999999998,4.1
Did not get needed medical care due to cost,Healthcare access and quality,150,Socioeconomic Characteristic,3,Health insurance coverage: 65 years and older,19,19,Medicare only excluding Medicare Advantage,69,69,"Percent of population, crude",1,2023,3.3,2.2,4.8,-2.0,2.5999999999999996
Did not get needed medical care due to cost,Healthcare access and quality,150,Socioeconomic Characteristic,3,Health insurance coverage: 65 years and older,19,19,Medicare only excluding Medicare Advantage,69,69,"Percent of population, crude",1,2024,2.6,1.8,3.8,-0.6999999999999997,1.9999999999999998
Did not get needed medical care due to cost,Healthcare access and quality,150,Socioeconomic Characteristic,3,Health insurance coverage: 65 years and older,19,19,Other government coverage,70,70,"Percent of population, crude",1,2019,3.0,1.6,5.2,,3.6
Did not get needed medical care due to cost,Healthcare access and quality,150,Socioeconomic Characteristic,3,Health insurance coverage: 65 years and older,19,19,Other government coverage,70,70,"Percent of population, crude",1,2020,2.3,1.2,4.1,-0.7000000000000002,2.8999999999999995
Did not get needed medical care due to cost,Healthcare access and quality,150,Socioeconomic Characteristic,3,Health insurance coverage: 65 years and older,19,19,Other government coverage,70,70,"Percent of population, crude",1,2021,1.2,0.5,2.3,-1.0999999999999999,1.7999999999999998
Did not get needed medical care due to cost,Healthcare access and quality,150,Socioeconomic Characteristic,3,Health insurance coverage: 65 years and older,19,19,Other government coverage,70,70,"Percent of population, crude",1,2022,2.3,1.2,3.9,1.0999999999999999,2.7
Did not get needed medical care due to cost,Healthcare access and quality,150,Socioeconomic Characteristic,3,Health insurance coverage: 65 years and older,19,19,Other government coverage,70,70,"Percent of population, crude",1,2023,1.4,0.7,2.4,-0.8999999999999999,1.7
Did not get needed medical care due to cost,Healthcare access and quality,150,Socioeconomic Characteristic,3,Health insurance coverage: 65 years and older,19,19,Other government coverage,70,70,"Percent of population, crude",1,2024,1.2,0.6,2.3,-0.19999999999999996,1.6999999999999997
Did not get needed medical care due to cost,Healthcare access and quality,150,Socioeconomic Characteristic,3,Health insurance coverage: 65 years and older,19,19,Private,66,66,"Percent of population, crude",1,2019,1.7,1.2,2.3,,1.0999999999999999
Did not get needed medical care due to cost,Healthcare access and quality,150,Socioeconomic Characteristic,3,Health insurance coverage: 65 years and older,19,19,Private,66,66,"Percent of population, crude",1,2020,1.2,0.8,1.8,-0.5,1.0
Did not get needed medical care due to cost,Healthcare access and quality,150,Socioeconomic Characteristic,3,Health insurance coverage: 65 years and older,19,19,Private,66,66,"Percent of population, crude",1,2021,1.2,0.8,1.8,0.0,1.0
Did not get needed medical care due to cost,Healthcare access and quality,150,Socioeconomic Characteristic,3,Health insurance coverage: 65 years and older,19,19,Private,66,66,"Percent of population, crude",1,2022,1.6,1.1,2.2,0.40000000000000013,1.1
Did not get needed medical care due to cost,Healthcare access and quality,150,Socioeconomic Characteristic,3,Health insurance coverage: 65 years and older,19,19,Private,66,66,"Percent of population, crude",1,2023,1.3,0.9,1.8,-0.30000000000000004,0.9
Did not get needed medical care due to cost,Healthcare access and quality,150,Socioeconomic Characteristic,3,Health insurance coverage: 65 years and older,19,19,Private,66,66,"Percent of population, crude",1,2024,2.2,1.6,2.9,0.9000000000000001,1.2999999999999998
Did not get needed medical care due to cost,Healthcare access and quality,150,Socioeconomic Characteristic,3,Health insurance coverage: Younger than 65 years,20,20,Medicaid or other state programs,73,73,"Percent of population, crude",1,2019,7.9,6.8,9.1,,2.3
Did not get needed medical care due to cost,Healthcare access and quality,150,Socioeconomic Characteristic,3,Health insurance coverage: Younger than 65 years,20,20,Medicaid or other state programs,73,73,"Percent of population, crude",1,2020,7.2,6.1,8.6,-0.7000000000000002,2.5
Did not get needed medical care due to cost,Healthcare access and quality,150,Socioeconomic Characteristic,3,Health insurance coverage: Younger than 65 years,20,20,Medicaid or other state programs,73,73,"Percent of population, crude",1,2021,5.3,4.4,6.3,-1.9000000000000004,1.8999999999999995
Did not get needed medical care due to cost,Healthcare access and quality,150,Socioeconomic Characteristic,3,Health insurance coverage: Younger than 65 years,20,20,Medicaid or other state programs,73,73,"Percent of population, crude",1,2022,7.1,6.0,8.4,1.7999999999999998,2.4000000000000004
Did not get needed medical care due to cost,Healthcare access and quality,150,Socioeconomic Characteristic,3,Health insurance coverage: Younger than 65 years,20,20,Medicaid or other state programs,73,73,"Percent of population, crude",1,2023,6.8,5.8,8.0,-0.2999999999999998,2.2
Did not get needed medical care due to cost,Healthcare access and quality,150,Socioeconomic Characteristic,3,Health insurance coverage: Younger than 65 years,20,20,Medicaid or other state programs,73,73,"Percent of population, crude",1,2024,6.6,5.6,7.6,-0.20000000000000018,2.0
Did not get needed medical care due to cost,Healthcare access and quality,150,Socioeconomic Characteristic,3,Health insurance coverage: Younger than 65 years,20,20,Other government coverage,74,74,"Percent of population, crude",1,2019,10.8,8.7,13.4,,4.700000000000001
Did not get needed medical care due to cost,Healthcare access and quality,150,Socioeconomic Characteristic,3,Health insurance coverage: Younger than 65 years,20,20,Other government coverage,74,74,"Percent of population, crude",1,2020,9.4,7.6,11.5,-1.4000000000000004,3.9000000000000004
Did not get needed medical care due to cost,Healthcare access and quality,150,Socioeconomic Characteristic,3,Health insurance coverage: Younger than 65 years,20,20,Other government coverage,74,74,"Percent of population, crude",1,2021,6.6,4.7,8.9,-2.8000000000000007,4.2
Did not get needed medical care due to cost,Healthcare access and quality,150,Socioeconomic Characteristic,3,Health insurance coverage: Younger than 65 years,20,20,Other government coverage,74,74,"Percent of population, crude",1,2022,6.9,5.2,8.9,0.3000000000000007,3.7
Did not get needed medical care due to cost,Healthcare access and quality,150,Socioeconomic Characteristic,3,Health insurance coverage: Younger than 65 years,20,20,Other government coverage,74,74,"Percent of population, crude",1,2023,9.2,7.0,11.7,2.299999999999999,4.699999999999999
Did not get needed medical care due to cost,Healthcare access and quality,150,Socioeconomic Characteristic,3,Health insurance coverage: Younger than 65 years,20,20,Other government coverage,74,74,"Percent of population, crude",1,2024,7.3,5.4,9.4,-1.8999999999999995,4.0
Did not get needed medical care due to cost,Healthcare access and quality,150,Socioeconomic Characteristic,3,Health insurance coverage: Younger than 65 years,20,20,Private,72,72,"Percent of population, crude",1,2019,5.4,5.0,5.9,,0.9000000000000004
Did not get needed medical care due to cost,Healthcare access and quality,150,Socioeconomic Characteristic,3,Health insurance coverage: Younger than 65 years,20,20,Private,72,72,"Percent of population, crude",1,2020,4.6,4.3,5.1,-0.8000000000000007,0.7999999999999998
Did not get needed medical care due to cost,Healthcare access and quality,150,Socioeconomic Characteristic,3,Health insurance coverage: Younger than 65 years,20,20,Private,72,72,"Percent of population, crude",1,2021,5.2,4.8,5.6,0.6000000000000005,0.7999999999999998
Did not get needed medical care due to cost,Healthcare access and quality,150,Socioeconomic Characteristic,3,Health insurance coverage: Younger than 65 years,20,20,Private,72,72,"Percent of population, crude",1,2022,4.8,4.3,5.2,-0.40000000000000036,0.9000000000000004
Did not get needed medical care due to cost,Healthcare access and quality,150,Socioeconomic Characteristic,3,Health insurance coverage: Younger than 65 years,20,20,Private,72,72,"Percent of population, crude",1,2023,5.2,4.8,5.7,0.40000000000000036,0.9000000000000004
Did not get needed medical care due to cost,Healthcare access and quality,150,Socioeconomic Characteristic,3,Health insurance coverage: Younger than 65 years,20,20,Private,72,72,"Percent of population, crude",1,2024,6.8,6.3,7.3,1.5999999999999996,1.0
Did not get needed medical care due to cost,Healthcare access and quality,150,Socioeconomic Characteristic,3,Health insurance coverage: Younger than 65 years,20,20,Uninsured,75,75,"Percent of population, crude",1,2019,30.2,28.1,32.4,,4.299999999999997
Did not get needed medical care due to cost,Healthcare access and quality,150,Socioeconomic Characteristic,3,Health insurance coverage: Younger than 65 years,20,20,Uninsured,75,75,"Percent of population, crude",1,2020,23.5,21.2,26.0,-6.699999999999999,4.800000000000001
Did not get needed medical care due to cost,Healthcare access and quality,150,Socioeconomic Characteristic,3,Health insurance coverage: Younger than 65 years,20,20,Uninsured,75,75,"Percent of population, crude",1,2021,20.7,18.7,22.8,-2.8000000000000007,4.100000000000001
Did not get needed medical care due to cost,Healthcare access and quality,150,Socioeconomic Characteristic,3,Health insurance coverage: Younger than 65 years,20,20,Uninsured,75,75,"Percent of population, crude",1,2022,22.0,19.9,24.2,1.3000000000000007,4.300000000000001
Did not get needed medical care due to cost,Healthcare access and quality,150,Socioeconomic Characteristic,3,Health insurance coverage: Younger than 65 years,20,20,Uninsured,75,75,"Percent of population, crude",1,2023,22.6,20.3,25.0,0.6000000000000014,4.699999999999999
Did not get needed medical care due to cost,Healthcare access and quality,150,Socioeconomic Characteristic,3,Health insurance coverage: Younger than 65 years,20,20,Uninsured,75,75,"Percent of population, crude",1,2024,25.0,22.7,27.3,2.3999999999999986,4.600000000000001
Did not get needed medical care due to cost,Healthcare access and quality,150,Demographic Characteristic,1,Marital status,6,6,Divorced or separated,15,15,"Percent of population, crude",1,2019,12.8,11.5,14.1,,2.5999999999999996
Did not get needed medical care due to cost,Healthcare access and quality,150,Demographic Characteristic,1,Marital status,6,6,Divorced or separated,15,15,"Percent of population, crude",1,2020,10.4,9.2,11.7,-2.4000000000000004,2.5
Did not get needed medical care due to cost,Healthcare access and quality,150,Demographic Characteristic,1,Marital status,6,6,Divorced or separated,15,15,"Percent of population, crude",1,2021,8.8,7.8,9.9,-1.5999999999999996,2.1000000000000005
Did not get needed medical care due to cost,Healthcare access and quality,150,Demographic Characteristic,1,Marital status,6,6,Divorced or separated,15,15,"Percent of population, crude",1,2022,8.7,7.6,9.8,-0.10000000000000142,2.200000000000001
Did not get needed medical care due to cost,Healthcare access and quality,150,Demographic Characteristic,1,Marital status,6,6,Divorced or separated,15,15,"Percent of population, crude",1,2023,9.1,8.0,10.3,0.40000000000000036,2.3000000000000007
Did not get needed medical care due to cost,Healthcare access and quality,150,Demographic Characteristic,1,Marital status,6,6,Divorced or separated,15,15,"Percent of population, crude",1,2024,9.7,8.6,10.9,0.5999999999999996,2.3000000000000007
Did not get needed medical care due to cost,Healthcare access and quality,150,Demographic Characteristic,1,Marital status,6,6,Living with a partner,17,17,"Percent of population, crude",1,2019,14.6,12.9,16.5,,3.5999999999999996
Did not get needed medical care due to cost,Healthcare access and quality,150,Demographic Characteristic,1,Marital status,6,6,Living with a partner,17,17,"Percent of population, crude",1,2020,10.9,9.3,12.8,-3.6999999999999993,3.5
Did not get needed medical care due to cost,Healthcare access and quality,150,Demographic Characteristic,1,Marital status,6,6,Living with a partner,17,17,"Percent of population, crude",1,2021,10.4,8.7,12.2,-0.5,3.5
Did not get needed medical care due to cost,Healthcare access and quality,150,Demographic Characteristic,1,Marital status,6,6,Living with a partner,17,17,"Percent of population, crude",1,2022,11.1,9.4,12.9,0.6999999999999993,3.5
Did not get needed medical care due to cost,Healthcare access and quality,150,Demographic Characteristic,1,Marital status,6,6,Living with a partner,17,17,"Percent of population, crude",1,2023,10.5,8.9,12.2,-0.5999999999999996,3.299999999999999
Did not get needed medical care due to cost,Healthcare access and quality,150,Demographic Characteristic,1,Marital status,6,6,Living with a partner,17,17,"Percent of population, crude",1,2024,10.7,9.3,12.3,0.1999999999999993,3.0
Did not get needed medical care due to cost,Healthcare access and quality,150,Demographic Characteristic,1,Marital status,6,6,Married,14,14,"Percent of population, crude",1,2019,6.6,6.1,7.2,,1.1000000000000005
Did not get needed medical care due to cost,Healthcare access and quality,150,Demographic Characteristic,1,Marital status,6,6,Married,14,14,"Percent of population, crude",1,2020,5.2,4.7,5.7,-1.3999999999999995,1.0
Did not get needed medical care due to cost,Healthcare access and quality,150,Demographic Characteristic,1,Marital status,6,6,Married,14,14,"Percent of population, crude",1,2021,4.9,4.5,5.4,-0.2999999999999998,0.9000000000000004
Did not get needed medical care due to cost,Healthcare access and quality,150,Demographic Characteristic,1,Marital status,6,6,Married,14,14,"Percent of population, crude",1,2022,4.6,4.2,5.1,-0.3000000000000007,0.8999999999999995
Did not get needed medical care due to cost,Healthcare access and quality,150,Demographic Characteristic,1,Marital status,6,6,Married,14,14,"Percent of population, crude",1,2023,5.2,4.8,5.7,0.6000000000000005,0.9000000000000004
Did not get needed medical care due to cost,Healthcare access and quality,150,Demographic Characteristic,1,Marital status,6,6,Married,14,14,"Percent of population, crude",1,2024,6.4,5.9,6.9,1.2000000000000002,1.0
Did not get needed medical care due to cost,Healthcare access and quality,150,Demographic Characteristic,1,Marital status,6,6,Never married,18,18,"Percent of population, crude",1,2019,8.0,7.2,9.0,,1.7999999999999998
Did not get needed medical care due to cost,Healthcare access and quality,150,Demographic Characteristic,1,Marital status,6,6,Never married,18,18,"Percent of population, crude",1,2020,7.1,6.2,8.0,-0.9000000000000004,1.7999999999999998
Did not get needed medical care due to cost,Healthcare access and quality,150,Demographic Characteristic,1,Marital status,6,6,Never married,18,18,"Percent of population, crude",1,2021,6.2,5.5,7.0,-0.8999999999999995,1.5
Did not get needed medical care due to cost,Healthcare access and quality,150,Demographic Characteristic,1,Marital status,6,6,Never married,18,18,"Percent of population, crude",1,2022,7.1,6.4,7.9,0.8999999999999995,1.5
Did not get needed medical care due to cost,Healthcare access and quality,150,Demographic Characteristic,1,Marital status,6,6,Never married,18,18,"Percent of population, crude",1,2023,6.7,5.9,7.6,-0.39999999999999947,1.6999999999999993
Did not get needed medical care due to cost,Healthcare access and quality,150,Demographic Characteristic,1,Marital status,6,6,Never married,18,18,"Percent of population, crude",1,2024,8.2,7.4,9.1,1.4999999999999991,1.6999999999999993
Did not get needed medical care due to cost,Healthcare access and quality,150,Demographic Characteristic,1,Marital status,6,6,Widowed,16,16,"Percent of population, crude",1,2019,5.4,4.5,6.6,,2.0999999999999996
Did not get needed medical care due to cost,Healthcare access and quality,150,Demographic Characteristic,1,Marital status,6,6,Widowed,16,16,"Percent of population, crude",1,2020,4.1,3.0,5.3,-1.3000000000000007,2.3
Did not get needed medical care due to cost,Healthcare access and quality,150,Demographic Characteristic,1,Marital status,6,6,Widowed,16,16,"Percent of population, crude",1,2021,4.1,3.3,5.1,0.0,1.7999999999999998
Did not get needed medical care due to cost,Healthcare access and quality,150,Demographic Characteristic,1,Marital status,6,6,Widowed,16,16,"Percent of population, crude",1,2022,4.7,3.7,5.9,0.6000000000000005,2.2
Did not get needed medical care due to cost,Healthcare access and quality,150,Demographic Characteristic,1,Marital status,6,6,Widowed,16,16,"Percent of population, crude",1,2023,3.9,3.1,4.9,-0.8000000000000003,1.8000000000000003
Did not get needed medical care due to cost,Healthcare access and quality,150,Demographic Characteristic,1,Marital status,6,6,Widowed,16,16,"Percent of population, crude",1,2024,3.7,2.9,4.7,-0.19999999999999973,1.8000000000000003
Did not get needed medical care due to cost,Healthcare access and quality,150,Geographic Characteristic,2,Metropolitan statistical area,13,13,Large MSA,41,41,"Percent of population, crude",1,2019,7.8,7.2,8.3,,1.1000000000000005
Did not get needed medical care due to cost,Healthcare access and quality,150,Geographic Characteristic,2,Metropolitan statistical area,13,13,Large MSA,41,41,"Percent of population, crude",1,2020,6.1,5.5,6.6,-1.7000000000000002,1.0999999999999996
Did not get needed medical care due to cost,Healthcare access and quality,150,Geographic Characteristic,2,Metropolitan statistical area,13,13,Large MSA,41,41,"Percent of population, crude",1,2021,5.7,5.3,6.2,-0.39999999999999947,0.9000000000000004
Did not get needed medical care due to cost,Healthcare access and quality,150,Geographic Characteristic,2,Metropolitan statistical area,13,13,Large MSA,41,41,"Percent of population, crude",1,2022,6.2,5.7,6.7,0.5,1.0
Did not get needed medical care due to cost,Healthcare access and quality,150,Geographic Characteristic,2,Metropolitan statistical area,13,13,Large MSA,41,41,"Percent of population, crude",1,2023,5.8,5.3,6.3,-0.40000000000000036,1.0
Did not get needed medical care due to cost,Healthcare access and quality,150,Geographic Characteristic,2,Metropolitan statistical area,13,13,Large MSA,41,41,"Percent of population, crude",1,2024,6.9,6.4,7.5,1.1000000000000005,1.0999999999999996
Did not get needed medical care due to cost,Healthcare access and quality,150,Geographic Characteristic,2,Metropolitan statistical area,13,13,Non-MSA,43,43,"Percent of population, crude",1,2019,9.4,8.1,10.7,,2.5999999999999996
Did not get needed medical care due to cost,Healthcare access and quality,150,Geographic Characteristic,2,Metropolitan statistical area,13,13,Non-MSA,43,43,"Percent of population, crude",1,2020,7.3,6.2,8.4,-2.1000000000000005,2.2
Did not get needed medical care due to cost,Healthcare access and quality,150,Geographic Characteristic,2,Metropolitan statistical area,13,13,Non-MSA,43,43,"Percent of population, crude",1,2021,7.4,6.4,8.4,0.10000000000000053,2.0
Did not get needed medical care due to cost,Healthcare access and quality,150,Geographic Characteristic,2,Metropolitan statistical area,13,13,Non-MSA,43,43,"Percent of population, crude",1,2022,6.9,5.9,8.0,-0.5,2.0999999999999996
Did not get needed medical care due to cost,Healthcare access and quality,150,Geographic Characteristic,2,Metropolitan statistical area,13,13,Non-MSA,43,43,"Percent of population, crude",1,2023,6.5,5.6,7.6,-0.40000000000000036,2.0
Did not get needed medical care due to cost,Healthcare access and quality,150,Geographic Characteristic,2,Metropolitan statistical area,13,13,Non-MSA,43,43,"Percent of population, crude",1,2024,7.0,6.2,7.9,0.5,1.7000000000000002
Did not get needed medical care due to cost,Healthcare access and quality,150,Geographic Characteristic,2,Metropolitan statistical area,13,13,Small MSA,42,42,"Percent of population, crude",1,2019,8.8,8.0,9.5,,1.5
Did not get needed medical care due to cost,Healthcare access and quality,150,Geographic Characteristic,2,Metropolitan statistical area,13,13,Small MSA,42,42,"Percent of population, crude",1,2020,7.4,6.6,8.2,-1.4000000000000004,1.5999999999999996
Did not get needed medical care due to cost,Healthcare access and quality,150,Geographic Characteristic,2,Metropolitan statistical area,13,13,Small MSA,42,42,"Percent of population, crude",1,2021,6.1,5.5,6.8,-1.3000000000000007,1.2999999999999998
Did not get needed medical care due to cost,Healthcare access and quality,150,Geographic Characteristic,2,Metropolitan statistical area,13,13,Small MSA,42,42,"Percent of population, crude",1,2022,6.1,5.5,6.8,0.0,1.2999999999999998
Did not get needed medical care due to cost,Healthcare access and quality,150,Geographic Characteristic,2,Metropolitan statistical area,13,13,Small MSA,42,42,"Percent of population, crude",1,2023,7.2,6.5,8.0,1.1000000000000005,1.5
Did not get needed medical care due to cost,Healthcare access and quality,150,Geographic Characteristic,2,Metropolitan statistical area,13,13,Small MSA,42,42,"Percent of population, crude",1,2024,8.4,7.7,9.2,1.2000000000000002,1.4999999999999991
Did not get needed medical care due to cost,Healthcare access and quality,150,Demographic Characteristic,1,Nativity,7,7,Foreign-born,20,20,"Percent of population, crude",1,2019,10.0,8.9,11.1,,2.1999999999999993
Did not get needed medical care due to cost,Healthcare access and quality,150,Demographic Characteristic,1,Nativity,7,7,Foreign-born,20,20,"Percent of population, crude",1,2020,7.5,6.6,8.5,-2.5,1.9000000000000004
Did not get needed medical care due to cost,Healthcare access and quality,150,Demographic Characteristic,1,Nativity,7,7,Foreign-born,20,20,"Percent of population, crude",1,2021,6.6,5.7,7.5,-0.9000000000000004,1.7999999999999998
Did not get needed medical care due to cost,Healthcare access and quality,150,Demographic Characteristic,1,Nativity,7,7,Foreign-born,20,20,"Percent of population, crude",1,2022,8.3,7.3,9.4,1.700000000000001,2.1000000000000005
Did not get needed medical care due to cost,Healthcare access and quality,150,Demographic Characteristic,1,Nativity,7,7,Foreign-born,20,20,"Percent of population, crude",1,2023,8.4,7.5,9.5,0.09999999999999964,2.0
Did not get needed medical care due to cost,Healthcare access and quality,150,Demographic Characteristic,1,Nativity,7,7,Foreign-born,20,20,"Percent of population, crude",1,2024,8.2,7.2,9.1,-0.20000000000000107,1.8999999999999995
Did not get needed medical care due to cost,Healthcare access and quality,150,Demographic Characteristic,1,Nativity,7,7,U.S.-born,19,19,"Percent of population, crude",1,2019,7.8,7.4,8.3,,0.9000000000000004
Did not get needed medical care due to cost,Healthcare access and quality,150,Demographic Characteristic,1,Nativity,7,7,U.S.-born,19,19,"Percent of population, crude",1,2020,6.4,6.0,6.8,-1.3999999999999995,0.7999999999999998
Did not get needed medical care due to cost,Healthcare access and quality,150,Demographic Characteristic,1,Nativity,7,7,U.S.-born,19,19,"Percent of population, crude",1,2021,5.9,5.5,6.3,-0.5,0.7999999999999998
Did not get needed medical care due to cost,Healthcare access and quality,150,Demographic Characteristic,1,Nativity,7,7,U.S.-born,19,19,"Percent of population, crude",1,2022,5.7,5.3,6.1,-0.20000000000000018,0.7999999999999998
Did not get needed medical care due to cost,Healthcare access and quality,150,Demographic Characteristic,1,Nativity,7,7,U.S.-born,19,19,"Percent of population, crude",1,2023,5.9,5.5,6.3,0.20000000000000018,0.7999999999999998
Did not get needed medical care due to cost,Healthcare access and quality,150,Demographic Characteristic,1,Nativity,7,7,U.S.-born,19,19,"Percent of population, crude",1,2024,7.2,6.8,7.6,1.2999999999999998,0.7999999999999998
Did not get needed medical care due to cost,Healthcare access and quality,150,Socioeconomic Characteristic,3,Poverty level,21,21,100% to <200% FPL,77,77,"Percent of population, crude",1,2019,14.2,13.0,15.4,,2.4000000000000004
Did not get needed medical care due to cost,Healthcare access and quality,150,Socioeconomic Characteristic,3,Poverty level,21,21,100% to <200% FPL,77,77,"Percent of population, crude",1,2020,11.1,10.0,12.4,-3.0999999999999996,2.4000000000000004
Did not get needed medical care due to cost,Healthcare access and quality,150,Socioeconomic Characteristic,3,Poverty level,21,21,100% to <200% FPL,77,77,"Percent of population, crude",1,2021,8.4,7.5,9.4,-2.6999999999999993,1.9000000000000004
Did not get needed medical care due to cost,Healthcare access and quality,150,Socioeconomic Characteristic,3,Poverty level,21,21,100% to <200% FPL,77,77,"Percent of population, crude",1,2022,10.5,9.3,11.7,2.0999999999999996,2.3999999999999986
Did not get needed medical care due to cost,Healthcare access and quality,150,Socioeconomic Characteristic,3,Poverty level,21,21,100% to <200% FPL,77,77,"Percent of population, crude",1,2023,10.4,9.3,11.7,-0.09999999999999964,2.3999999999999986
Did not get needed medical care due to cost,Healthcare access and quality,150,Socioeconomic Characteristic,3,Poverty level,21,21,100% to <200% FPL,77,77,"Percent of population, crude",1,2024,10.7,9.6,11.8,0.29999999999999893,2.200000000000001
Did not get needed medical care due to cost,Healthcare access and quality,150,Socioeconomic Characteristic,3,Poverty level,21,21,<100% FPL,76,76,"Percent of population, crude",1,2019,15.8,14.1,17.6,,3.5000000000000018
Did not get needed medical care due to cost,Healthcare access and quality,150,Socioeconomic Characteristic,3,Poverty level,21,21,<100% FPL,76,76,"Percent of population, crude",1,2020,12.3,10.6,14.1,-3.5,3.5
Did not get needed medical care due to cost,Healthcare access and quality,150,Socioeconomic Characteristic,3,Poverty level,21,21,<100% FPL,76,76,"Percent of population, crude",1,2021,11.2,9.6,12.8,-1.1000000000000014,3.200000000000001
Did not get needed medical care due to cost,Healthcare access and quality,150,Socioeconomic Characteristic,3,Poverty level,21,21,<100% FPL,76,76,"Percent of population, crude",1,2022,10.7,9.3,12.3,-0.5,3.0
Did not get needed medical care due to cost,Healthcare access and quality,150,Socioeconomic Characteristic,3,Poverty level,21,21,<100% FPL,76,76,"Percent of population, crude",1,2023,12.0,10.5,13.7,1.3000000000000007,3.1999999999999993
Did not get needed medical care due to cost,Healthcare access and quality,150,Socioeconomic Characteristic,3,Poverty level,21,21,<100% FPL,76,76,"Percent of population, crude",1,2024,11.1,9.7,12.7,-0.9000000000000004,3.0
Did not get needed medical care due to cost,Healthcare access and quality,150,Socioeconomic Characteristic,3,Poverty level,21,21,≥200% FPL,78,78,"Percent of population, crude",1,2019,5.5,5.1,5.9,,0.8000000000000007
Did not get needed medical care due to cost,Healthcare access and quality,150,Socioeconomic Characteristic,3,Poverty level,21,21,≥200% FPL,78,78,"Percent of population, crude",1,2020,4.7,4.3,5.1,-0.7999999999999998,0.7999999999999998
Did not get needed medical care due to cost,Healthcare access and quality,150,Socioeconomic Characteristic,3,Poverty level,21,21,≥200% FPL,78,78,"Percent of population, crude",1,2021,4.8,4.5,5.2,0.09999999999999964,0.7000000000000002
Did not get needed medical care due to cost,Healthcare access and quality,150,Socioeconomic Characteristic,3,Poverty level,21,21,≥200% FPL,78,78,"Percent of population, crude",1,2022,4.7,4.3,5.0,-0.09999999999999964,0.7000000000000002
Did not get needed medical care due to cost,Healthcare access and quality,150,Socioeconomic Characteristic,3,Poverty level,21,21,≥200% FPL,78,78,"Percent of population, crude",1,2023,4.5,4.2,4.9,-0.20000000000000018,0.7000000000000002
Did not get needed medical care due to cost,Healthcare access and quality,150,Socioeconomic Characteristic,3,Poverty level,21,21,≥200% FPL,78,78,"Percent of population, crude",1,2024,6.1,5.7,6.5,1.5999999999999996,0.7999999999999998
Did not get needed medical care due to cost,Healthcare access and quality,150,Demographic Characteristic,1,Race,8,8,American Indian and Alaska Native and White,26,26,"Percent of population, crude",1,2019,12.8,7.7,19.5,,11.8
Did not get needed medical care due to cost,Healthcare access and quality,150,Demographic Characteristic,1,Race,8,8,American Indian and Alaska Native and White,26,26,"Percent of population, crude",1,2021,9.9,5.4,16.1,-2.9000000000000004,10.700000000000001
Did not get needed medical care due to cost,Healthcare access and quality,150,Demographic Characteristic,1,Race,8,8,American Indian and Alaska Native and White,26,26,"Percent of population, crude",1,2022,8.3,4.2,14.4,-1.5999999999999996,10.2
Did not get needed medical care due to cost,Healthcare access and quality,150,Demographic Characteristic,1,Race,8,8,American Indian and Alaska Native and White,26,26,"Percent of population, crude",1,2023,13.2,8.2,19.9,4.899999999999999,11.7
Did not get needed medical care due to cost,Healthcare access and quality,150,Demographic Characteristic,1,Race,8,8,American Indian and Alaska Native and White,26,26,"Percent of population, crude",1,2024,11.4,6.4,18.4,-1.799999999999999,11.999999999999998
Did not get needed medical care due to cost,Healthcare access and quality,150,Demographic Characteristic,1,Race,8,8,American Indian and Alaska Native only,21,21,"Percent of population, crude",1,2019,11.2,6.9,16.9,,9.999999999999998
Did not get needed medical care due to cost,Healthcare access and quality,150,Demographic Characteristic,1,Race,8,8,American Indian and Alaska Native only,21,21,"Percent of population, crude",1,2020,8.3,5.0,12.7,-2.8999999999999986,7.699999999999999
Did not get needed medical care due to cost,Healthcare access and quality,150,Demographic Characteristic,1,Race,8,8,American Indian and Alaska Native only,21,21,"Percent of population, crude",1,2021,7.8,3.8,13.8,-0.5000000000000009,10.0
Did not get needed medical care due to cost,Healthcare access and quality,150,Demographic Characteristic,1,Race,8,8,American Indian and Alaska Native only,21,21,"Percent of population, crude",1,2023,8.3,4.2,14.4,0.5000000000000009,10.2
Did not get needed medical care due to cost,Healthcare access and quality,150,Demographic Characteristic,1,Race,8,8,American Indian and Alaska Native only,21,21,"Percent of population, crude",1,2024,10.4,6.1,16.3,2.0999999999999996,10.200000000000001
Did not get needed medical care due to cost,Healthcare access and quality,150,Demographic Characteristic,1,Race,8,8,Asian only,22,22,"Percent of population, crude",1,2019,3.6,2.4,5.2,,2.8000000000000003
Did not get needed medical care due to cost,Healthcare access and quality,150,Demographic Characteristic,1,Race,8,8,Asian only,22,22,"Percent of population, crude",1,2020,3.5,2.5,4.8,-0.10000000000000009,2.3
Did not get needed medical care due to cost,Healthcare access and quality,150,Demographic Characteristic,1,Race,8,8,Asian only,22,22,"Percent of population, crude",1,2021,2.6,1.8,3.5,-0.8999999999999999,1.7
Did not get needed medical care due to cost,Healthcare access and quality,150,Demographic Characteristic,1,Race,8,8,Asian only,22,22,"Percent of population, crude",1,2022,3.8,2.8,5.1,1.1999999999999997,2.3
Did not get needed medical care due to cost,Healthcare access and quality,150,Demographic Characteristic,1,Race,8,8,Asian only,22,22,"Percent of population, crude",1,2023,3.6,2.6,4.8,-0.19999999999999973,2.1999999999999997
Did not get needed medical care due to cost,Healthcare access and quality,150,Demographic Characteristic,1,Race,8,8,Asian only,22,22,"Percent of population, crude",1,2024,3.7,2.8,4.9,0.10000000000000009,2.1000000000000005
Did not get needed medical care due to cost,Healthcare access and quality,150,Demographic Characteristic,1,Race,8,8,Black and White,27,27,"Percent of population, crude",1,2019,14.1,7.0,24.5,,17.5
Did not get needed medical care due to cost,Healthcare access and quality,150,Demographic Characteristic,1,Race,8,8,Black and White,27,27,"Percent of population, crude",1,2021,9.7,5.0,16.7,-4.4,11.7
Did not get needed medical care due to cost,Healthcare access and quality,150,Demographic Characteristic,1,Race,8,8,Black and White,27,27,"Percent of population, crude",1,2024,13.6,7.8,21.4,3.9000000000000004,13.599999999999998
Did not get needed medical care due to cost,Healthcare access and quality,150,Demographic Characteristic,1,Race,8,8,Black only,23,23,"Percent of population, crude",1,2019,11.1,9.7,12.6,,2.9000000000000004
Did not get needed medical care due to cost,Healthcare access and quality,150,Demographic Characteristic,1,Race,8,8,Black only,23,23,"Percent of population, crude",1,2020,7.9,6.7,9.2,-3.1999999999999993,2.499999999999999
Did not get needed medical care due to cost,Healthcare access and quality,150,Demographic Characteristic,1,Race,8,8,Black only,23,23,"Percent of population, crude",1,2021,7.2,6.2,8.4,-0.7000000000000002,2.2
Did not get needed medical care due to cost,Healthcare access and quality,150,Demographic Characteristic,1,Race,8,8,Black only,23,23,"Percent of population, crude",1,2022,7.2,6.2,8.4,0.0,2.2
Did not get needed medical care due to cost,Healthcare access and quality,150,Demographic Characteristic,1,Race,8,8,Black only,23,23,"Percent of population, crude",1,2023,8.1,6.9,9.4,0.8999999999999995,2.5
Did not get needed medical care due to cost,Healthcare access and quality,150,Demographic Characteristic,1,Race,8,8,Black only,23,23,"Percent of population, crude",1,2024,8.3,7.2,9.5,0.20000000000000107,2.3
Did not get needed medical care due to cost,Healthcare access and quality,150,Demographic Characteristic,1,Race,8,8,Native Hawaiian or Other Pacific Islander only,24,24,"Percent of population, crude",1,2021,14.1,6.7,25.0,,18.3
Did not get needed medical care due to cost,Healthcare access and quality,150,Demographic Characteristic,1,Race,8,8,Native Hawaiian or Other Pacific Islander only,24,24,"Percent of population, crude",1,2024,15.0,8.4,24.1,0.9000000000000004,15.700000000000001
Did not get needed medical care due to cost,Healthcare access and quality,150,Demographic Characteristic,1,Race,8,8,White only,25,25,"Percent of population, crude",1,2019,7.8,7.3,8.2,,0.8999999999999995
Did not get needed medical care due to cost,Healthcare access and quality,150,Demographic Characteristic,1,Race,8,8,White only,25,25,"Percent of population, crude",1,2020,6.2,5.8,6.7,-1.5999999999999996,0.9000000000000004
Did not get needed medical care due to cost,Healthcare access and quality,150,Demographic Characteristic,1,Race,8,8,White only,25,25,"Percent of population, crude",1,2021,5.8,5.4,6.2,-0.40000000000000036,0.7999999999999998
Did not get needed medical care due to cost,Healthcare access and quality,150,Demographic Characteristic,1,Race,8,8,White only,25,25,"Percent of population, crude",1,2022,5.9,5.5,6.3,0.10000000000000053,0.7999999999999998
Did not get needed medical care due to cost,Healthcare access and quality,150,Demographic Characteristic,1,Race,8,8,White only,25,25,"Percent of population, crude",1,2023,5.9,5.5,6.4,0.0,0.9000000000000004
Did not get needed medical care due to cost,Healthcare access and quality,150,Demographic Characteristic,1,Race,8,8,White only,25,25,"Percent of population, crude",1,2024,7.1,6.6,7.5,1.1999999999999993,0.9000000000000004
Did not get needed medical care due to cost,Healthcare access and quality,150,Demographic Characteristic,1,Race and Hispanic origin,9,9,"All races, Hispanic",28,28,"Percent of population, crude",1,2019,12.2,11.0,13.5,,2.5
Did not get needed medical care due to cost,Healthcare access and quality,150,Demographic Characteristic,1,Race and Hispanic origin,9,9,"All races, Hispanic",28,28,"Percent of population, crude",1,2020,9.5,8.3,10.9,-2.6999999999999993,2.5999999999999996
Did not get needed medical care due to cost,Healthcare access and quality,150,Demographic Characteristic,1,Race and Hispanic origin,9,9,"All races, Hispanic",28,28,"Percent of population, crude",1,2021,8.0,7.0,9.1,-1.5,2.0999999999999996
Did not get needed medical care due to cost,Healthcare access and quality,150,Demographic Characteristic,1,Race and Hispanic origin,9,9,"All races, Hispanic",28,28,"Percent of population, crude",1,2022,10.3,9.2,11.5,2.3000000000000007,2.3000000000000007
Did not get needed medical care due to cost,Healthcare access and quality,150,Demographic Characteristic,1,Race and Hispanic origin,9,9,"All races, Hispanic",28,28,"Percent of population, crude",1,2023,9.3,8.3,10.4,-1.0,2.0999999999999996
Did not get needed medical care due to cost,Healthcare access and quality,150,Demographic Characteristic,1,Race and Hispanic origin,9,9,"All races, Hispanic",28,28,"Percent of population, crude",1,2024,9.4,8.4,10.4,0.09999999999999964,2.0
Did not get needed medical care due to cost,Healthcare access and quality,150,Demographic Characteristic,1,Race and Hispanic origin,9,9,"All races, Hispanic, Mexican",29,29,"Percent of population, crude",1,2019,12.2,10.6,13.9,,3.3000000000000007
Did not get needed medical care due to cost,Healthcare access and quality,150,Demographic Characteristic,1,Race and Hispanic origin,9,9,"All races, Hispanic, Mexican",29,29,"Percent of population, crude",1,2020,9.7,8.0,11.7,-2.5,3.6999999999999993
Did not get needed medical care due to cost,Healthcare access and quality,150,Demographic Characteristic,1,Race and Hispanic origin,9,9,"All races, Hispanic, Mexican",29,29,"Percent of population, crude",1,2021,8.6,7.3,10.1,-1.0999999999999996,2.8
Did not get needed medical care due to cost,Healthcare access and quality,150,Demographic Characteristic,1,Race and Hispanic origin,9,9,"All races, Hispanic, Mexican",29,29,"Percent of population, crude",1,2022,10.6,9.2,12.2,2.0,3.0
Did not get needed medical care due to cost,Healthcare access and quality,150,Demographic Characteristic,1,Race and Hispanic origin,9,9,"All races, Hispanic, Mexican",29,29,"Percent of population, crude",1,2023,9.6,8.3,11.2,-1.0,2.8999999999999986
Did not get needed medical care due to cost,Healthcare access and quality,150,Demographic Characteristic,1,Race and Hispanic origin,9,9,"All races, Hispanic, Mexican",29,29,"Percent of population, crude",1,2024,9.1,7.9,10.4,-0.5,2.5
Did not get needed medical care due to cost,Healthcare access and quality,150,Demographic Characteristic,1,Race and Hispanic origin,9,9,"All races, non-Hispanic",30,30,"Percent of population, crude",1,2019,7.5,7.1,8.0,,0.9000000000000004
Did not get needed medical care due to cost,Healthcare access and quality,150,Demographic Characteristic,1,Race and Hispanic origin,9,9,"All races, non-Hispanic",30,30,"Percent of population, crude",1,2020,6.1,5.7,6.5,-1.4000000000000004,0.7999999999999998
Did not get needed medical care due to cost,Healthcare access and quality,150,Demographic Characteristic,1,Race and Hispanic origin,9,9,"All races, non-Hispanic",30,30,"Percent of population, crude",1,2021,5.7,5.3,6.0,-0.39999999999999947,0.7000000000000002
Did not get needed medical care due to cost,Healthcare access and quality,150,Demographic Characteristic,1,Race and Hispanic origin,9,9,"All races, non-Hispanic",30,30,"Percent of population, crude",1,2022,5.4,5.1,5.8,-0.2999999999999998,0.7000000000000002
Did not get needed medical care due to cost,Healthcare access and quality,150,Demographic Characteristic,1,Race and Hispanic origin,9,9,"All races, non-Hispanic",30,30,"Percent of population, crude",1,2023,5.7,5.3,6.1,0.2999999999999998,0.7999999999999998
Did not get needed medical care due to cost,Healthcare access and quality,150,Demographic Characteristic,1,Race and Hispanic origin,9,9,"All races, non-Hispanic",30,30,"Percent of population, crude",1,2024,6.9,6.5,7.4,1.2000000000000002,0.9000000000000004
Did not get needed medical care due to cost,Healthcare access and quality,150,Demographic Characteristic,1,Race and Hispanic origin,9,9,"Black only, non-Hispanic",31,31,"Percent of population, crude",1,2019,11.1,9.7,12.7,,3.0
Did not get needed medical care due to cost,Healthcare access and quality,150,Demographic Characteristic,1,Race and Hispanic origin,9,9,"Black only, non-Hispanic",31,31,"Percent of population, crude",1,2020,7.9,6.7,9.2,-3.1999999999999993,2.499999999999999
Did not get needed medical care due to cost,Healthcare access and quality,150,Demographic Characteristic,1,Race and Hispanic origin,9,9,"Black only, non-Hispanic",31,31,"Percent of population, crude",1,2021,7.3,6.2,8.4,-0.6000000000000005,2.2
Did not get needed medical care due to cost,Healthcare access and quality,150,Demographic Characteristic,1,Race and Hispanic origin,9,9,"Black only, non-Hispanic",31,31,"Percent of population, crude",1,2022,7.4,6.3,8.6,0.10000000000000053,2.3
Did not get needed medical care due to cost,Healthcare access and quality,150,Demographic Characteristic,1,Race and Hispanic origin,9,9,"Black only, non-Hispanic",31,31,"Percent of population, crude",1,2023,8.1,6.9,9.4,0.6999999999999993,2.5
Did not get needed medical care due to cost,Healthcare access and quality,150,Demographic Characteristic,1,Race and Hispanic origin,9,9,"Black only, non-Hispanic",31,31,"Percent of population, crude",1,2024,8.2,7.0,9.4,0.09999999999999964,2.4000000000000004
Did not get needed medical care due to cost,Healthcare access and quality,150,Demographic Characteristic,1,Race and Hispanic origin,9,9,"Other races, non-Hispanic",33,33,"Percent of population, crude",1,2019,5.5,4.4,6.8,,2.3999999999999995
Did not get needed medical care due to cost,Healthcare access and quality,150,Demographic Characteristic,1,Race and Hispanic origin,9,9,"Other races, non-Hispanic",33,33,"Percent of population, crude",1,2020,5.0,3.8,6.3,-0.5,2.5
Did not get needed medical care due to cost,Healthcare access and quality,150,Demographic Characteristic,1,Race and Hispanic origin,9,9,"Other races, non-Hispanic",33,33,"Percent of population, crude",1,2021,4.5,3.7,5.6,-0.5,1.8999999999999995
Did not get needed medical care due to cost,Healthcare access and quality,150,Demographic Characteristic,1,Race and Hispanic origin,9,9,"Other races, non-Hispanic",33,33,"Percent of population, crude",1,2022,4.6,3.6,5.6,0.09999999999999964,1.9999999999999996
Did not get needed medical care due to cost,Healthcare access and quality,150,Demographic Characteristic,1,Race and Hispanic origin,9,9,"Other races, non-Hispanic",33,33,"Percent of population, crude",1,2023,5.1,4.1,6.3,0.5,2.2
Did not get needed medical care due to cost,Healthcare access and quality,150,Demographic Characteristic,1,Race and Hispanic origin,9,9,"Other races, non-Hispanic",33,33,"Percent of population, crude",1,2024,5.9,4.9,7.1,0.8000000000000007,2.1999999999999993
Did not get needed medical care due to cost,Healthcare access and quality,150,Demographic Characteristic,1,Race and Hispanic origin,9,9,"White only, non-Hispanic",32,32,"Percent of population, crude",1,2019,7.1,6.7,7.6,,0.8999999999999995
Did not get needed medical care due to cost,Healthcare access and quality,150,Demographic Characteristic,1,Race and Hispanic origin,9,9,"White only, non-Hispanic",32,32,"Percent of population, crude",1,2020,5.9,5.4,6.3,-1.1999999999999993,0.8999999999999995
Did not get needed medical care due to cost,Healthcare access and quality,150,Demographic Characteristic,1,Race and Hispanic origin,9,9,"White only, non-Hispanic",32,32,"Percent of population, crude",1,2021,5.5,5.1,5.9,-0.40000000000000036,0.8000000000000007
Did not get needed medical care due to cost,Healthcare access and quality,150,Demographic Characteristic,1,Race and Hispanic origin,9,9,"White only, non-Hispanic",32,32,"Percent of population, crude",1,2022,5.2,4.8,5.6,-0.2999999999999998,0.7999999999999998
Did not get needed medical care due to cost,Healthcare access and quality,150,Demographic Characteristic,1,Race and Hispanic origin,9,9,"White only, non-Hispanic",32,32,"Percent of population, crude",1,2023,5.3,4.9,5.8,0.09999999999999964,0.8999999999999995
Did not get needed medical care due to cost,Healthcare access and quality,150,Demographic Characteristic,1,Race and Hispanic origin,9,9,"White only, non-Hispanic",32,32,"Percent of population, crude",1,2024,6.9,6.4,7.3,1.6000000000000005,0.8999999999999995
Did not get needed medical care due to cost,Healthcare access and quality,150,Geographic Characteristic,2,Region,14,14,Midwest,45,45,"Percent of population, crude",1,2019,7.5,6.7,8.5,,1.7999999999999998
Did not get needed medical care due to cost,Healthcare access and quality,150,Geographic Characteristic,2,Region,14,14,Midwest,45,45,"Percent of population, crude",1,2020,6.5,5.7,7.4,-1.0,1.7000000000000002
Did not get needed medical care due to cost,Healthcare access and quality,150,Geographic Characteristic,2,Region,14,14,Midwest,45,45,"Percent of population, crude",1,2021,5.7,5.0,6.5,-0.7999999999999998,1.5
Did not get needed medical care due to cost,Healthcare access and quality,150,Geographic Characteristic,2,Region,14,14,Midwest,45,45,"Percent of population, crude",1,2022,5.3,4.7,6.1,-0.40000000000000036,1.3999999999999995
Did not get needed medical care due to cost,Healthcare access and quality,150,Geographic Characteristic,2,Region,14,14,Midwest,45,45,"Percent of population, crude",1,2023,4.9,4.3,5.6,-0.39999999999999947,1.2999999999999998
Did not get needed medical care due to cost,Healthcare access and quality,150,Geographic Characteristic,2,Region,14,14,Midwest,45,45,"Percent of population, crude",1,2024,6.9,6.2,7.7,2.0,1.5
Did not get needed medical care due to cost,Healthcare access and quality,150,Geographic Characteristic,2,Region,14,14,Northeast,44,44,"Percent of population, crude",1,2019,5.2,4.5,6.0,,1.5
Did not get needed medical care due to cost,Healthcare access and quality,150,Geographic Characteristic,2,Region,14,14,Northeast,44,44,"Percent of population, crude",1,2020,4.6,3.9,5.3,-0.6000000000000005,1.4
Did not get needed medical care due to cost,Healthcare access and quality,150,Geographic Characteristic,2,Region,14,14,Northeast,44,44,"Percent of population, crude",1,2021,4.1,3.4,5.0,-0.5,1.6
Did not get needed medical care due to cost,Healthcare access and quality,150,Geographic Characteristic,2,Region,14,14,Northeast,44,44,"Percent of population, crude",1,2022,4.3,3.6,5.1,0.20000000000000018,1.4999999999999996
Did not get needed medical care due to cost,Healthcare access and quality,150,Geographic Characteristic,2,Region,14,14,Northeast,44,44,"Percent of population, crude",1,2023,4.0,3.3,4.7,-0.2999999999999998,1.4000000000000004
Did not get needed medical care due to cost,Healthcare access and quality,150,Geographic Characteristic,2,Region,14,14,Northeast,44,44,"Percent of population, crude",1,2024,5.3,4.6,6.2,1.2999999999999998,1.6000000000000005
Did not get needed medical care due to cost,Healthcare access and quality,150,Geographic Characteristic,2,Region,14,14,South,46,46,"Percent of population, crude",1,2019,10.7,9.9,11.6,,1.6999999999999993
Did not get needed medical care due to cost,Healthcare access and quality,150,Geographic Characteristic,2,Region,14,14,South,46,46,"Percent of population, crude",1,2020,8.1,7.4,9.0,-2.5999999999999996,1.5999999999999996
Did not get needed medical care due to cost,Healthcare access and quality,150,Geographic Characteristic,2,Region,14,14,South,46,46,"Percent of population, crude",1,2021,7.2,6.6,7.9,-0.8999999999999995,1.3000000000000007
Did not get needed medical care due to cost,Healthcare access and quality,150,Geographic Characteristic,2,Region,14,14,South,46,46,"Percent of population, crude",1,2022,7.8,7.1,8.5,0.5999999999999996,1.4000000000000004
Did not get needed medical care due to cost,Healthcare access and quality,150,Geographic Characteristic,2,Region,14,14,South,46,46,"Percent of population, crude",1,2023,8.2,7.6,9.0,0.39999999999999947,1.4000000000000004
Did not get needed medical care due to cost,Healthcare access and quality,150,Geographic Characteristic,2,Region,14,14,South,46,46,"Percent of population, crude",1,2024,8.9,8.2,9.6,0.7000000000000011,1.4000000000000004
Did not get needed medical care due to cost,Healthcare access and quality,150,Geographic Characteristic,2,Region,14,14,West,47,47,"Percent of population, crude",1,2019,7.4,6.6,8.2,,1.5999999999999996
Did not get needed medical care due to cost,Healthcare access and quality,150,Geographic Characteristic,2,Region,14,14,West,47,47,"Percent of population, crude",1,2020,5.9,5.2,6.6,-1.5,1.3999999999999995
Did not get needed medical care due to cost,Healthcare access and quality,150,Geographic Characteristic,2,Region,14,14,West,47,47,"Percent of population, crude",1,2021,6.0,5.3,6.7,0.09999999999999964,1.4000000000000004
Did not get needed medical care due to cost,Healthcare access and quality,150,Geographic Characteristic,2,Region,14,14,West,47,47,"Percent of population, crude",1,2022,6.1,5.4,6.9,0.09999999999999964,1.5
Did not get needed medical care due to cost,Healthcare access and quality,150,Geographic Characteristic,2,Region,14,14,West,47,47,"Percent of population, crude",1,2023,6.1,5.4,7.0,0.0,1.5999999999999996
Did not get needed medical care due to cost,Healthcare access and quality,150,Geographic Characteristic,2,Region,14,14,West,47,47,"Percent of population, crude",1,2024,6.9,6.2,7.6,0.8000000000000007,1.3999999999999995
Did not get needed medical care due to cost,Healthcare access and quality,150,Demographic Characteristic,1,Sex,10,10,Female,34,34,"Percent of population, crude",1,2019,9.5,9.0,10.1,,1.0999999999999996
Did not get needed medical care due to cost,Healthcare access and quality,150,Demographic Characteristic,1,Sex,10,10,Female,34,34,"Percent of population, crude",1,2020,7.6,7.0,8.2,-1.9000000000000004,1.1999999999999993
Did not get needed medical care due to cost,Healthcare access and quality,150,Demographic Characteristic,1,Sex,10,10,Female,34,34,"Percent of population, crude",1,2021,6.7,6.2,7.2,-0.8999999999999995,1.0
Did not get needed medical care due to cost,Healthcare access and quality,150,Demographic Characteristic,1,Sex,10,10,Female,34,34,"Percent of population, crude",1,2022,7.1,6.5,7.7,0.39999999999999947,1.2000000000000002
Did not get needed medical care due to cost,Healthcare access and quality,150,Demographic Characteristic,1,Sex,10,10,Female,34,34,"Percent of population, crude",1,2023,7.1,6.6,7.6,0.0,1.0
Did not get needed medical care due to cost,Healthcare access and quality,150,Demographic Characteristic,1,Sex,10,10,Female,34,34,"Percent of population, crude",1,2024,8.2,7.7,8.8,1.0999999999999996,1.1000000000000005
Did not get needed medical care due to cost,Healthcare access and quality,150,Demographic Characteristic,1,Sex,10,10,Male,35,35,"Percent of population, crude",1,2019,6.9,6.4,7.5,,1.0999999999999996
Did not get needed medical care due to cost,Healthcare access and quality,150,Demographic Characteristic,1,Sex,10,10,Male,35,35,"Percent of population, crude",1,2020,5.6,5.1,6.2,-1.3000000000000007,1.1000000000000005
Did not get needed medical care due to cost,Healthcare access and quality,150,Demographic Characteristic,1,Sex,10,10,Male,35,35,"Percent of population, crude",1,2021,5.4,4.9,5.9,-0.1999999999999993,1.0
Did not get needed medical care due to cost,Healthcare access and quality,150,Demographic Characteristic,1,Sex,10,10,Male,35,35,"Percent of population, crude",1,2022,5.4,5.0,5.9,0.0,0.9000000000000004
Did not get needed medical care due to cost,Healthcare access and quality,150,Demographic Characteristic,1,Sex,10,10,Male,35,35,"Percent of population, crude",1,2023,5.5,5.0,6.0,0.09999999999999964,1.0
Did not get needed medical care due to cost,Healthcare access and quality,150,Demographic Characteristic,1,Sex,10,10,Male,35,35,"Percent of population, crude",1,2024,6.5,6.0,7.1,1.0,1.0999999999999996
Did not get needed medical care due to cost,Healthcare access and quality,150,Demographic Characteristic,1,Sexual orientation,11,11,Bisexual,36,36,"Percent of population, crude",1,2019,19.9,15.8,24.5,,8.7
Did not get needed medical care due to cost,Healthcare access and quality,150,Demographic Characteristic,1,Sexual orientation,11,11,Bisexual,36,36,"Percent of population, crude",1,2020,17.1,12.9,22.1,-2.799999999999997,9.200000000000001
Did not get needed medical care due to cost,Healthcare access and quality,150,Demographic Characteristic,1,Sexual orientation,11,11,Bisexual,36,36,"Percent of population, crude",1,2021,17.5,13.8,21.8,0.3999999999999986,8.0
Did not get needed medical care due to cost,Healthcare access and quality,150,Demographic Characteristic,1,Sexual orientation,11,11,Bisexual,36,36,"Percent of population, crude",1,2022,11.8,8.8,15.5,-5.699999999999999,6.699999999999999
Did not get needed medical care due to cost,Healthcare access and quality,150,Demographic Characteristic,1,Sexual orientation,11,11,Bisexual,36,36,"Percent of population, crude",1,2023,14.9,11.7,18.6,3.0999999999999996,6.900000000000002
Did not get needed medical care due to cost,Healthcare access and quality,150,Demographic Characteristic,1,Sexual orientation,11,11,Bisexual,36,36,"Percent of population, crude",1,2024,20.1,16.7,24.0,5.200000000000001,7.300000000000001
Did not get needed medical care due to cost,Healthcare access and quality,150,Demographic Characteristic,1,Sexual orientation,11,11,Gay or Lesbian,37,37,"Percent of population, crude",1,2019,6.0,3.7,9.0,,5.3
Did not get needed medical care due to cost,Healthcare access and quality,150,Demographic Characteristic,1,Sexual orientation,11,11,Gay or Lesbian,37,37,"Percent of population, crude",1,2020,10.9,6.6,16.6,4.9,10.000000000000002
Did not get needed medical care due to cost,Healthcare access and quality,150,Demographic Characteristic,1,Sexual orientation,11,11,Gay or Lesbian,37,37,"Percent of population, crude",1,2021,8.3,5.4,12.0,-2.5999999999999996,6.6
Did not get needed medical care due to cost,Healthcare access and quality,150,Demographic Characteristic,1,Sexual orientation,11,11,Gay or Lesbian,37,37,"Percent of population, crude",1,2022,7.5,4.9,10.8,-0.8000000000000007,5.9
Did not get needed medical care due to cost,Healthcare access and quality,150,Demographic Characteristic,1,Sexual orientation,11,11,Gay or Lesbian,37,37,"Percent of population, crude",1,2023,7.6,5.2,10.6,0.09999999999999964,5.3999999999999995
Did not get needed medical care due to cost,Healthcare access and quality,150,Demographic Characteristic,1,Sexual orientation,11,11,Gay or Lesbian,37,37,"Percent of population, crude",1,2024,7.8,5.5,10.7,0.20000000000000018,5.199999999999999
Did not get needed medical care due to cost,Healthcare access and quality,150,Demographic Characteristic,1,Sexual orientation,11,11,Straight,38,38,"Percent of population, crude",1,2019,8.0,7.6,8.4,,0.8000000000000007
Did not get needed medical care due to cost,Healthcare access and quality,150,Demographic Characteristic,1,Sexual orientation,11,11,Straight,38,38,"Percent of population, crude",1,2020,6.3,5.9,6.7,-1.7000000000000002,0.7999999999999998
Did not get needed medical care due to cost,Healthcare access and quality,150,Demographic Characteristic,1,Sexual orientation,11,11,Straight,38,38,"Percent of population, crude",1,2021,5.7,5.3,6.0,-0.5999999999999996,0.7000000000000002
Did not get needed medical care due to cost,Healthcare access and quality,150,Demographic Characteristic,1,Sexual orientation,11,11,Straight,38,38,"Percent of population, crude",1,2022,5.9,5.5,6.3,0.20000000000000018,0.7999999999999998
Did not get needed medical care due to cost,Healthcare access and quality,150,Demographic Characteristic,1,Sexual orientation,11,11,Straight,38,38,"Percent of population, crude",1,2023,6.0,5.6,6.3,0.09999999999999964,0.7000000000000002
Did not get needed medical care due to cost,Healthcare access and quality,150,Demographic Characteristic,1,Sexual orientation,11,11,Straight,38,38,"Percent of population, crude",1,2024,6.8,6.4,7.2,0.7999999999999998,0.7999999999999998
Did not get needed medical care due to cost,Healthcare access and quality,150,Geographic Characteristic,2,Social vulnerability,15,15,High social vulnerability,51,51,"Percent of population, crude",1,2019,9.7,8.7,10.6,,1.9000000000000004
Did not get needed medical care due to cost,Healthcare access and quality,150,Geographic Characteristic,2,Social vulnerability,15,15,High social vulnerability,51,51,"Percent of population, crude",1,2020,7.4,6.4,8.5,-2.299999999999999,2.0999999999999996
Did not get needed medical care due to cost,Healthcare access and quality,150,Geographic Characteristic,2,Social vulnerability,15,15,High social vulnerability,51,51,"Percent of population, crude",1,2021,6.6,5.8,7.4,-0.8000000000000007,1.6000000000000005
Did not get needed medical care due to cost,Healthcare access and quality,150,Geographic Characteristic,2,Social vulnerability,15,15,High social vulnerability,51,51,"Percent of population, crude",1,2022,7.4,6.7,8.1,0.8000000000000007,1.3999999999999995
Did not get needed medical care due to cost,Healthcare access and quality,150,Geographic Characteristic,2,Social vulnerability,15,15,High social vulnerability,51,51,"Percent of population, crude",1,2023,7.4,6.7,8.1,0.0,1.3999999999999995
Did not get needed medical care due to cost,Healthcare access and quality,150,Geographic Characteristic,2,Social vulnerability,15,15,High social vulnerability,51,51,"Percent of population, crude",1,2024,7.9,7.3,8.6,0.5,1.2999999999999998
Did not get needed medical care due to cost,Healthcare access and quality,150,Geographic Characteristic,2,Social vulnerability,15,15,Little to no social vulnerability,48,48,"Percent of population, crude",1,2019,5.5,4.8,6.3,,1.5
Did not get needed medical care due to cost,Healthcare access and quality,150,Geographic Characteristic,2,Social vulnerability,15,15,Little to no social vulnerability,48,48,"Percent of population, crude",1,2020,5.4,4.6,6.3,-0.09999999999999964,1.7000000000000002
Did not get needed medical care due to cost,Healthcare access and quality,150,Geographic Characteristic,2,Social vulnerability,15,15,Little to no social vulnerability,48,48,"Percent of population, crude",1,2021,4.9,4.1,5.7,-0.5,1.6000000000000005
Did not get needed medical care due to cost,Healthcare access and quality,150,Geographic Characteristic,2,Social vulnerability,15,15,Little to no social vulnerability,48,48,"Percent of population, crude",1,2022,4.7,3.9,5.6,-0.20000000000000018,1.6999999999999997
Did not get needed medical care due to cost,Healthcare access and quality,150,Geographic Characteristic,2,Social vulnerability,15,15,Little to no social vulnerability,48,48,"Percent of population, crude",1,2023,4.4,3.6,5.3,-0.2999999999999998,1.6999999999999997
Did not get needed medical care due to cost,Healthcare access and quality,150,Geographic Characteristic,2,Social vulnerability,15,15,Little to no social vulnerability,48,48,"Percent of population, crude",1,2024,6.2,5.4,7.1,1.7999999999999998,1.6999999999999993
Did not get needed medical care due to cost,Healthcare access and quality,150,Geographic Characteristic,2,Social vulnerability,15,15,Low social vulnerability,49,49,"Percent of population, crude",1,2019,8.1,7.3,8.9,,1.6000000000000005
Did not get needed medical care due to cost,Healthcare access and quality,150,Geographic Characteristic,2,Social vulnerability,15,15,Low social vulnerability,49,49,"Percent of population, crude",1,2020,6.3,5.6,7.1,-1.7999999999999998,1.5
Did not get needed medical care due to cost,Healthcare access and quality,150,Geographic Characteristic,2,Social vulnerability,15,15,Low social vulnerability,49,49,"Percent of population, crude",1,2021,5.6,5.0,6.3,-0.7000000000000002,1.2999999999999998
Did not get needed medical care due to cost,Healthcare access and quality,150,Geographic Characteristic,2,Social vulnerability,15,15,Low social vulnerability,49,49,"Percent of population, crude",1,2022,5.5,4.9,6.1,-0.09999999999999964,1.1999999999999993
Did not get needed medical care due to cost,Healthcare access and quality,150,Geographic Characteristic,2,Social vulnerability,15,15,Low social vulnerability,49,49,"Percent of population, crude",1,2023,5.6,4.9,6.3,0.09999999999999964,1.3999999999999995
Did not get needed medical care due to cost,Healthcare access and quality,150,Geographic Characteristic,2,Social vulnerability,15,15,Low social vulnerability,49,49,"Percent of population, crude",1,2024,6.6,5.8,7.4,1.0,1.6000000000000005
Did not get needed medical care due to cost,Healthcare access and quality,150,Geographic Characteristic,2,Social vulnerability,15,15,Medium social vulnerability,50,50,"Percent of population, crude",1,2019,9.1,8.2,10.0,,1.8000000000000007
Did not get needed medical care due to cost,Healthcare access and quality,150,Geographic Characteristic,2,Social vulnerability,15,15,Medium social vulnerability,50,50,"Percent of population, crude",1,2020,7.0,6.4,7.7,-2.0999999999999996,1.2999999999999998
Did not get needed medical care due to cost,Healthcare access and quality,150,Geographic Characteristic,2,Social vulnerability,15,15,Medium social vulnerability,50,50,"Percent of population, crude",1,2021,6.7,6.1,7.4,-0.2999999999999998,1.3000000000000007
Did not get needed medical care due to cost,Healthcare access and quality,150,Geographic Characteristic,2,Social vulnerability,15,15,Medium social vulnerability,50,50,"Percent of population, crude",1,2022,6.5,5.8,7.2,-0.20000000000000018,1.4000000000000004
Did not get needed medical care due to cost,Healthcare access and quality,150,Geographic Characteristic,2,Social vulnerability,15,15,Medium social vulnerability,50,50,"Percent of population, crude",1,2023,6.7,6.0,7.5,0.20000000000000018,1.5
Did not get needed medical care due to cost,Healthcare access and quality,150,Geographic Characteristic,2,Social vulnerability,15,15,Medium social vulnerability,50,50,"Percent of population, crude",1,2024,8.0,7.4,8.8,1.2999999999999998,1.4000000000000004
Did not get needed medical care due to cost,Healthcare access and quality,150,Total,0,Total,1,1,18 years and older,1,1,"Percent of population, crude",1,2019,8.3,7.9,8.7,,0.7999999999999989
Did not get needed medical care due to cost,Healthcare access and quality,150,Total,0,Total,1,1,18 years and older,1,1,"Percent of population, crude",1,2020,6.6,6.2,7.0,-1.700000000000001,0.7999999999999998
Did not get needed medical care due to cost,Healthcare access and quality,150,Total,0,Total,1,1,18 years and older,1,1,"Percent of population, crude",1,2021,6.1,5.7,6.4,-0.5,0.7000000000000002
Did not get needed medical care due to cost,Healthcare access and quality,150,Total,0,Total,1,1,18 years and older,1,1,"Percent of population, crude",1,2022,6.3,5.9,6.7,0.20000000000000018,0.7999999999999998
Did not get needed medical care due to cost,Healthcare access and quality,150,Total,0,Total,1,1,18 years and older,1,1,"Percent of population, crude",1,2023,6.3,6.0,6.7,0.0,0.7000000000000002
Did not get needed medical care due to cost,Healthcare access and quality,150,Total,0,Total,1,1,18 years and older,1,1,"Percent of population, crude",1,2024,7.4,7.0,7.8,1.1000000000000005,0.7999999999999998
Did not get needed medical care due to cost,Healthcare access and quality,150,Geographic Characteristic,2,Urbanicity,16,16,Large central metro,52,52,"Percent of population, crude",1,2019,8.4,7.6,9.2,,1.5999999999999996
Did not get needed medical care due to cost,Healthcare access and quality,150,Geographic Characteristic,2,Urbanicity,16,16,Large central metro,52,52,"Percent of population, crude",1,2020,6.1,5.4,6.9,-2.3000000000000007,1.5
Did not get needed medical care due to cost,Healthcare access and quality,150,Geographic Characteristic,2,Urbanicity,16,16,Large central metro,52,52,"Percent of population, crude",1,2021,5.9,5.3,6.6,-0.1999999999999993,1.2999999999999998
Did not get needed medical care due to cost,Healthcare access and quality,150,Geographic Characteristic,2,Urbanicity,16,16,Large central metro,52,52,"Percent of population, crude",1,2022,6.7,6.1,7.4,0.7999999999999998,1.3000000000000007
Did not get needed medical care due to cost,Healthcare access and quality,150,Geographic Characteristic,2,Urbanicity,16,16,Large central metro,52,52,"Percent of population, crude",1,2023,6.1,5.5,6.8,-0.6000000000000005,1.2999999999999998
Did not get needed medical care due to cost,Healthcare access and quality,150,Geographic Characteristic,2,Urbanicity,16,16,Large central metro,52,52,"Percent of population, crude",1,2024,7.2,6.5,7.9,1.1000000000000005,1.4000000000000004
Did not get needed medical care due to cost,Healthcare access and quality,150,Geographic Characteristic,2,Urbanicity,16,16,Large fringe metro,53,53,"Percent of population, crude",1,2019,7.2,6.4,8.0,,1.5999999999999996
Did not get needed medical care due to cost,Healthcare access and quality,150,Geographic Characteristic,2,Urbanicity,16,16,Large fringe metro,53,53,"Percent of population, crude",1,2020,6.0,5.2,6.8,-1.2000000000000002,1.5999999999999996
Did not get needed medical care due to cost,Healthcare access and quality,150,Geographic Characteristic,2,Urbanicity,16,16,Large fringe metro,53,53,"Percent of population, crude",1,2021,5.4,4.8,6.1,-0.5999999999999996,1.2999999999999998
Did not get needed medical care due to cost,Healthcare access and quality,150,Geographic Characteristic,2,Urbanicity,16,16,Large fringe metro,53,53,"Percent of population, crude",1,2022,5.6,4.9,6.3,0.1999999999999993,1.3999999999999995
Did not get needed medical care due to cost,Healthcare access and quality,150,Geographic Characteristic,2,Urbanicity,16,16,Large fringe metro,53,53,"Percent of population, crude",1,2023,5.4,4.7,6.1,-0.1999999999999993,1.3999999999999995
Did not get needed medical care due to cost,Healthcare access and quality,150,Geographic Characteristic,2,Urbanicity,16,16,Large fringe metro,53,53,"Percent of population, crude",1,2024,6.6,5.9,7.4,1.1999999999999993,1.5
Did not get needed medical care due to cost,Healthcare access and quality,150,Geographic Characteristic,2,Urbanicity,16,16,Medium and small metro,54,54,"Percent of population, crude",1,2019,8.6,7.9,9.4,,1.5
Did not get needed medical care due to cost,Healthcare access and quality,150,Geographic Characteristic,2,Urbanicity,16,16,Medium and small metro,54,54,"Percent of population, crude",1,2020,7.4,6.6,8.2,-1.1999999999999993,1.5999999999999996
Did not get needed medical care due to cost,Healthcare access and quality,150,Geographic Characteristic,2,Urbanicity,16,16,Medium and small metro,54,54,"Percent of population, crude",1,2021,6.2,5.5,6.9,-1.2000000000000002,1.4000000000000004
Did not get needed medical care due to cost,Healthcare access and quality,150,Geographic Characteristic,2,Urbanicity,16,16,Medium and small metro,54,54,"Percent of population, crude",1,2022,6.2,5.5,6.9,0.0,1.4000000000000004
Did not get needed medical care due to cost,Healthcare access and quality,150,Geographic Characteristic,2,Urbanicity,16,16,Medium and small metro,54,54,"Percent of population, crude",1,2023,7.3,6.5,8.0,1.0999999999999996,1.5
Did not get needed medical care due to cost,Healthcare access and quality,150,Geographic Characteristic,2,Urbanicity,16,16,Medium and small metro,54,54,"Percent of population, crude",1,2024,8.3,7.5,9.1,1.0000000000000009,1.5999999999999996
Did not get needed medical care due to cost,Healthcare access and quality,150,Geographic Characteristic,2,Urbanicity,16,16,Nonmetropolitan,55,55,"Percent of population, crude",1,2019,9.4,8.1,10.7,,2.5999999999999996
Did not get needed medical care due to cost,Healthcare access and quality,150,Geographic Characteristic,2,Urbanicity,16,16,Nonmetropolitan,55,55,"Percent of population, crude",1,2020,7.3,6.2,8.4,-2.1000000000000005,2.2
Did not get needed medical care due to cost,Healthcare access and quality,150,Geographic Characteristic,2,Urbanicity,16,16,Nonmetropolitan,55,55,"Percent of population, crude",1,2021,7.4,6.4,8.4,0.10000000000000053,2.0
Did not get needed medical care due to cost,Healthcare access and quality,150,Geographic Characteristic,2,Urbanicity,16,16,Nonmetropolitan,55,55,"Percent of population, crude",1,2022,6.9,5.9,8.0,-0.5,2.0999999999999996
Did not get needed medical care due to cost,Healthcare access and quality,150,Geographic Characteristic,2,Urbanicity,16,16,Nonmetropolitan,55,55,"Percent of population, crude",1,2023,6.5,5.5,7.5,-0.40000000000000036,2.0
Did not get needed medical care due to cost,Healthcare access and quality,150,Geographic Characteristic,2,Urbanicity,16,16,Nonmetropolitan,55,55,"Percent of population, crude",1,2024,7.4,6.5,8.3,0.9000000000000004,1.8000000000000007
Did not get needed medical care due to cost,Healthcare access and quality,150,Demographic Characteristic,1,Veteran status,12,12,Non-veteran,40,40,"Percent of population, crude",1,2019,8.5,8.1,9.0,,0.9000000000000004
Did not get needed medical care due to cost,Healthcare access and quality,150,Demographic Characteristic,1,Veteran status,12,12,Non-veteran,40,40,"Percent of population, crude",1,2020,6.9,6.4,7.3,-1.5999999999999996,0.8999999999999995
Did not get needed medical care due to cost,Healthcare access and quality,150,Demographic Characteristic,1,Veteran status,12,12,Non-veteran,40,40,"Percent of population, crude",1,2021,6.3,5.9,6.6,-0.6000000000000005,0.6999999999999993
Did not get needed medical care due to cost,Healthcare access and quality,150,Demographic Characteristic,1,Veteran status,12,12,Non-veteran,40,40,"Percent of population, crude",1,2022,6.4,6.0,6.8,0.10000000000000053,0.7999999999999998
Did not get needed medical care due to cost,Healthcare access and quality,150,Demographic Characteristic,1,Veteran status,12,12,Non-veteran,40,40,"Percent of population, crude",1,2023,6.6,6.2,7.0,0.1999999999999993,0.7999999999999998
Did not get needed medical care due to cost,Healthcare access and quality,150,Demographic Characteristic,1,Veteran status,12,12,Non-veteran,40,40,"Percent of population, crude",1,2024,7.6,7.2,8.1,1.0,0.8999999999999995
Did not get needed medical care due to cost,Healthcare access and quality,150,Demographic Characteristic,1,Veteran status,12,12,Veteran,39,39,"Percent of population, crude",1,2019,5.1,4.1,6.2,,2.1000000000000005
Did not get needed medical care due to cost,Healthcare access and quality,150,Demographic Characteristic,1,Veteran status,12,12,Veteran,39,39,"Percent of population, crude",1,2020,3.5,2.6,4.6,-1.5999999999999996,1.9999999999999996
Did not get needed medical care due to cost,Healthcare access and quality,150,Demographic Characteristic,1,Veteran status,12,12,Veteran,39,39,"Percent of population, crude",1,2021,3.6,2.8,4.6,0.10000000000000009,1.7999999999999998
Did not get needed medical care due to cost,Healthcare access and quality,150,Demographic Characteristic,1,Veteran status,12,12,Veteran,39,39,"Percent of population, crude",1,2022,3.6,2.8,4.6,0.0,1.7999999999999998
Did not get needed medical care due to cost,Healthcare access and quality,150,Demographic Characteristic,1,Veteran status,12,12,Veteran,39,39,"Percent of population, crude",1,2023,3.5,2.6,4.5,-0.10000000000000009,1.9
Did not get needed medical care due to cost,Healthcare access and quality,150,Demographic Characteristic,1,Veteran status,12,12,Veteran,39,39,"Percent of population, crude",1,2024,4.1,3.1,5.1,0.5999999999999996,1.9999999999999996
Did not get needed mental health care due to cost,Healthcare access and quality,150,Demographic Characteristic,1,Age groups with 65 years and older,2,2,18-34 years,2,2,"Percent of population, crude",1,2019,6.6,5.9,7.3,,1.3999999999999995
Did not get needed mental health care due to cost,Healthcare access and quality,150,Demographic Characteristic,1,Age groups with 65 years and older,2,2,18-34 years,2,2,"Percent of population, crude",1,2020,7.0,6.2,7.8,0.40000000000000036,1.5999999999999996
Did not get needed mental health care due to cost,Healthcare access and quality,150,Demographic Characteristic,1,Age groups with 65 years and older,2,2,18-34 years,2,2,"Percent of population, crude",1,2021,8.0,7.2,8.8,1.0,1.6000000000000005
Did not get needed mental health care due to cost,Healthcare access and quality,150,Demographic Characteristic,1,Age groups with 65 years and older,2,2,18-34 years,2,2,"Percent of population, crude",1,2022,9.0,8.2,9.9,1.0,1.700000000000001
Did not get needed mental health care due to cost,Healthcare access and quality,150,Demographic Characteristic,1,Age groups with 65 years and older,2,2,18-34 years,2,2,"Percent of population, crude",1,2023,9.4,8.6,10.2,0.40000000000000036,1.5999999999999996
Did not get needed mental health care due to cost,Healthcare access and quality,150,Demographic Characteristic,1,Age groups with 65 years and older,2,2,18-34 years,2,2,"Percent of population, crude",1,2024,10.0,9.1,10.9,0.5999999999999996,1.8000000000000007
Did not get needed mental health care due to cost,Healthcare access and quality,150,Demographic Characteristic,1,Age groups with 65 years and older,2,2,35-49 years,3,3,"Percent of population, crude",1,2019,5.1,4.5,5.7,,1.2000000000000002
Did not get needed mental health care due to cost,Healthcare access and quality,150,Demographic Characteristic,1,Age groups with 65 years and older,2,2,35-49 years,3,3,"Percent of population, crude",1,2020,5.2,4.5,5.8,0.10000000000000053,1.2999999999999998
Did not get needed mental health care due to cost,Healthcare access and quality,150,Demographic Characteristic,1,Age groups with 65 years and older,2,2,35-49 years,3,3,"Percent of population, crude",1,2021,4.4,3.9,5.0,-0.7999999999999998,1.1
Did not get needed mental health care due to cost,Healthcare access and quality,150,Demographic Characteristic,1,Age groups with 65 years and older,2,2,35-49 years,3,3,"Percent of population, crude",1,2022,5.9,5.3,6.6,1.5,1.2999999999999998
Did not get needed mental health care due to cost,Healthcare access and quality,150,Demographic Characteristic,1,Age groups with 65 years and older,2,2,35-49 years,3,3,"Percent of population, crude",1,2023,6.7,6.0,7.4,0.7999999999999998,1.4000000000000004
Did not get needed mental health care due to cost,Healthcare access and quality,150,Demographic Characteristic,1,Age groups with 65 years and older,2,2,35-49 years,3,3,"Percent of population, crude",1,2024,7.5,6.8,8.3,0.7999999999999998,1.5000000000000009
Did not get needed mental health care due to cost,Healthcare access and quality,150,Demographic Characteristic,1,Age groups with 65 years and older,2,2,50-64 years,4,4,"Percent of population, crude",1,2019,3.5,3.1,4.0,,0.8999999999999999
Did not get needed mental health care due to cost,Healthcare access and quality,150,Demographic Characteristic,1,Age groups with 65 years and older,2,2,50-64 years,4,4,"Percent of population, crude",1,2020,3.0,2.5,3.5,-0.5,1.0
Did not get needed mental health care due to cost,Healthcare access and quality,150,Demographic Characteristic,1,Age groups with 65 years and older,2,2,50-64 years,4,4,"Percent of population, crude",1,2021,2.5,2.1,2.9,-0.5,0.7999999999999998
Did not get needed mental health care due to cost,Healthcare access and quality,150,Demographic Characteristic,1,Age groups with 65 years and older,2,2,50-64 years,4,4,"Percent of population, crude",1,2022,3.0,2.6,3.5,0.5,0.8999999999999999
Did not get needed mental health care due to cost,Healthcare access and quality,150,Demographic Characteristic,1,Age groups with 65 years and older,2,2,50-64 years,4,4,"Percent of population, crude",1,2023,3.4,2.9,3.9,0.3999999999999999,1.0
Did not get needed mental health care due to cost,Healthcare access and quality,150,Demographic Characteristic,1,Age groups with 65 years and older,2,2,50-64 years,4,4,"Percent of population, crude",1,2024,3.9,3.4,4.5,0.5,1.1
Did not get needed mental health care due to cost,Healthcare access and quality,150,Demographic Characteristic,1,Age groups with 65 years and older,2,2,65 years and older,5,5,"Percent of population, crude",1,2019,1.3,1.0,1.6,,0.6000000000000001
Did not get needed mental health care due to cost,Healthcare access and quality,150,Demographic Characteristic,1,Age groups with 65 years and older,2,2,65 years and older,5,5,"Percent of population, crude",1,2020,1.1,0.9,1.4,-0.19999999999999996,0.4999999999999999
Did not get needed mental health care due to cost,Healthcare access and quality,150,Demographic Characteristic,1,Age groups with 65 years and older,2,2,65 years and older,5,5,"Percent of population, crude",1,2021,1.0,0.7,1.2,-0.10000000000000009,0.5
Did not get needed mental health care due to cost,Healthcare access and quality,150,Demographic Characteristic,1,Age groups with 65 years and older,2,2,65 years and older,5,5,"Percent of population, crude",1,2022,1.2,0.9,1.5,0.19999999999999996,0.6
Did not get needed mental health care due to cost,Healthcare access and quality,150,Demographic Characteristic,1,Age groups with 65 years and older,2,2,65 years and older,5,5,"Percent of population, crude",1,2023,1.4,1.1,1.7,0.19999999999999996,0.5999999999999999
Did not get needed mental health care due to cost,Healthcare access and quality,150,Demographic Characteristic,1,Age groups with 65 years and older,2,2,65 years and older,5,5,"Percent of population, crude",1,2024,1.0,0.8,1.2,-0.3999999999999999,0.3999999999999999
Did not get needed mental health care due to cost,Healthcare access and quality,150,Demographic Characteristic,1,Age groups with 75 years and older,3,3,18-44 years,6,6,"Percent of population, crude",1,2019,6.2,5.7,6.7,,1.0
Did not get needed mental health care due to cost,Healthcare access and quality,150,Demographic Characteristic,1,Age groups with 75 years and older,3,3,18-44 years,6,6,"Percent of population, crude",1,2020,6.4,5.8,7.0,0.20000000000000018,1.2000000000000002
Did not get needed mental health care due to cost,Healthcare access and quality,150,Demographic Characteristic,1,Age groups with 75 years and older,3,3,18-44 years,6,6,"Percent of population, crude",1,2021,6.8,6.2,7.3,0.39999999999999947,1.0999999999999996
Did not get needed mental health care due to cost,Healthcare access and quality,150,Demographic Characteristic,1,Age groups with 75 years and older,3,3,18-44 years,6,6,"Percent of population, crude",1,2022,8.0,7.4,8.6,1.2000000000000002,1.1999999999999993
Did not get needed mental health care due to cost,Healthcare access and quality,150,Demographic Characteristic,1,Age groups with 75 years and older,3,3,18-44 years,6,6,"Percent of population, crude",1,2023,8.5,7.9,9.1,0.5,1.1999999999999993
Did not get needed mental health care due to cost,Healthcare access and quality,150,Demographic Characteristic,1,Age groups with 75 years and older,3,3,18-44 years,6,6,"Percent of population, crude",1,2024,9.3,8.6,10.0,0.8000000000000007,1.4000000000000004
Did not get needed mental health care due to cost,Healthcare access and quality,150,Demographic Characteristic,1,Age groups with 75 years and older,3,3,45-64 years,7,7,"Percent of population, crude",1,2019,3.7,3.3,4.2,,0.9000000000000004
Did not get needed mental health care due to cost,Healthcare access and quality,150,Demographic Characteristic,1,Age groups with 75 years and older,3,3,45-64 years,7,7,"Percent of population, crude",1,2020,3.4,3.0,3.9,-0.30000000000000027,0.8999999999999999
Did not get needed mental health care due to cost,Healthcare access and quality,150,Demographic Characteristic,1,Age groups with 75 years and older,3,3,45-64 years,7,7,"Percent of population, crude",1,2021,2.8,2.5,3.2,-0.6000000000000001,0.7000000000000002
Did not get needed mental health care due to cost,Healthcare access and quality,150,Demographic Characteristic,1,Age groups with 75 years and older,3,3,45-64 years,7,7,"Percent of population, crude",1,2022,3.5,3.1,4.0,0.7000000000000002,0.8999999999999999
Did not get needed mental health care due to cost,Healthcare access and quality,150,Demographic Characteristic,1,Age groups with 75 years and older,3,3,45-64 years,7,7,"Percent of population, crude",1,2023,4.0,3.5,4.5,0.5,1.0
Did not get needed mental health care due to cost,Healthcare access and quality,150,Demographic Characteristic,1,Age groups with 75 years and older,3,3,45-64 years,7,7,"Percent of population, crude",1,2024,4.5,4.0,5.0,0.5,1.0
Did not get needed mental health care due to cost,Healthcare access and quality,150,Demographic Characteristic,1,Age groups with 75 years and older,3,3,65-74 years,8,8,"Percent of population, crude",1,2019,1.7,1.3,2.2,,0.9000000000000001
Did not get needed mental health care due to cost,Healthcare access and quality,150,Demographic Characteristic,1,Age groups with 75 years and older,3,3,65-74 years,8,8,"Percent of population, crude",1,2020,1.6,1.2,2.0,-0.09999999999999987,0.8
Did not get needed mental health care due to cost,Healthcare access and quality,150,Demographic Characteristic,1,Age groups with 75 years and older,3,3,65-74 years,8,8,"Percent of population, crude",1,2021,1.0,0.7,1.4,-0.6000000000000001,0.7
Did not get needed mental health care due to cost,Healthcare access and quality,150,Demographic Characteristic,1,Age groups with 75 years and older,3,3,65-74 years,8,8,"Percent of population, crude",1,2022,1.6,1.2,2.0,0.6000000000000001,0.8
Did not get needed mental health care due to cost,Healthcare access and quality,150,Demographic Characteristic,1,Age groups with 75 years and older,3,3,65-74 years,8,8,"Percent of population, crude",1,2023,1.9,1.5,2.3,0.2999999999999998,0.7999999999999998
Did not get needed mental health care due to cost,Healthcare access and quality,150,Demographic Characteristic,1,Age groups with 75 years and older,3,3,65-74 years,8,8,"Percent of population, crude",1,2024,1.3,1.0,1.7,-0.5999999999999999,0.7
Did not get needed mental health care due to cost,Healthcare access and quality,150,Demographic Characteristic,1,Age groups with 75 years and older,3,3,75 years and older,9,9,"Percent of population, crude",1,2019,0.7,0.5,1.1,,0.6000000000000001
Did not get needed mental health care due to cost,Healthcare access and quality,150,Demographic Characteristic,1,Age groups with 75 years and older,3,3,75 years and older,9,9,"Percent of population, crude",1,2020,0.4,0.2,0.7,-0.29999999999999993,0.49999999999999994
Did not get needed mental health care due to cost,Healthcare access and quality,150,Demographic Characteristic,1,Age groups with 75 years and older,3,3,75 years and older,9,9,"Percent of population, crude",1,2021,0.9,0.5,1.3,0.5,0.8
Did not get needed mental health care due to cost,Healthcare access and quality,150,Demographic Characteristic,1,Age groups with 75 years and older,3,3,75 years and older,9,9,"Percent of population, crude",1,2022,0.7,0.4,1.0,-0.20000000000000007,0.6
Did not get needed mental health care due to cost,Healthcare access and quality,150,Demographic Characteristic,1,Age groups with 75 years and older,3,3,75 years and older,9,9,"Percent of population, crude",1,2023,0.7,0.4,1.0,0.0,0.6
Did not get needed mental health care due to cost,Healthcare access and quality,150,Demographic Characteristic,1,Age groups with 75 years and older,3,3,75 years and older,9,9,"Percent of population, crude",1,2024,0.5,0.3,0.8,-0.19999999999999996,0.5
Did not get needed mental health care due to cost,Healthcare access and quality,150,Demographic Characteristic,1,Disability status,4,4,With disability,10,10,"Percent of population, crude",1,2019,7.1,6.0,8.4,,2.4000000000000004
Did not get needed mental health care due to cost,Healthcare access and quality,150,Demographic Characteristic,1,Disability status,4,4,With disability,10,10,"Percent of population, crude",1,2020,7.5,6.3,8.9,0.40000000000000036,2.6000000000000005
Did not get needed mental health care due to cost,Healthcare access and quality,150,Demographic Characteristic,1,Disability status,4,4,With disability,10,10,"Percent of population, crude",1,2021,7.3,6.1,8.7,-0.20000000000000018,2.5999999999999996
Did not get needed mental health care due to cost,Healthcare access and quality,150,Demographic Characteristic,1,Disability status,4,4,With disability,10,10,"Percent of population, crude",1,2022,8.5,7.2,9.9,1.2000000000000002,2.7
Did not get needed mental health care due to cost,Healthcare access and quality,150,Demographic Characteristic,1,Disability status,4,4,With disability,10,10,"Percent of population, crude",1,2023,9.8,8.4,11.4,1.3000000000000007,3.0
Did not get needed mental health care due to cost,Healthcare access and quality,150,Demographic Characteristic,1,Disability status,4,4,With disability,10,10,"Percent of population, crude",1,2024,11.2,9.8,12.8,1.3999999999999986,3.0
Did not get needed mental health care due to cost,Healthcare access and quality,150,Demographic Characteristic,1,Disability status,4,4,Without disability,11,11,"Percent of population, crude",1,2019,4.1,3.8,4.4,,0.6000000000000005
Did not get needed mental health care due to cost,Healthcare access and quality,150,Demographic Characteristic,1,Disability status,4,4,Without disability,11,11,"Percent of population, crude",1,2020,4.0,3.7,4.3,-0.09999999999999964,0.5999999999999996
Did not get needed mental health care due to cost,Healthcare access and quality,150,Demographic Characteristic,1,Disability status,4,4,Without disability,11,11,"Percent of population, crude",1,2021,3.9,3.6,4.2,-0.10000000000000009,0.6000000000000001
Did not get needed mental health care due to cost,Healthcare access and quality,150,Demographic Characteristic,1,Disability status,4,4,Without disability,11,11,"Percent of population, crude",1,2022,4.7,4.3,5.0,0.8000000000000003,0.7000000000000002
Did not get needed mental health care due to cost,Healthcare access and quality,150,Demographic Characteristic,1,Disability status,4,4,Without disability,11,11,"Percent of population, crude",1,2023,5.0,4.7,5.4,0.2999999999999998,0.7000000000000002
Did not get needed mental health care due to cost,Healthcare access and quality,150,Demographic Characteristic,1,Disability status,4,4,Without disability,11,11,"Percent of population, crude",1,2024,5.3,4.9,5.6,0.2999999999999998,0.6999999999999993
Did not get needed mental health care due to cost,Healthcare access and quality,150,Socioeconomic Characteristic,3,Education,17,17,College degree or higher,59,59,"Percent of population, crude",1,2019,4.3,3.8,4.7,,0.9000000000000004
Did not get needed mental health care due to cost,Healthcare access and quality,150,Socioeconomic Characteristic,3,Education,17,17,College degree or higher,59,59,"Percent of population, crude",1,2020,4.4,4.0,4.9,0.10000000000000053,0.9000000000000004
Did not get needed mental health care due to cost,Healthcare access and quality,150,Socioeconomic Characteristic,3,Education,17,17,College degree or higher,59,59,"Percent of population, crude",1,2021,4.5,4.0,5.0,0.09999999999999964,1.0
Did not get needed mental health care due to cost,Healthcare access and quality,150,Socioeconomic Characteristic,3,Education,17,17,College degree or higher,59,59,"Percent of population, crude",1,2022,4.9,4.5,5.5,0.40000000000000036,1.0
Did not get needed mental health care due to cost,Healthcare access and quality,150,Socioeconomic Characteristic,3,Education,17,17,College degree or higher,59,59,"Percent of population, crude",1,2023,5.7,5.2,6.2,0.7999999999999998,1.0
Did not get needed mental health care due to cost,Healthcare access and quality,150,Socioeconomic Characteristic,3,Education,17,17,College degree or higher,59,59,"Percent of population, crude",1,2024,5.9,5.5,6.5,0.20000000000000018,1.0
Did not get needed mental health care due to cost,Healthcare access and quality,150,Socioeconomic Characteristic,3,Education,17,17,High school diploma or GED,57,57,"Percent of population, crude",1,2019,3.6,3.0,4.2,,1.2000000000000002
Did not get needed mental health care due to cost,Healthcare access and quality,150,Socioeconomic Characteristic,3,Education,17,17,High school diploma or GED,57,57,"Percent of population, crude",1,2020,3.4,2.8,4.1,-0.20000000000000018,1.2999999999999998
Did not get needed mental health care due to cost,Healthcare access and quality,150,Socioeconomic Characteristic,3,Education,17,17,High school diploma or GED,57,57,"Percent of population, crude",1,2021,2.9,2.4,3.4,-0.5,1.0
Did not get needed mental health care due to cost,Healthcare access and quality,150,Socioeconomic Characteristic,3,Education,17,17,High school diploma or GED,57,57,"Percent of population, crude",1,2022,3.2,2.7,3.8,0.30000000000000027,1.0999999999999996
Did not get needed mental health care due to cost,Healthcare access and quality,150,Socioeconomic Characteristic,3,Education,17,17,High school diploma or GED,57,57,"Percent of population, crude",1,2023,4.5,3.9,5.2,1.2999999999999998,1.3000000000000003
Did not get needed mental health care due to cost,Healthcare access and quality,150,Socioeconomic Characteristic,3,Education,17,17,High school diploma or GED,57,57,"Percent of population, crude",1,2024,4.8,4.2,5.4,0.2999999999999998,1.2000000000000002
Did not get needed mental health care due to cost,Healthcare access and quality,150,Socioeconomic Characteristic,3,Education,17,17,No high school diploma or GED,56,56,"Percent of population, crude",1,2019,3.1,2.3,4.0,,1.7000000000000002
Did not get needed mental health care due to cost,Healthcare access and quality,150,Socioeconomic Characteristic,3,Education,17,17,No high school diploma or GED,56,56,"Percent of population, crude",1,2020,3.3,2.3,4.6,0.19999999999999973,2.3
Did not get needed mental health care due to cost,Healthcare access and quality,150,Socioeconomic Characteristic,3,Education,17,17,No high school diploma or GED,56,56,"Percent of population, crude",1,2021,2.5,1.9,3.3,-0.7999999999999998,1.4
Did not get needed mental health care due to cost,Healthcare access and quality,150,Socioeconomic Characteristic,3,Education,17,17,No high school diploma or GED,56,56,"Percent of population, crude",1,2022,3.0,2.2,4.0,0.5,1.7999999999999998
Did not get needed mental health care due to cost,Healthcare access and quality,150,Socioeconomic Characteristic,3,Education,17,17,No high school diploma or GED,56,56,"Percent of population, crude",1,2023,3.1,2.4,4.0,0.10000000000000009,1.6
Did not get needed mental health care due to cost,Healthcare access and quality,150,Socioeconomic Characteristic,3,Education,17,17,No high school diploma or GED,56,56,"Percent of population, crude",1,2024,3.4,2.5,4.4,0.2999999999999998,1.9000000000000004
Did not get needed mental health care due to cost,Healthcare access and quality,150,Socioeconomic Characteristic,3,Education,17,17,Some college,58,58,"Percent of population, crude",1,2019,5.2,4.6,5.8,,1.2000000000000002
Did not get needed mental health care due to cost,Healthcare access and quality,150,Socioeconomic Characteristic,3,Education,17,17,Some college,58,58,"Percent of population, crude",1,2020,4.5,4.0,5.2,-0.7000000000000002,1.2000000000000002
Did not get needed mental health care due to cost,Healthcare access and quality,150,Socioeconomic Characteristic,3,Education,17,17,Some college,58,58,"Percent of population, crude",1,2021,4.8,4.2,5.4,0.2999999999999998,1.2000000000000002
Did not get needed mental health care due to cost,Healthcare access and quality,150,Socioeconomic Characteristic,3,Education,17,17,Some college,58,58,"Percent of population, crude",1,2022,6.0,5.3,6.7,1.2000000000000002,1.4000000000000004
Did not get needed mental health care due to cost,Healthcare access and quality,150,Socioeconomic Characteristic,3,Education,17,17,Some college,58,58,"Percent of population, crude",1,2023,6.4,5.7,7.1,0.40000000000000036,1.3999999999999995
Did not get needed mental health care due to cost,Healthcare access and quality,150,Socioeconomic Characteristic,3,Education,17,17,Some college,58,58,"Percent of population, crude",1,2024,6.5,5.8,7.2,0.09999999999999964,1.4000000000000004
Did not get needed mental health care due to cost,Healthcare access and quality,150,Socioeconomic Characteristic,3,Employment status,18,18,Employed,60,60,"Percent of population, crude",1,2019,4.6,4.2,5.0,,0.7999999999999998
Did not get needed mental health care due to cost,Healthcare access and quality,150,Socioeconomic Characteristic,3,Employment status,18,18,Employed,60,60,"Percent of population, crude",1,2020,4.7,4.3,5.1,0.10000000000000053,0.7999999999999998
Did not get needed mental health care due to cost,Healthcare access and quality,150,Socioeconomic Characteristic,3,Employment status,18,18,Employed,60,60,"Percent of population, crude",1,2021,4.8,4.5,5.2,0.09999999999999964,0.7000000000000002
Did not get needed mental health care due to cost,Healthcare access and quality,150,Socioeconomic Characteristic,3,Employment status,18,18,Employed,60,60,"Percent of population, crude",1,2022,5.6,5.2,6.1,0.7999999999999998,0.8999999999999995
Did not get needed mental health care due to cost,Healthcare access and quality,150,Socioeconomic Characteristic,3,Employment status,18,18,Employed,60,60,"Percent of population, crude",1,2023,6.1,5.7,6.5,0.5,0.7999999999999998
Did not get needed mental health care due to cost,Healthcare access and quality,150,Socioeconomic Characteristic,3,Employment status,18,18,Employed,60,60,"Percent of population, crude",1,2024,7.0,6.6,7.5,0.9000000000000004,0.9000000000000004
Did not get needed mental health care due to cost,Healthcare access and quality,150,Socioeconomic Characteristic,3,Employment status,18,18,Employed - Full-time,61,61,"Percent of population, crude",1,2019,4.3,3.9,4.7,,0.8000000000000003
Did not get needed mental health care due to cost,Healthcare access and quality,150,Socioeconomic Characteristic,3,Employment status,18,18,Employed - Full-time,61,61,"Percent of population, crude",1,2020,4.3,3.9,4.7,0.0,0.8000000000000003
Did not get needed mental health care due to cost,Healthcare access and quality,150,Socioeconomic Characteristic,3,Employment status,18,18,Employed - Full-time,61,61,"Percent of population, crude",1,2021,4.5,4.1,4.9,0.20000000000000018,0.8000000000000007
Did not get needed mental health care due to cost,Healthcare access and quality,150,Socioeconomic Characteristic,3,Employment status,18,18,Employed - Full-time,61,61,"Percent of population, crude",1,2022,5.2,4.8,5.7,0.7000000000000002,0.9000000000000004
Did not get needed mental health care due to cost,Healthcare access and quality,150,Socioeconomic Characteristic,3,Employment status,18,18,Employed - Full-time,61,61,"Percent of population, crude",1,2023,6.1,5.6,6.6,0.8999999999999995,1.0
Did not get needed mental health care due to cost,Healthcare access and quality,150,Socioeconomic Characteristic,3,Employment status,18,18,Employed - Full-time,61,61,"Percent of population, crude",1,2024,6.6,6.2,7.1,0.5,0.8999999999999995
Did not get needed mental health care due to cost,Healthcare access and quality,150,Socioeconomic Characteristic,3,Employment status,18,18,Employed - Part-time,62,62,"Percent of population, crude",1,2019,5.7,4.7,6.8,,2.0999999999999996
Did not get needed mental health care due to cost,Healthcare access and quality,150,Socioeconomic Characteristic,3,Employment status,18,18,Employed - Part-time,62,62,"Percent of population, crude",1,2020,6.6,5.4,7.9,0.8999999999999995,2.5
Did not get needed mental health care due to cost,Healthcare access and quality,150,Socioeconomic Characteristic,3,Employment status,18,18,Employed - Part-time,62,62,"Percent of population, crude",1,2021,6.3,5.2,7.4,-0.2999999999999998,2.2
Did not get needed mental health care due to cost,Healthcare access and quality,150,Socioeconomic Characteristic,3,Employment status,18,18,Employed - Part-time,62,62,"Percent of population, crude",1,2022,7.4,6.2,8.7,1.1000000000000005,2.499999999999999
Did not get needed mental health care due to cost,Healthcare access and quality,150,Socioeconomic Characteristic,3,Employment status,18,18,Employed - Part-time,62,62,"Percent of population, crude",1,2023,6.0,5.1,7.0,-1.4000000000000004,1.9000000000000004
Did not get needed mental health care due to cost,Healthcare access and quality,150,Socioeconomic Characteristic,3,Employment status,18,18,Employed - Part-time,62,62,"Percent of population, crude",1,2024,8.5,7.4,9.7,2.5,2.299999999999999
Did not get needed mental health care due to cost,Healthcare access and quality,150,Socioeconomic Characteristic,3,Employment status,18,18,Not employed,63,63,"Percent of population, crude",1,2019,3.9,3.5,4.3,,0.7999999999999998
Did not get needed mental health care due to cost,Healthcare access and quality,150,Socioeconomic Characteristic,3,Employment status,18,18,Not employed,63,63,"Percent of population, crude",1,2020,3.7,3.2,4.2,-0.19999999999999973,1.0
Did not get needed mental health care due to cost,Healthcare access and quality,150,Socioeconomic Characteristic,3,Employment status,18,18,Not employed,63,63,"Percent of population, crude",1,2021,3.2,2.8,3.6,-0.5,0.8000000000000003
Did not get needed mental health care due to cost,Healthcare access and quality,150,Socioeconomic Characteristic,3,Employment status,18,18,Not employed,63,63,"Percent of population, crude",1,2022,4.0,3.6,4.5,0.7999999999999998,0.8999999999999999
Did not get needed mental health care due to cost,Healthcare access and quality,150,Socioeconomic Characteristic,3,Employment status,18,18,Not employed,63,63,"Percent of population, crude",1,2023,4.5,4.0,5.0,0.5,1.0
Did not get needed mental health care due to cost,Healthcare access and quality,150,Socioeconomic Characteristic,3,Employment status,18,18,Not employed,63,63,"Percent of population, crude",1,2024,3.9,3.5,4.4,-0.6000000000000001,0.9000000000000004
Did not get needed mental health care due to cost,Healthcare access and quality,150,Socioeconomic Characteristic,3,Employment status,18,18,Not employed - Has never worked,65,65,"Percent of population, crude",1,2019,1.9,1.0,3.4,,2.4
Did not get needed mental health care due to cost,Healthcare access and quality,150,Socioeconomic Characteristic,3,Employment status,18,18,Not employed - Has never worked,65,65,"Percent of population, crude",1,2021,1.1,0.3,2.6,-0.7999999999999998,2.3000000000000003
Did not get needed mental health care due to cost,Healthcare access and quality,150,Socioeconomic Characteristic,3,Employment status,18,18,Not employed - Has never worked,65,65,"Percent of population, crude",1,2022,1.8,0.6,4.2,0.7,3.6
Did not get needed mental health care due to cost,Healthcare access and quality,150,Socioeconomic Characteristic,3,Employment status,18,18,Not employed - Has never worked,65,65,"Percent of population, crude",1,2023,2.4,1.2,4.5,0.5999999999999999,3.3
Did not get needed mental health care due to cost,Healthcare access and quality,150,Socioeconomic Characteristic,3,Employment status,18,18,Not employed - Has never worked,65,65,"Percent of population, crude",1,2024,1.8,0.6,3.8,-0.5999999999999999,3.1999999999999997
Did not get needed mental health care due to cost,Healthcare access and quality,150,Socioeconomic Characteristic,3,Employment status,18,18,Not employed - Has worked previously,64,64,"Percent of population, crude",1,2019,4.1,3.6,4.6,,0.9999999999999996
Did not get needed mental health care due to cost,Healthcare access and quality,150,Socioeconomic Characteristic,3,Employment status,18,18,Not employed - Has worked previously,64,64,"Percent of population, crude",1,2020,3.7,3.2,4.2,-0.39999999999999947,1.0
Did not get needed mental health care due to cost,Healthcare access and quality,150,Socioeconomic Characteristic,3,Employment status,18,18,Not employed - Has worked previously,64,64,"Percent of population, crude",1,2021,3.4,3.0,3.8,-0.30000000000000027,0.7999999999999998
Did not get needed mental health care due to cost,Healthcare access and quality,150,Socioeconomic Characteristic,3,Employment status,18,18,Not employed - Has worked previously,64,64,"Percent of population, crude",1,2022,4.2,3.7,4.7,0.8000000000000003,1.0
Did not get needed mental health care due to cost,Healthcare access and quality,150,Socioeconomic Characteristic,3,Employment status,18,18,Not employed - Has worked previously,64,64,"Percent of population, crude",1,2023,4.6,4.1,5.2,0.39999999999999947,1.1000000000000005
Did not get needed mental health care due to cost,Healthcare access and quality,150,Socioeconomic Characteristic,3,Employment status,18,18,Not employed - Has worked previously,64,64,"Percent of population, crude",1,2024,4.1,3.6,4.6,-0.5,0.9999999999999996
Did not get needed mental health care due to cost,Healthcare access and quality,150,Demographic Characteristic,1,Functioning difficulties status,5,5,With functioning difficulties,12,12,"Percent of population, crude",1,2019,6.3,5.8,6.8,,1.0
Did not get needed mental health care due to cost,Healthcare access and quality,150,Demographic Characteristic,1,Functioning difficulties status,5,5,With functioning difficulties,12,12,"Percent of population, crude",1,2020,6.0,5.5,6.6,-0.2999999999999998,1.0999999999999996
Did not get needed mental health care due to cost,Healthcare access and quality,150,Demographic Characteristic,1,Functioning difficulties status,5,5,With functioning difficulties,12,12,"Percent of population, crude",1,2021,6.2,5.7,6.7,0.20000000000000018,1.0
Did not get needed mental health care due to cost,Healthcare access and quality,150,Demographic Characteristic,1,Functioning difficulties status,5,5,With functioning difficulties,12,12,"Percent of population, crude",1,2022,6.9,6.4,7.5,0.7000000000000002,1.0999999999999996
Did not get needed mental health care due to cost,Healthcare access and quality,150,Demographic Characteristic,1,Functioning difficulties status,5,5,With functioning difficulties,12,12,"Percent of population, crude",1,2023,7.9,7.4,8.5,1.0,1.0999999999999996
Did not get needed mental health care due to cost,Healthcare access and quality,150,Demographic Characteristic,1,Functioning difficulties status,5,5,With functioning difficulties,12,12,"Percent of population, crude",1,2024,8.0,7.4,8.6,0.09999999999999964,1.1999999999999993
Did not get needed mental health care due to cost,Healthcare access and quality,150,Demographic Characteristic,1,Functioning difficulties status,5,5,Without functioning difficulties,13,13,"Percent of population, crude",1,2019,3.0,2.7,3.3,,0.5999999999999996
Did not get needed mental health care due to cost,Healthcare access and quality,150,Demographic Characteristic,1,Functioning difficulties status,5,5,Without functioning difficulties,13,13,"Percent of population, crude",1,2020,3.0,2.7,3.4,0.0,0.6999999999999997
Did not get needed mental health care due to cost,Healthcare access and quality,150,Demographic Characteristic,1,Functioning difficulties status,5,5,Without functioning difficulties,13,13,"Percent of population, crude",1,2021,2.7,2.4,3.0,-0.2999999999999998,0.6000000000000001
Did not get needed mental health care due to cost,Healthcare access and quality,150,Demographic Characteristic,1,Functioning difficulties status,5,5,Without functioning difficulties,13,13,"Percent of population, crude",1,2022,3.5,3.2,3.9,0.7999999999999998,0.6999999999999997
Did not get needed mental health care due to cost,Healthcare access and quality,150,Demographic Characteristic,1,Functioning difficulties status,5,5,Without functioning difficulties,13,13,"Percent of population, crude",1,2023,3.5,3.1,3.8,0.0,0.6999999999999997
Did not get needed mental health care due to cost,Healthcare access and quality,150,Demographic Characteristic,1,Functioning difficulties status,5,5,Without functioning difficulties,13,13,"Percent of population, crude",1,2024,4.0,3.6,4.4,0.5,0.8000000000000003
Did not get needed mental health care due to cost,Healthcare access and quality,150,Socioeconomic Characteristic,3,Health insurance coverage: 65 years and older,19,19,Medicare Advantage,68,68,"Percent of population, crude",1,2019,1.9,1.3,2.6,,1.3
Did not get needed mental health care due to cost,Healthcare access and quality,150,Socioeconomic Characteristic,3,Health insurance coverage: 65 years and older,19,19,Medicare Advantage,68,68,"Percent of population, crude",1,2020,1.1,0.7,1.6,-0.7999999999999998,0.9000000000000001
Did not get needed mental health care due to cost,Healthcare access and quality,150,Socioeconomic Characteristic,3,Health insurance coverage: 65 years and older,19,19,Medicare Advantage,68,68,"Percent of population, crude",1,2021,1.2,0.9,1.7,0.09999999999999987,0.7999999999999999
Did not get needed mental health care due to cost,Healthcare access and quality,150,Socioeconomic Characteristic,3,Health insurance coverage: 65 years and older,19,19,Medicare Advantage,68,68,"Percent of population, crude",1,2022,1.3,0.9,1.8,0.10000000000000009,0.9
Did not get needed mental health care due to cost,Healthcare access and quality,150,Socioeconomic Characteristic,3,Health insurance coverage: 65 years and older,19,19,Medicare Advantage,68,68,"Percent of population, crude",1,2023,1.4,1.0,1.9,0.09999999999999987,0.8999999999999999
Did not get needed mental health care due to cost,Healthcare access and quality,150,Socioeconomic Characteristic,3,Health insurance coverage: 65 years and older,19,19,Medicare Advantage,68,68,"Percent of population, crude",1,2024,1.1,0.8,1.6,-0.2999999999999998,0.8
Did not get needed mental health care due to cost,Healthcare access and quality,150,Socioeconomic Characteristic,3,Health insurance coverage: 65 years and older,19,19,Medicare and Medicaid,67,67,"Percent of population, crude",1,2019,2.0,0.9,3.5,,2.6
Did not get needed mental health care due to cost,Healthcare access and quality,150,Socioeconomic Characteristic,3,Health insurance coverage: 65 years and older,19,19,Medicare and Medicaid,67,67,"Percent of population, crude",1,2020,2.7,1.3,4.9,0.7000000000000002,3.6000000000000005
Did not get needed mental health care due to cost,Healthcare access and quality,150,Socioeconomic Characteristic,3,Health insurance coverage: 65 years and older,19,19,Medicare and Medicaid,67,67,"Percent of population, crude",1,2021,0.8,0.2,2.1,-1.9000000000000001,1.9000000000000001
Did not get needed mental health care due to cost,Healthcare access and quality,150,Socioeconomic Characteristic,3,Health insurance coverage: 65 years and older,19,19,Medicare and Medicaid,67,67,"Percent of population, crude",1,2022,0.9,0.3,2.0,0.09999999999999998,1.7
Did not get needed mental health care due to cost,Healthcare access and quality,150,Socioeconomic Characteristic,3,Health insurance coverage: 65 years and older,19,19,Medicare and Medicaid,67,67,"Percent of population, crude",1,2023,2.3,1.1,3.9,1.4,2.8
Did not get needed mental health care due to cost,Healthcare access and quality,150,Socioeconomic Characteristic,3,Health insurance coverage: 65 years and older,19,19,Medicare and Medicaid,67,67,"Percent of population, crude",1,2024,1.7,0.9,2.8,-0.5999999999999999,1.9
Did not get needed mental health care due to cost,Healthcare access and quality,150,Socioeconomic Characteristic,3,Health insurance coverage: 65 years and older,19,19,Medicare only excluding Medicare Advantage,69,69,"Percent of population, crude",1,2019,1.4,0.7,2.4,,1.7
Did not get needed mental health care due to cost,Healthcare access and quality,150,Socioeconomic Characteristic,3,Health insurance coverage: 65 years and older,19,19,Medicare only excluding Medicare Advantage,69,69,"Percent of population, crude",1,2020,1.4,0.8,2.2,0.0,1.4000000000000001
Did not get needed mental health care due to cost,Healthcare access and quality,150,Socioeconomic Characteristic,3,Health insurance coverage: 65 years and older,19,19,Medicare only excluding Medicare Advantage,69,69,"Percent of population, crude",1,2021,1.0,0.4,2.2,-0.3999999999999999,1.8000000000000003
Did not get needed mental health care due to cost,Healthcare access and quality,150,Socioeconomic Characteristic,3,Health insurance coverage: 65 years and older,19,19,Medicare only excluding Medicare Advantage,69,69,"Percent of population, crude",1,2022,2.2,1.3,3.5,1.2000000000000002,2.2
Did not get needed mental health care due to cost,Healthcare access and quality,150,Socioeconomic Characteristic,3,Health insurance coverage: 65 years and older,19,19,Medicare only excluding Medicare Advantage,69,69,"Percent of population, crude",1,2023,2.0,1.2,3.1,-0.20000000000000018,1.9000000000000001
Did not get needed mental health care due to cost,Healthcare access and quality,150,Socioeconomic Characteristic,3,Health insurance coverage: 65 years and older,19,19,Medicare only excluding Medicare Advantage,69,69,"Percent of population, crude",1,2024,0.8,0.3,1.7,-1.2,1.4
Did not get needed mental health care due to cost,Healthcare access and quality,150,Socioeconomic Characteristic,3,Health insurance coverage: 65 years and older,19,19,Other government coverage,70,70,"Percent of population, crude",1,2019,0.2,0.0,0.9,,0.9
Did not get needed mental health care due to cost,Healthcare access and quality,150,Socioeconomic Characteristic,3,Health insurance coverage: 65 years and older,19,19,Other government coverage,70,70,"Percent of population, crude",1,2020,0.9,0.3,2.3,0.7,1.9999999999999998
Did not get needed mental health care due to cost,Healthcare access and quality,150,Socioeconomic Characteristic,3,Health insurance coverage: 65 years and older,19,19,Other government coverage,70,70,"Percent of population, crude",1,2021,0.8,0.2,1.9,-0.09999999999999998,1.7
Did not get needed mental health care due to cost,Healthcare access and quality,150,Socioeconomic Characteristic,3,Health insurance coverage: 65 years and older,19,19,Other government coverage,70,70,"Percent of population, crude",1,2022,0.9,0.3,2.1,0.09999999999999998,1.8
Did not get needed mental health care due to cost,Healthcare access and quality,150,Socioeconomic Characteristic,3,Health insurance coverage: 65 years and older,19,19,Other government coverage,70,70,"Percent of population, crude",1,2023,0.3,0.0,1.0,-0.6000000000000001,1.0
Did not get needed mental health care due to cost,Healthcare access and quality,150,Socioeconomic Characteristic,3,Health insurance coverage: 65 years and older,19,19,Other government coverage,70,70,"Percent of population, crude",1,2024,0.6,0.1,1.6,0.3,1.5
Did not get needed mental health care due to cost,Healthcare access and quality,150,Socioeconomic Characteristic,3,Health insurance coverage: 65 years and older,19,19,Private,66,66,"Percent of population, crude",1,2019,0.9,0.6,1.3,,0.7000000000000001
Did not get needed mental health care due to cost,Healthcare access and quality,150,Socioeconomic Characteristic,3,Health insurance coverage: 65 years and older,19,19,Private,66,66,"Percent of population, crude",1,2020,0.9,0.5,1.3,0.0,0.8
Did not get needed mental health care due to cost,Healthcare access and quality,150,Socioeconomic Characteristic,3,Health insurance coverage: 65 years and older,19,19,Private,66,66,"Percent of population, crude",1,2021,0.8,0.4,1.3,-0.09999999999999998,0.9
Did not get needed mental health care due to cost,Healthcare access and quality,150,Socioeconomic Characteristic,3,Health insurance coverage: 65 years and older,19,19,Private,66,66,"Percent of population, crude",1,2022,0.8,0.5,1.2,0.0,0.7
Did not get needed mental health care due to cost,Healthcare access and quality,150,Socioeconomic Characteristic,3,Health insurance coverage: 65 years and older,19,19,Private,66,66,"Percent of population, crude",1,2023,1.2,0.8,1.8,0.3999999999999999,1.0
Did not get needed mental health care due to cost,Healthcare access and quality,150,Socioeconomic Characteristic,3,Health insurance coverage: 65 years and older,19,19,Private,66,66,"Percent of population, crude",1,2024,0.7,0.4,1.1,-0.5,0.7000000000000001
Did not get needed mental health care due to cost,Healthcare access and quality,150,Socioeconomic Characteristic,3,Health insurance coverage: Younger than 65 years,20,20,Medicaid or other state programs,73,73,"Percent of population, crude",1,2019,6.0,5.1,7.1,,2.0
Did not get needed mental health care due to cost,Healthcare access and quality,150,Socioeconomic Characteristic,3,Health insurance coverage: Younger than 65 years,20,20,Medicaid or other state programs,73,73,"Percent of population, crude",1,2020,5.3,4.3,6.5,-0.7000000000000002,2.2
Did not get needed mental health care due to cost,Healthcare access and quality,150,Socioeconomic Characteristic,3,Health insurance coverage: Younger than 65 years,20,20,Medicaid or other state programs,73,73,"Percent of population, crude",1,2021,4.5,3.7,5.4,-0.7999999999999998,1.7000000000000002
Did not get needed mental health care due to cost,Healthcare access and quality,150,Socioeconomic Characteristic,3,Health insurance coverage: Younger than 65 years,20,20,Medicaid or other state programs,73,73,"Percent of population, crude",1,2022,6.5,5.4,7.8,2.0,2.3999999999999995
Did not get needed mental health care due to cost,Healthcare access and quality,150,Socioeconomic Characteristic,3,Health insurance coverage: Younger than 65 years,20,20,Medicaid or other state programs,73,73,"Percent of population, crude",1,2023,6.4,5.4,7.6,-0.09999999999999964,2.1999999999999993
Did not get needed mental health care due to cost,Healthcare access and quality,150,Socioeconomic Characteristic,3,Health insurance coverage: Younger than 65 years,20,20,Medicaid or other state programs,73,73,"Percent of population, crude",1,2024,6.3,5.3,7.4,-0.10000000000000053,2.1000000000000005
Did not get needed mental health care due to cost,Healthcare access and quality,150,Socioeconomic Characteristic,3,Health insurance coverage: Younger than 65 years,20,20,Other government coverage,74,74,"Percent of population, crude",1,2019,5.7,4.2,7.5,,3.3
Did not get needed mental health care due to cost,Healthcare access and quality,150,Socioeconomic Characteristic,3,Health insurance coverage: Younger than 65 years,20,20,Other government coverage,74,74,"Percent of population, crude",1,2020,5.2,3.9,6.9,-0.5,3.0000000000000004
Did not get needed mental health care due to cost,Healthcare access and quality,150,Socioeconomic Characteristic,3,Health insurance coverage: Younger than 65 years,20,20,Other government coverage,74,74,"Percent of population, crude",1,2021,4.3,2.8,6.2,-0.9000000000000004,3.4000000000000004
Did not get needed mental health care due to cost,Healthcare access and quality,150,Socioeconomic Characteristic,3,Health insurance coverage: Younger than 65 years,20,20,Other government coverage,74,74,"Percent of population, crude",1,2022,6.5,4.8,8.5,2.2,3.7
Did not get needed mental health care due to cost,Healthcare access and quality,150,Socioeconomic Characteristic,3,Health insurance coverage: Younger than 65 years,20,20,Other government coverage,74,74,"Percent of population, crude",1,2023,7.2,5.1,9.7,0.7000000000000002,4.6
Did not get needed mental health care due to cost,Healthcare access and quality,150,Socioeconomic Characteristic,3,Health insurance coverage: Younger than 65 years,20,20,Other government coverage,74,74,"Percent of population, crude",1,2024,5.7,4.0,7.7,-1.5,3.7
Did not get needed mental health care due to cost,Healthcare access and quality,150,Socioeconomic Characteristic,3,Health insurance coverage: Younger than 65 years,20,20,Private,72,72,"Percent of population, crude",1,2019,3.9,3.6,4.3,,0.6999999999999997
Did not get needed mental health care due to cost,Healthcare access and quality,150,Socioeconomic Characteristic,3,Health insurance coverage: Younger than 65 years,20,20,Private,72,72,"Percent of population, crude",1,2020,4.2,3.8,4.7,0.30000000000000027,0.9000000000000004
Did not get needed mental health care due to cost,Healthcare access and quality,150,Socioeconomic Characteristic,3,Health insurance coverage: Younger than 65 years,20,20,Private,72,72,"Percent of population, crude",1,2021,4.6,4.2,5.0,0.39999999999999947,0.7999999999999998
Did not get needed mental health care due to cost,Healthcare access and quality,150,Socioeconomic Characteristic,3,Health insurance coverage: Younger than 65 years,20,20,Private,72,72,"Percent of population, crude",1,2022,5.3,4.9,5.8,0.7000000000000002,0.8999999999999995
Did not get needed mental health care due to cost,Healthcare access and quality,150,Socioeconomic Characteristic,3,Health insurance coverage: Younger than 65 years,20,20,Private,72,72,"Percent of population, crude",1,2023,6.3,5.8,6.7,1.0,0.9000000000000004
Did not get needed mental health care due to cost,Healthcare access and quality,150,Socioeconomic Characteristic,3,Health insurance coverage: Younger than 65 years,20,20,Private,72,72,"Percent of population, crude",1,2024,6.6,6.2,7.1,0.2999999999999998,0.8999999999999995
Did not get needed mental health care due to cost,Healthcare access and quality,150,Socioeconomic Characteristic,3,Health insurance coverage: Younger than 65 years,20,20,Uninsured,75,75,"Percent of population, crude",1,2019,10.0,8.7,11.4,,2.700000000000001
Did not get needed mental health care due to cost,Healthcare access and quality,150,Socioeconomic Characteristic,3,Health insurance coverage: Younger than 65 years,20,20,Uninsured,75,75,"Percent of population, crude",1,2020,9.5,8.0,11.1,-0.5,3.0999999999999996
Did not get needed mental health care due to cost,Healthcare access and quality,150,Socioeconomic Characteristic,3,Health insurance coverage: Younger than 65 years,20,20,Uninsured,75,75,"Percent of population, crude",1,2021,9.2,7.7,10.9,-0.3000000000000007,3.2
Did not get needed mental health care due to cost,Healthcare access and quality,150,Socioeconomic Characteristic,3,Health insurance coverage: Younger than 65 years,20,20,Uninsured,75,75,"Percent of population, crude",1,2022,9.8,8.3,11.3,0.6000000000000014,3.0
Did not get needed mental health care due to cost,Healthcare access and quality,150,Socioeconomic Characteristic,3,Health insurance coverage: Younger than 65 years,20,20,Uninsured,75,75,"Percent of population, crude",1,2023,9.6,8.2,11.2,-0.20000000000000107,3.0
Did not get needed mental health care due to cost,Healthcare access and quality,150,Socioeconomic Characteristic,3,Health insurance coverage: Younger than 65 years,20,20,Uninsured,75,75,"Percent of population, crude",1,2024,13.6,11.9,15.4,4.0,3.5
Did not get needed mental health care due to cost,Healthcare access and quality,150,Demographic Characteristic,1,Marital status,6,6,Divorced or separated,15,15,"Percent of population, crude",1,2019,6.2,5.3,7.2,,1.9000000000000004
Did not get needed mental health care due to cost,Healthcare access and quality,150,Demographic Characteristic,1,Marital status,6,6,Divorced or separated,15,15,"Percent of population, crude",1,2020,5.8,4.9,6.7,-0.40000000000000036,1.7999999999999998
Did not get needed mental health care due to cost,Healthcare access and quality,150,Demographic Characteristic,1,Marital status,6,6,Divorced or separated,15,15,"Percent of population, crude",1,2021,4.7,4.0,5.5,-1.0999999999999996,1.5
Did not get needed mental health care due to cost,Healthcare access and quality,150,Demographic Characteristic,1,Marital status,6,6,Divorced or separated,15,15,"Percent of population, crude",1,2022,6.1,5.2,7.0,1.3999999999999995,1.7999999999999998
Did not get needed mental health care due to cost,Healthcare access and quality,150,Demographic Characteristic,1,Marital status,6,6,Divorced or separated,15,15,"Percent of population, crude",1,2023,7.4,6.5,8.4,1.3000000000000007,1.9000000000000004
Did not get needed mental health care due to cost,Healthcare access and quality,150,Demographic Characteristic,1,Marital status,6,6,Divorced or separated,15,15,"Percent of population, crude",1,2024,6.8,5.9,7.8,-0.6000000000000005,1.8999999999999995
Did not get needed mental health care due to cost,Healthcare access and quality,150,Demographic Characteristic,1,Marital status,6,6,Living with a partner,17,17,"Percent of population, crude",1,2019,7.0,5.8,8.4,,2.6000000000000005
Did not get needed mental health care due to cost,Healthcare access and quality,150,Demographic Characteristic,1,Marital status,6,6,Living with a partner,17,17,"Percent of population, crude",1,2020,8.4,6.9,10.1,1.4000000000000004,3.1999999999999993
Did not get needed mental health care due to cost,Healthcare access and quality,150,Demographic Characteristic,1,Marital status,6,6,Living with a partner,17,17,"Percent of population, crude",1,2021,8.5,7.0,10.3,0.09999999999999964,3.3000000000000007
Did not get needed mental health care due to cost,Healthcare access and quality,150,Demographic Characteristic,1,Marital status,6,6,Living with a partner,17,17,"Percent of population, crude",1,2022,8.4,7.0,9.9,-0.09999999999999964,2.9000000000000004
Did not get needed mental health care due to cost,Healthcare access and quality,150,Demographic Characteristic,1,Marital status,6,6,Living with a partner,17,17,"Percent of population, crude",1,2023,10.2,8.6,11.9,1.799999999999999,3.3000000000000007
Did not get needed mental health care due to cost,Healthcare access and quality,150,Demographic Characteristic,1,Marital status,6,6,Living with a partner,17,17,"Percent of population, crude",1,2024,11.2,9.7,12.9,1.0,3.200000000000001
Did not get needed mental health care due to cost,Healthcare access and quality,150,Demographic Characteristic,1,Marital status,6,6,Married,14,14,"Percent of population, crude",1,2019,3.2,2.8,3.5,,0.7000000000000002
Did not get needed mental health care due to cost,Healthcare access and quality,150,Demographic Characteristic,1,Marital status,6,6,Married,14,14,"Percent of population, crude",1,2020,2.9,2.5,3.2,-0.30000000000000027,0.7000000000000002
Did not get needed mental health care due to cost,Healthcare access and quality,150,Demographic Characteristic,1,Marital status,6,6,Married,14,14,"Percent of population, crude",1,2021,2.7,2.4,3.0,-0.19999999999999973,0.6000000000000001
Did not get needed mental health care due to cost,Healthcare access and quality,150,Demographic Characteristic,1,Marital status,6,6,Married,14,14,"Percent of population, crude",1,2022,3.2,2.9,3.6,0.5,0.7000000000000002
Did not get needed mental health care due to cost,Healthcare access and quality,150,Demographic Characteristic,1,Marital status,6,6,Married,14,14,"Percent of population, crude",1,2023,3.9,3.5,4.3,0.6999999999999997,0.7999999999999998
Did not get needed mental health care due to cost,Healthcare access and quality,150,Demographic Characteristic,1,Marital status,6,6,Married,14,14,"Percent of population, crude",1,2024,4.4,4.0,4.8,0.5000000000000004,0.7999999999999998
Did not get needed mental health care due to cost,Healthcare access and quality,150,Demographic Characteristic,1,Marital status,6,6,Never married,18,18,"Percent of population, crude",1,2019,5.6,4.9,6.4,,1.5
Did not get needed mental health care due to cost,Healthcare access and quality,150,Demographic Characteristic,1,Marital status,6,6,Never married,18,18,"Percent of population, crude",1,2020,5.9,5.1,6.7,0.3000000000000007,1.6000000000000005
Did not get needed mental health care due to cost,Healthcare access and quality,150,Demographic Characteristic,1,Marital status,6,6,Never married,18,18,"Percent of population, crude",1,2021,6.4,5.7,7.3,0.5,1.5999999999999996
Did not get needed mental health care due to cost,Healthcare access and quality,150,Demographic Characteristic,1,Marital status,6,6,Never married,18,18,"Percent of population, crude",1,2022,8.0,7.2,9.0,1.5999999999999996,1.7999999999999998
Did not get needed mental health care due to cost,Healthcare access and quality,150,Demographic Characteristic,1,Marital status,6,6,Never married,18,18,"Percent of population, crude",1,2023,7.3,6.5,8.1,-0.7000000000000002,1.5999999999999996
Did not get needed mental health care due to cost,Healthcare access and quality,150,Demographic Characteristic,1,Marital status,6,6,Never married,18,18,"Percent of population, crude",1,2024,7.8,7.0,8.7,0.5,1.6999999999999993
Did not get needed mental health care due to cost,Healthcare access and quality,150,Demographic Characteristic,1,Marital status,6,6,Widowed,16,16,"Percent of population, crude",1,2019,2.5,1.8,3.4,,1.5999999999999999
Did not get needed mental health care due to cost,Healthcare access and quality,150,Demographic Characteristic,1,Marital status,6,6,Widowed,16,16,"Percent of population, crude",1,2020,1.8,1.2,2.4,-0.7,1.2
Did not get needed mental health care due to cost,Healthcare access and quality,150,Demographic Characteristic,1,Marital status,6,6,Widowed,16,16,"Percent of population, crude",1,2021,1.4,1.0,1.9,-0.40000000000000013,0.8999999999999999
Did not get needed mental health care due to cost,Healthcare access and quality,150,Demographic Characteristic,1,Marital status,6,6,Widowed,16,16,"Percent of population, crude",1,2022,2.2,1.6,3.0,0.8000000000000003,1.4
Did not get needed mental health care due to cost,Healthcare access and quality,150,Demographic Characteristic,1,Marital status,6,6,Widowed,16,16,"Percent of population, crude",1,2023,2.1,1.5,2.7,-0.10000000000000009,1.2000000000000002
Did not get needed mental health care due to cost,Healthcare access and quality,150,Demographic Characteristic,1,Marital status,6,6,Widowed,16,16,"Percent of population, crude",1,2024,2.1,1.4,2.8,0.0,1.4
Did not get needed mental health care due to cost,Healthcare access and quality,150,Geographic Characteristic,2,Metropolitan statistical area,13,13,Large MSA,41,41,"Percent of population, crude",1,2019,4.4,4.0,4.8,,0.7999999999999998
Did not get needed mental health care due to cost,Healthcare access and quality,150,Geographic Characteristic,2,Metropolitan statistical area,13,13,Large MSA,41,41,"Percent of population, crude",1,2020,4.3,3.9,4.7,-0.10000000000000053,0.8000000000000003
Did not get needed mental health care due to cost,Healthcare access and quality,150,Geographic Characteristic,2,Metropolitan statistical area,13,13,Large MSA,41,41,"Percent of population, crude",1,2021,4.3,3.9,4.8,0.0,0.8999999999999999
Did not get needed mental health care due to cost,Healthcare access and quality,150,Geographic Characteristic,2,Metropolitan statistical area,13,13,Large MSA,41,41,"Percent of population, crude",1,2022,5.3,4.9,5.8,1.0,0.8999999999999995
Did not get needed mental health care due to cost,Healthcare access and quality,150,Geographic Characteristic,2,Metropolitan statistical area,13,13,Large MSA,41,41,"Percent of population, crude",1,2023,5.7,5.2,6.1,0.40000000000000036,0.8999999999999995
Did not get needed mental health care due to cost,Healthcare access and quality,150,Geographic Characteristic,2,Metropolitan statistical area,13,13,Large MSA,41,41,"Percent of population, crude",1,2024,5.8,5.4,6.3,0.09999999999999964,0.8999999999999995
Did not get needed mental health care due to cost,Healthcare access and quality,150,Geographic Characteristic,2,Metropolitan statistical area,13,13,Non-MSA,43,43,"Percent of population, crude",1,2019,3.6,3.0,4.3,,1.2999999999999998
Did not get needed mental health care due to cost,Healthcare access and quality,150,Geographic Characteristic,2,Metropolitan statistical area,13,13,Non-MSA,43,43,"Percent of population, crude",1,2020,3.4,2.6,4.4,-0.20000000000000018,1.8000000000000003
Did not get needed mental health care due to cost,Healthcare access and quality,150,Geographic Characteristic,2,Metropolitan statistical area,13,13,Non-MSA,43,43,"Percent of population, crude",1,2021,3.4,2.7,4.2,0.0,1.5
Did not get needed mental health care due to cost,Healthcare access and quality,150,Geographic Characteristic,2,Metropolitan statistical area,13,13,Non-MSA,43,43,"Percent of population, crude",1,2022,3.6,2.9,4.5,0.20000000000000018,1.6
Did not get needed mental health care due to cost,Healthcare access and quality,150,Geographic Characteristic,2,Metropolitan statistical area,13,13,Non-MSA,43,43,"Percent of population, crude",1,2023,4.5,3.8,5.3,0.8999999999999999,1.5
Did not get needed mental health care due to cost,Healthcare access and quality,150,Geographic Characteristic,2,Metropolitan statistical area,13,13,Non-MSA,43,43,"Percent of population, crude",1,2024,5.0,4.3,5.8,0.5,1.5
Did not get needed mental health care due to cost,Healthcare access and quality,150,Geographic Characteristic,2,Metropolitan statistical area,13,13,Small MSA,42,42,"Percent of population, crude",1,2019,4.6,4.0,5.2,,1.2000000000000002
Did not get needed mental health care due to cost,Healthcare access and quality,150,Geographic Characteristic,2,Metropolitan statistical area,13,13,Small MSA,42,42,"Percent of population, crude",1,2020,4.7,4.2,5.3,0.10000000000000053,1.0999999999999996
Did not get needed mental health care due to cost,Healthcare access and quality,150,Geographic Characteristic,2,Metropolitan statistical area,13,13,Small MSA,42,42,"Percent of population, crude",1,2021,4.3,3.8,4.8,-0.40000000000000036,1.0
Did not get needed mental health care due to cost,Healthcare access and quality,150,Geographic Characteristic,2,Metropolitan statistical area,13,13,Small MSA,42,42,"Percent of population, crude",1,2022,5.1,4.5,5.8,0.7999999999999998,1.2999999999999998
Did not get needed mental health care due to cost,Healthcare access and quality,150,Geographic Characteristic,2,Metropolitan statistical area,13,13,Small MSA,42,42,"Percent of population, crude",1,2023,5.6,5.0,6.2,0.5,1.2000000000000002
Did not get needed mental health care due to cost,Healthcare access and quality,150,Geographic Characteristic,2,Metropolitan statistical area,13,13,Small MSA,42,42,"Percent of population, crude",1,2024,6.4,5.7,7.1,0.8000000000000007,1.3999999999999995
Did not get needed mental health care due to cost,Healthcare access and quality,150,Demographic Characteristic,1,Nativity,7,7,Foreign-born,20,20,"Percent of population, crude",1,2019,3.1,2.5,3.8,,1.2999999999999998
Did not get needed mental health care due to cost,Healthcare access and quality,150,Demographic Characteristic,1,Nativity,7,7,Foreign-born,20,20,"Percent of population, crude",1,2020,3.3,2.7,4.1,0.19999999999999973,1.3999999999999995
Did not get needed mental health care due to cost,Healthcare access and quality,150,Demographic Characteristic,1,Nativity,7,7,Foreign-born,20,20,"Percent of population, crude",1,2021,2.4,1.9,3.0,-0.8999999999999999,1.1
Did not get needed mental health care due to cost,Healthcare access and quality,150,Demographic Characteristic,1,Nativity,7,7,Foreign-born,20,20,"Percent of population, crude",1,2022,3.0,2.5,3.6,0.6000000000000001,1.1
Did not get needed mental health care due to cost,Healthcare access and quality,150,Demographic Characteristic,1,Nativity,7,7,Foreign-born,20,20,"Percent of population, crude",1,2023,3.5,2.8,4.2,0.5,1.4000000000000004
Did not get needed mental health care due to cost,Healthcare access and quality,150,Demographic Characteristic,1,Nativity,7,7,Foreign-born,20,20,"Percent of population, crude",1,2024,3.9,3.2,4.6,0.3999999999999999,1.3999999999999995
Did not get needed mental health care due to cost,Healthcare access and quality,150,Demographic Characteristic,1,Nativity,7,7,U.S.-born,19,19,"Percent of population, crude",1,2019,4.6,4.3,5.0,,0.7000000000000002
Did not get needed mental health care due to cost,Healthcare access and quality,150,Demographic Characteristic,1,Nativity,7,7,U.S.-born,19,19,"Percent of population, crude",1,2020,4.5,4.1,4.9,-0.09999999999999964,0.8000000000000007
Did not get needed mental health care due to cost,Healthcare access and quality,150,Demographic Characteristic,1,Nativity,7,7,U.S.-born,19,19,"Percent of population, crude",1,2021,4.6,4.3,5.0,0.09999999999999964,0.7000000000000002
Did not get needed mental health care due to cost,Healthcare access and quality,150,Demographic Characteristic,1,Nativity,7,7,U.S.-born,19,19,"Percent of population, crude",1,2022,5.5,5.1,5.9,0.9000000000000004,0.8000000000000007
Did not get needed mental health care due to cost,Healthcare access and quality,150,Demographic Characteristic,1,Nativity,7,7,U.S.-born,19,19,"Percent of population, crude",1,2023,6.0,5.6,6.3,0.5,0.7000000000000002
Did not get needed mental health care due to cost,Healthcare access and quality,150,Demographic Characteristic,1,Nativity,7,7,U.S.-born,19,19,"Percent of population, crude",1,2024,6.4,6.0,6.8,0.40000000000000036,0.7999999999999998
Did not get needed mental health care due to cost,Healthcare access and quality,150,Socioeconomic Characteristic,3,Poverty level,21,21,100% to <200% FPL,77,77,"Percent of population, crude",1,2019,6.5,5.7,7.3,,1.5999999999999996
Did not get needed mental health care due to cost,Healthcare access and quality,150,Socioeconomic Characteristic,3,Poverty level,21,21,100% to <200% FPL,77,77,"Percent of population, crude",1,2020,5.7,4.8,6.7,-0.7999999999999998,1.9000000000000004
Did not get needed mental health care due to cost,Healthcare access and quality,150,Socioeconomic Characteristic,3,Poverty level,21,21,100% to <200% FPL,77,77,"Percent of population, crude",1,2021,5.0,4.2,5.8,-0.7000000000000002,1.5999999999999996
Did not get needed mental health care due to cost,Healthcare access and quality,150,Socioeconomic Characteristic,3,Poverty level,21,21,100% to <200% FPL,77,77,"Percent of population, crude",1,2022,6.5,5.6,7.5,1.5,1.9000000000000004
Did not get needed mental health care due to cost,Healthcare access and quality,150,Socioeconomic Characteristic,3,Poverty level,21,21,100% to <200% FPL,77,77,"Percent of population, crude",1,2023,7.0,6.0,8.0,0.5,2.0
Did not get needed mental health care due to cost,Healthcare access and quality,150,Socioeconomic Characteristic,3,Poverty level,21,21,100% to <200% FPL,77,77,"Percent of population, crude",1,2024,6.8,5.9,7.8,-0.20000000000000018,1.8999999999999995
Did not get needed mental health care due to cost,Healthcare access and quality,150,Socioeconomic Characteristic,3,Poverty level,21,21,<100% FPL,76,76,"Percent of population, crude",1,2019,6.0,5.0,7.1,,2.0999999999999996
Did not get needed mental health care due to cost,Healthcare access and quality,150,Socioeconomic Characteristic,3,Poverty level,21,21,<100% FPL,76,76,"Percent of population, crude",1,2020,5.8,4.6,7.2,-0.20000000000000018,2.6000000000000005
Did not get needed mental health care due to cost,Healthcare access and quality,150,Socioeconomic Characteristic,3,Poverty level,21,21,<100% FPL,76,76,"Percent of population, crude",1,2021,6.4,5.2,7.8,0.6000000000000005,2.5999999999999996
Did not get needed mental health care due to cost,Healthcare access and quality,150,Socioeconomic Characteristic,3,Poverty level,21,21,<100% FPL,76,76,"Percent of population, crude",1,2022,6.1,5.0,7.4,-0.3000000000000007,2.4000000000000004
Did not get needed mental health care due to cost,Healthcare access and quality,150,Socioeconomic Characteristic,3,Poverty level,21,21,<100% FPL,76,76,"Percent of population, crude",1,2023,6.6,5.5,7.9,0.5,2.4000000000000004
Did not get needed mental health care due to cost,Healthcare access and quality,150,Socioeconomic Characteristic,3,Poverty level,21,21,<100% FPL,76,76,"Percent of population, crude",1,2024,7.0,5.8,8.3,0.40000000000000036,2.500000000000001
Did not get needed mental health care due to cost,Healthcare access and quality,150,Socioeconomic Characteristic,3,Poverty level,21,21,≥200% FPL,78,78,"Percent of population, crude",1,2019,3.5,3.2,3.9,,0.6999999999999997
Did not get needed mental health care due to cost,Healthcare access and quality,150,Socioeconomic Characteristic,3,Poverty level,21,21,≥200% FPL,78,78,"Percent of population, crude",1,2020,3.7,3.4,4.1,0.20000000000000018,0.6999999999999997
Did not get needed mental health care due to cost,Healthcare access and quality,150,Socioeconomic Characteristic,3,Poverty level,21,21,≥200% FPL,78,78,"Percent of population, crude",1,2021,3.7,3.4,4.1,0.0,0.6999999999999997
Did not get needed mental health care due to cost,Healthcare access and quality,150,Socioeconomic Characteristic,3,Poverty level,21,21,≥200% FPL,78,78,"Percent of population, crude",1,2022,4.5,4.2,4.9,0.7999999999999998,0.7000000000000002
Did not get needed mental health care due to cost,Healthcare access and quality,150,Socioeconomic Characteristic,3,Poverty level,21,21,≥200% FPL,78,78,"Percent of population, crude",1,2023,5.0,4.6,5.3,0.5,0.7000000000000002
Did not get needed mental health care due to cost,Healthcare access and quality,150,Socioeconomic Characteristic,3,Poverty level,21,21,≥200% FPL,78,78,"Percent of population, crude",1,2024,5.5,5.1,5.9,0.5,0.8000000000000007
Did not get needed mental health care due to cost,Healthcare access and quality,150,Demographic Characteristic,1,Race,8,8,American Indian and Alaska Native and White,26,26,"Percent of population, crude",1,2019,8.6,4.3,15.1,,10.8
Did not get needed mental health care due to cost,Healthcare access and quality,150,Demographic Characteristic,1,Race,8,8,American Indian and Alaska Native and White,26,26,"Percent of population, crude",1,2023,7.4,3.9,12.5,-1.1999999999999993,8.6
Did not get needed mental health care due to cost,Healthcare access and quality,150,Demographic Characteristic,1,Race,8,8,American Indian and Alaska Native and White,26,26,"Percent of population, crude",1,2024,8.7,4.3,15.2,1.299999999999999,10.899999999999999
Did not get needed mental health care due to cost,Healthcare access and quality,150,Demographic Characteristic,1,Race,8,8,American Indian and Alaska Native only,21,21,"Percent of population, crude",1,2019,6.6,3.9,10.3,,6.4
Did not get needed mental health care due to cost,Healthcare access and quality,150,Demographic Characteristic,1,Race,8,8,American Indian and Alaska Native only,21,21,"Percent of population, crude",1,2024,7.9,4.3,12.9,1.3000000000000007,8.600000000000001
Did not get needed mental health care due to cost,Healthcare access and quality,150,Demographic Characteristic,1,Race,8,8,Asian only,22,22,"Percent of population, crude",1,2019,1.9,1.2,2.8,,1.5999999999999999
Did not get needed mental health care due to cost,Healthcare access and quality,150,Demographic Characteristic,1,Race,8,8,Asian only,22,22,"Percent of population, crude",1,2020,1.6,1.0,2.4,-0.2999999999999998,1.4
Did not get needed mental health care due to cost,Healthcare access and quality,150,Demographic Characteristic,1,Race,8,8,Asian only,22,22,"Percent of population, crude",1,2021,1.7,1.1,2.6,0.09999999999999987,1.5
Did not get needed mental health care due to cost,Healthcare access and quality,150,Demographic Characteristic,1,Race,8,8,Asian only,22,22,"Percent of population, crude",1,2022,3.2,2.4,4.3,1.5000000000000002,1.9
Did not get needed mental health care due to cost,Healthcare access and quality,150,Demographic Characteristic,1,Race,8,8,Asian only,22,22,"Percent of population, crude",1,2023,3.6,2.7,4.8,0.3999999999999999,2.0999999999999996
Did not get needed mental health care due to cost,Healthcare access and quality,150,Demographic Characteristic,1,Race,8,8,Asian only,22,22,"Percent of population, crude",1,2024,2.5,1.8,3.5,-1.1,1.7
Did not get needed mental health care due to cost,Healthcare access and quality,150,Demographic Characteristic,1,Race,8,8,Black and White,27,27,"Percent of population, crude",1,2021,9.9,4.8,17.5,,12.7
Did not get needed mental health care due to cost,Healthcare access and quality,150,Demographic Characteristic,1,Race,8,8,Black and White,27,27,"Percent of population, crude",1,2023,9.3,4.9,15.6,-0.5999999999999996,10.7
Did not get needed mental health care due to cost,Healthcare access and quality,150,Demographic Characteristic,1,Race,8,8,Black and White,27,27,"Percent of population, crude",1,2024,10.5,5.7,17.3,1.1999999999999993,11.600000000000001
Did not get needed mental health care due to cost,Healthcare access and quality,150,Demographic Characteristic,1,Race,8,8,Black only,23,23,"Percent of population, crude",1,2019,4.4,3.6,5.4,,1.8000000000000003
Did not get needed mental health care due to cost,Healthcare access and quality,150,Demographic Characteristic,1,Race,8,8,Black only,23,23,"Percent of population, crude",1,2020,4.4,3.5,5.5,0.0,2.0
Did not get needed mental health care due to cost,Healthcare access and quality,150,Demographic Characteristic,1,Race,8,8,Black only,23,23,"Percent of population, crude",1,2021,4.2,3.3,5.1,-0.20000000000000018,1.7999999999999998
Did not get needed mental health care due to cost,Healthcare access and quality,150,Demographic Characteristic,1,Race,8,8,Black only,23,23,"Percent of population, crude",1,2022,5.3,4.3,6.4,1.0999999999999996,2.1000000000000005
Did not get needed mental health care due to cost,Healthcare access and quality,150,Demographic Characteristic,1,Race,8,8,Black only,23,23,"Percent of population, crude",1,2023,5.5,4.6,6.7,0.20000000000000018,2.1000000000000005
Did not get needed mental health care due to cost,Healthcare access and quality,150,Demographic Characteristic,1,Race,8,8,Black only,23,23,"Percent of population, crude",1,2024,5.7,4.7,6.9,0.20000000000000018,2.2
Did not get needed mental health care due to cost,Healthcare access and quality,150,Demographic Characteristic,1,Race,8,8,White only,25,25,"Percent of population, crude",1,2019,4.4,4.0,4.7,,0.7000000000000002
Did not get needed mental health care due to cost,Healthcare access and quality,150,Demographic Characteristic,1,Race,8,8,White only,25,25,"Percent of population, crude",1,2020,4.4,4.0,4.8,0.0,0.7999999999999998
Did not get needed mental health care due to cost,Healthcare access and quality,150,Demographic Characteristic,1,Race,8,8,White only,25,25,"Percent of population, crude",1,2021,4.4,4.1,4.8,0.0,0.7000000000000002
Did not get needed mental health care due to cost,Healthcare access and quality,150,Demographic Characteristic,1,Race,8,8,White only,25,25,"Percent of population, crude",1,2022,5.0,4.6,5.4,0.5999999999999996,0.8000000000000007
Did not get needed mental health care due to cost,Healthcare access and quality,150,Demographic Characteristic,1,Race,8,8,White only,25,25,"Percent of population, crude",1,2023,5.6,5.2,6.0,0.5999999999999996,0.7999999999999998
Did not get needed mental health care due to cost,Healthcare access and quality,150,Demographic Characteristic,1,Race,8,8,White only,25,25,"Percent of population, crude",1,2024,6.1,5.7,6.5,0.5,0.7999999999999998
Did not get needed mental health care due to cost,Healthcare access and quality,150,Demographic Characteristic,1,Race and Hispanic origin,9,9,"All races, Hispanic",28,28,"Percent of population, crude",1,2019,4.7,4.0,5.6,,1.5999999999999996
Did not get needed mental health care due to cost,Healthcare access and quality,150,Demographic Characteristic,1,Race and Hispanic origin,9,9,"All races, Hispanic",28,28,"Percent of population, crude",1,2020,5.1,4.2,6.1,0.39999999999999947,1.8999999999999995
Did not get needed mental health care due to cost,Healthcare access and quality,150,Demographic Characteristic,1,Race and Hispanic origin,9,9,"All races, Hispanic",28,28,"Percent of population, crude",1,2021,4.1,3.4,4.9,-1.0,1.5000000000000004
Did not get needed mental health care due to cost,Healthcare access and quality,150,Demographic Characteristic,1,Race and Hispanic origin,9,9,"All races, Hispanic",28,28,"Percent of population, crude",1,2022,5.2,4.4,6.0,1.1000000000000005,1.5999999999999996
Did not get needed mental health care due to cost,Healthcare access and quality,150,Demographic Characteristic,1,Race and Hispanic origin,9,9,"All races, Hispanic",28,28,"Percent of population, crude",1,2023,5.2,4.5,6.0,0.0,1.5
Did not get needed mental health care due to cost,Healthcare access and quality,150,Demographic Characteristic,1,Race and Hispanic origin,9,9,"All races, Hispanic",28,28,"Percent of population, crude",1,2024,6.0,5.3,6.9,0.7999999999999998,1.6000000000000005
Did not get needed mental health care due to cost,Healthcare access and quality,150,Demographic Characteristic,1,Race and Hispanic origin,9,9,"All races, Hispanic, Mexican",29,29,"Percent of population, crude",1,2019,4.3,3.4,5.4,,2.0000000000000004
Did not get needed mental health care due to cost,Healthcare access and quality,150,Demographic Characteristic,1,Race and Hispanic origin,9,9,"All races, Hispanic, Mexican",29,29,"Percent of population, crude",1,2020,5.1,3.9,6.6,0.7999999999999998,2.6999999999999997
Did not get needed mental health care due to cost,Healthcare access and quality,150,Demographic Characteristic,1,Race and Hispanic origin,9,9,"All races, Hispanic, Mexican",29,29,"Percent of population, crude",1,2021,3.2,2.5,4.1,-1.8999999999999995,1.5999999999999996
Did not get needed mental health care due to cost,Healthcare access and quality,150,Demographic Characteristic,1,Race and Hispanic origin,9,9,"All races, Hispanic, Mexican",29,29,"Percent of population, crude",1,2022,5.1,4.1,6.3,1.8999999999999995,2.2
Did not get needed mental health care due to cost,Healthcare access and quality,150,Demographic Characteristic,1,Race and Hispanic origin,9,9,"All races, Hispanic, Mexican",29,29,"Percent of population, crude",1,2023,5.3,4.4,6.4,0.20000000000000018,2.0
Did not get needed mental health care due to cost,Healthcare access and quality,150,Demographic Characteristic,1,Race and Hispanic origin,9,9,"All races, Hispanic, Mexican",29,29,"Percent of population, crude",1,2024,5.1,4.2,6.1,-0.20000000000000018,1.8999999999999995
Did not get needed mental health care due to cost,Healthcare access and quality,150,Demographic Characteristic,1,Race and Hispanic origin,9,9,"All races, non-Hispanic",30,30,"Percent of population, crude",1,2019,4.3,4.0,4.6,,0.5999999999999996
Did not get needed mental health care due to cost,Healthcare access and quality,150,Demographic Characteristic,1,Race and Hispanic origin,9,9,"All races, non-Hispanic",30,30,"Percent of population, crude",1,2020,4.1,3.8,4.4,-0.20000000000000018,0.6000000000000005
Did not get needed mental health care due to cost,Healthcare access and quality,150,Demographic Characteristic,1,Race and Hispanic origin,9,9,"All races, non-Hispanic",30,30,"Percent of population, crude",1,2021,4.2,3.9,4.5,0.10000000000000053,0.6000000000000001
Did not get needed mental health care due to cost,Healthcare access and quality,150,Demographic Characteristic,1,Race and Hispanic origin,9,9,"All races, non-Hispanic",30,30,"Percent of population, crude",1,2022,5.0,4.6,5.4,0.7999999999999998,0.8000000000000007
Did not get needed mental health care due to cost,Healthcare access and quality,150,Demographic Characteristic,1,Race and Hispanic origin,9,9,"All races, non-Hispanic",30,30,"Percent of population, crude",1,2023,5.5,5.2,5.9,0.5,0.7000000000000002
Did not get needed mental health care due to cost,Healthcare access and quality,150,Demographic Characteristic,1,Race and Hispanic origin,9,9,"All races, non-Hispanic",30,30,"Percent of population, crude",1,2024,5.8,5.5,6.2,0.2999999999999998,0.7000000000000002
Did not get needed mental health care due to cost,Healthcare access and quality,150,Demographic Characteristic,1,Race and Hispanic origin,9,9,"Black only, non-Hispanic",31,31,"Percent of population, crude",1,2019,4.3,3.4,5.3,,1.9
Did not get needed mental health care due to cost,Healthcare access and quality,150,Demographic Characteristic,1,Race and Hispanic origin,9,9,"Black only, non-Hispanic",31,31,"Percent of population, crude",1,2020,4.5,3.5,5.6,0.20000000000000018,2.0999999999999996
Did not get needed mental health care due to cost,Healthcare access and quality,150,Demographic Characteristic,1,Race and Hispanic origin,9,9,"Black only, non-Hispanic",31,31,"Percent of population, crude",1,2021,4.0,3.1,5.0,-0.5,1.9
Did not get needed mental health care due to cost,Healthcare access and quality,150,Demographic Characteristic,1,Race and Hispanic origin,9,9,"Black only, non-Hispanic",31,31,"Percent of population, crude",1,2022,5.2,4.2,6.4,1.2000000000000002,2.2
Did not get needed mental health care due to cost,Healthcare access and quality,150,Demographic Characteristic,1,Race and Hispanic origin,9,9,"Black only, non-Hispanic",31,31,"Percent of population, crude",1,2023,5.5,4.5,6.7,0.2999999999999998,2.2
Did not get needed mental health care due to cost,Healthcare access and quality,150,Demographic Characteristic,1,Race and Hispanic origin,9,9,"Black only, non-Hispanic",31,31,"Percent of population, crude",1,2024,5.7,4.6,6.8,0.20000000000000018,2.2
Did not get needed mental health care due to cost,Healthcare access and quality,150,Demographic Characteristic,1,Race and Hispanic origin,9,9,"Other races, non-Hispanic",33,33,"Percent of population, crude",1,2019,3.5,2.7,4.5,,1.7999999999999998
Did not get needed mental health care due to cost,Healthcare access and quality,150,Demographic Characteristic,1,Race and Hispanic origin,9,9,"Other races, non-Hispanic",33,33,"Percent of population, crude",1,2020,3.0,2.2,4.1,-0.5,1.8999999999999995
Did not get needed mental health care due to cost,Healthcare access and quality,150,Demographic Characteristic,1,Race and Hispanic origin,9,9,"Other races, non-Hispanic",33,33,"Percent of population, crude",1,2021,3.3,2.5,4.3,0.2999999999999998,1.7999999999999998
Did not get needed mental health care due to cost,Healthcare access and quality,150,Demographic Characteristic,1,Race and Hispanic origin,9,9,"Other races, non-Hispanic",33,33,"Percent of population, crude",1,2022,4.0,3.1,5.1,0.7000000000000002,1.9999999999999996
Did not get needed mental health care due to cost,Healthcare access and quality,150,Demographic Characteristic,1,Race and Hispanic origin,9,9,"Other races, non-Hispanic",33,33,"Percent of population, crude",1,2023,5.4,4.3,6.6,1.4000000000000004,2.3
Did not get needed mental health care due to cost,Healthcare access and quality,150,Demographic Characteristic,1,Race and Hispanic origin,9,9,"Other races, non-Hispanic",33,33,"Percent of population, crude",1,2024,4.5,3.6,5.6,-0.9000000000000004,1.9999999999999996
Did not get needed mental health care due to cost,Healthcare access and quality,150,Demographic Characteristic,1,Race and Hispanic origin,9,9,"White only, non-Hispanic",32,32,"Percent of population, crude",1,2019,4.4,4.0,4.8,,0.7999999999999998
Did not get needed mental health care due to cost,Healthcare access and quality,150,Demographic Characteristic,1,Race and Hispanic origin,9,9,"White only, non-Hispanic",32,32,"Percent of population, crude",1,2020,4.2,3.8,4.6,-0.20000000000000018,0.7999999999999998
Did not get needed mental health care due to cost,Healthcare access and quality,150,Demographic Characteristic,1,Race and Hispanic origin,9,9,"White only, non-Hispanic",32,32,"Percent of population, crude",1,2021,4.4,4.0,4.8,0.20000000000000018,0.7999999999999998
Did not get needed mental health care due to cost,Healthcare access and quality,150,Demographic Characteristic,1,Race and Hispanic origin,9,9,"White only, non-Hispanic",32,32,"Percent of population, crude",1,2022,5.1,4.7,5.5,0.6999999999999993,0.7999999999999998
Did not get needed mental health care due to cost,Healthcare access and quality,150,Demographic Characteristic,1,Race and Hispanic origin,9,9,"White only, non-Hispanic",32,32,"Percent of population, crude",1,2023,5.6,5.2,6.0,0.5,0.7999999999999998
Did not get needed mental health care due to cost,Healthcare access and quality,150,Demographic Characteristic,1,Race and Hispanic origin,9,9,"White only, non-Hispanic",32,32,"Percent of population, crude",1,2024,6.1,5.6,6.5,0.5,0.9000000000000004
Did not get needed mental health care due to cost,Healthcare access and quality,150,Geographic Characteristic,2,Region,14,14,Midwest,45,45,"Percent of population, crude",1,2019,4.7,4.0,5.4,,1.4000000000000004
Did not get needed mental health care due to cost,Healthcare access and quality,150,Geographic Characteristic,2,Region,14,14,Midwest,45,45,"Percent of population, crude",1,2020,4.3,3.6,5.1,-0.40000000000000036,1.4999999999999996
Did not get needed mental health care due to cost,Healthcare access and quality,150,Geographic Characteristic,2,Region,14,14,Midwest,45,45,"Percent of population, crude",1,2021,4.5,3.8,5.1,0.20000000000000018,1.2999999999999998
Did not get needed mental health care due to cost,Healthcare access and quality,150,Geographic Characteristic,2,Region,14,14,Midwest,45,45,"Percent of population, crude",1,2022,4.6,4.0,5.3,0.09999999999999964,1.2999999999999998
Did not get needed mental health care due to cost,Healthcare access and quality,150,Geographic Characteristic,2,Region,14,14,Midwest,45,45,"Percent of population, crude",1,2023,5.2,4.6,5.9,0.6000000000000005,1.3000000000000007
Did not get needed mental health care due to cost,Healthcare access and quality,150,Geographic Characteristic,2,Region,14,14,Midwest,45,45,"Percent of population, crude",1,2024,5.8,5.1,6.5,0.5999999999999996,1.4000000000000004
Did not get needed mental health care due to cost,Healthcare access and quality,150,Geographic Characteristic,2,Region,14,14,Northeast,44,44,"Percent of population, crude",1,2019,3.5,2.9,4.0,,1.1
Did not get needed mental health care due to cost,Healthcare access and quality,150,Geographic Characteristic,2,Region,14,14,Northeast,44,44,"Percent of population, crude",1,2020,3.3,2.7,3.9,-0.20000000000000018,1.1999999999999997
Did not get needed mental health care due to cost,Healthcare access and quality,150,Geographic Characteristic,2,Region,14,14,Northeast,44,44,"Percent of population, crude",1,2021,3.0,2.4,3.8,-0.2999999999999998,1.4
Did not get needed mental health care due to cost,Healthcare access and quality,150,Geographic Characteristic,2,Region,14,14,Northeast,44,44,"Percent of population, crude",1,2022,4.1,3.4,5.0,1.0999999999999996,1.6
Did not get needed mental health care due to cost,Healthcare access and quality,150,Geographic Characteristic,2,Region,14,14,Northeast,44,44,"Percent of population, crude",1,2023,4.1,3.5,4.8,0.0,1.2999999999999998
Did not get needed mental health care due to cost,Healthcare access and quality,150,Geographic Characteristic,2,Region,14,14,Northeast,44,44,"Percent of population, crude",1,2024,5.0,4.3,5.7,0.9000000000000004,1.4000000000000004
Did not get needed mental health care due to cost,Healthcare access and quality,150,Geographic Characteristic,2,Region,14,14,South,46,46,"Percent of population, crude",1,2019,4.4,3.9,4.9,,1.0000000000000004
Did not get needed mental health care due to cost,Healthcare access and quality,150,Geographic Characteristic,2,Region,14,14,South,46,46,"Percent of population, crude",1,2020,4.4,3.9,5.0,0.0,1.1
Did not get needed mental health care due to cost,Healthcare access and quality,150,Geographic Characteristic,2,Region,14,14,South,46,46,"Percent of population, crude",1,2021,4.5,4.0,5.0,0.09999999999999964,1.0
Did not get needed mental health care due to cost,Healthcare access and quality,150,Geographic Characteristic,2,Region,14,14,South,46,46,"Percent of population, crude",1,2022,5.1,4.6,5.7,0.5999999999999996,1.1000000000000005
Did not get needed mental health care due to cost,Healthcare access and quality,150,Geographic Characteristic,2,Region,14,14,South,46,46,"Percent of population, crude",1,2023,5.6,5.0,6.2,0.5,1.2000000000000002
Did not get needed mental health care due to cost,Healthcare access and quality,150,Geographic Characteristic,2,Region,14,14,South,46,46,"Percent of population, crude",1,2024,5.9,5.4,6.5,0.3000000000000007,1.0999999999999996
Did not get needed mental health care due to cost,Healthcare access and quality,150,Geographic Characteristic,2,Region,14,14,West,47,47,"Percent of population, crude",1,2019,4.7,4.1,5.4,,1.3000000000000007
Did not get needed mental health care due to cost,Healthcare access and quality,150,Geographic Characteristic,2,Region,14,14,West,47,47,"Percent of population, crude",1,2020,4.7,4.1,5.4,0.0,1.3000000000000007
Did not get needed mental health care due to cost,Healthcare access and quality,150,Geographic Characteristic,2,Region,14,14,West,47,47,"Percent of population, crude",1,2021,4.4,3.9,5.1,-0.2999999999999998,1.1999999999999997
Did not get needed mental health care due to cost,Healthcare access and quality,150,Geographic Characteristic,2,Region,14,14,West,47,47,"Percent of population, crude",1,2022,5.9,5.2,6.7,1.5,1.5
Did not get needed mental health care due to cost,Healthcare access and quality,150,Geographic Characteristic,2,Region,14,14,West,47,47,"Percent of population, crude",1,2023,6.5,5.8,7.2,0.5999999999999996,1.4000000000000004
Did not get needed mental health care due to cost,Healthcare access and quality,150,Geographic Characteristic,2,Region,14,14,West,47,47,"Percent of population, crude",1,2024,6.5,5.8,7.3,0.0,1.5
Did not get needed mental health care due to cost,Healthcare access and quality,150,Demographic Characteristic,1,Sex,10,10,Female,34,34,"Percent of population, crude",1,2019,6.0,5.6,6.5,,0.9000000000000004
Did not get needed mental health care due to cost,Healthcare access and quality,150,Demographic Characteristic,1,Sex,10,10,Female,34,34,"Percent of population, crude",1,2020,5.8,5.3,6.3,-0.20000000000000018,1.0
Did not get needed mental health care due to cost,Healthcare access and quality,150,Demographic Characteristic,1,Sex,10,10,Female,34,34,"Percent of population, crude",1,2021,5.6,5.2,6.1,-0.20000000000000018,0.8999999999999995
Did not get needed mental health care due to cost,Healthcare access and quality,150,Demographic Characteristic,1,Sex,10,10,Female,34,34,"Percent of population, crude",1,2022,6.5,6.0,7.1,0.9000000000000004,1.0999999999999996
Did not get needed mental health care due to cost,Healthcare access and quality,150,Demographic Characteristic,1,Sex,10,10,Female,34,34,"Percent of population, crude",1,2023,7.2,6.7,7.8,0.7000000000000002,1.0999999999999996
Did not get needed mental health care due to cost,Healthcare access and quality,150,Demographic Characteristic,1,Sex,10,10,Female,34,34,"Percent of population, crude",1,2024,8.1,7.6,8.6,0.8999999999999995,1.0
Did not get needed mental health care due to cost,Healthcare access and quality,150,Demographic Characteristic,1,Sex,10,10,Male,35,35,"Percent of population, crude",1,2019,2.6,2.2,2.9,,0.6999999999999997
Did not get needed mental health care due to cost,Healthcare access and quality,150,Demographic Characteristic,1,Sex,10,10,Male,35,35,"Percent of population, crude",1,2020,2.7,2.3,3.1,0.10000000000000009,0.8000000000000003
Did not get needed mental health care due to cost,Healthcare access and quality,150,Demographic Characteristic,1,Sex,10,10,Male,35,35,"Percent of population, crude",1,2021,2.7,2.4,3.1,0.0,0.7000000000000002
Did not get needed mental health care due to cost,Healthcare access and quality,150,Demographic Characteristic,1,Sex,10,10,Male,35,35,"Percent of population, crude",1,2022,3.4,3.0,3.9,0.6999999999999997,0.8999999999999999
Did not get needed mental health care due to cost,Healthcare access and quality,150,Demographic Characteristic,1,Sex,10,10,Male,35,35,"Percent of population, crude",1,2023,3.6,3.3,4.0,0.20000000000000018,0.7000000000000002
Did not get needed mental health care due to cost,Healthcare access and quality,150,Demographic Characteristic,1,Sex,10,10,Male,35,35,"Percent of population, crude",1,2024,3.5,3.2,3.9,-0.10000000000000009,0.6999999999999997
Did not get needed mental health care due to cost,Healthcare access and quality,150,Demographic Characteristic,1,Sexual orientation,11,11,Bisexual,36,36,"Percent of population, crude",1,2019,22.1,17.6,27.2,,9.599999999999998
Did not get needed mental health care due to cost,Healthcare access and quality,150,Demographic Characteristic,1,Sexual orientation,11,11,Bisexual,36,36,"Percent of population, crude",1,2020,24.2,19.1,30.0,2.099999999999998,10.899999999999999
Did not get needed mental health care due to cost,Healthcare access and quality,150,Demographic Characteristic,1,Sexual orientation,11,11,Bisexual,36,36,"Percent of population, crude",1,2021,24.6,20.1,29.5,0.40000000000000213,9.399999999999999
Did not get needed mental health care due to cost,Healthcare access and quality,150,Demographic Characteristic,1,Sexual orientation,11,11,Bisexual,36,36,"Percent of population, crude",1,2022,20.7,16.9,24.9,-3.900000000000002,8.0
Did not get needed mental health care due to cost,Healthcare access and quality,150,Demographic Characteristic,1,Sexual orientation,11,11,Bisexual,36,36,"Percent of population, crude",1,2023,26.3,22.0,31.0,5.600000000000001,9.0
Did not get needed mental health care due to cost,Healthcare access and quality,150,Demographic Characteristic,1,Sexual orientation,11,11,Bisexual,36,36,"Percent of population, crude",1,2024,28.5,24.4,32.8,2.1999999999999993,8.399999999999999
Did not get needed mental health care due to cost,Healthcare access and quality,150,Demographic Characteristic,1,Sexual orientation,11,11,Gay or Lesbian,37,37,"Percent of population, crude",1,2019,7.0,4.1,10.9,,6.800000000000001
Did not get needed mental health care due to cost,Healthcare access and quality,150,Demographic Characteristic,1,Sexual orientation,11,11,Gay or Lesbian,37,37,"Percent of population, crude",1,2020,5.9,3.3,9.8,-1.0999999999999996,6.500000000000001
Did not get needed mental health care due to cost,Healthcare access and quality,150,Demographic Characteristic,1,Sexual orientation,11,11,Gay or Lesbian,37,37,"Percent of population, crude",1,2021,10.4,7.3,14.2,4.5,6.8999999999999995
Did not get needed mental health care due to cost,Healthcare access and quality,150,Demographic Characteristic,1,Sexual orientation,11,11,Gay or Lesbian,37,37,"Percent of population, crude",1,2022,11.2,7.8,15.4,0.7999999999999989,7.6000000000000005
Did not get needed mental health care due to cost,Healthcare access and quality,150,Demographic Characteristic,1,Sexual orientation,11,11,Gay or Lesbian,37,37,"Percent of population, crude",1,2023,8.7,6.3,11.7,-2.5,5.3999999999999995
Did not get needed mental health care due to cost,Healthcare access and quality,150,Demographic Characteristic,1,Sexual orientation,11,11,Gay or Lesbian,37,37,"Percent of population, crude",1,2024,12.7,9.5,16.4,4.0,6.899999999999999
Did not get needed mental health care due to cost,Healthcare access and quality,150,Demographic Characteristic,1,Sexual orientation,11,11,Straight,38,38,"Percent of population, crude",1,2019,3.9,3.7,4.2,,0.5
Did not get needed mental health care due to cost,Healthcare access and quality,150,Demographic Characteristic,1,Sexual orientation,11,11,Straight,38,38,"Percent of population, crude",1,2020,3.7,3.4,4.0,-0.19999999999999973,0.6000000000000001
Did not get needed mental health care due to cost,Healthcare access and quality,150,Demographic Characteristic,1,Sexual orientation,11,11,Straight,38,38,"Percent of population, crude",1,2021,3.5,3.2,3.7,-0.20000000000000018,0.5
Did not get needed mental health care due to cost,Healthcare access and quality,150,Demographic Characteristic,1,Sexual orientation,11,11,Straight,38,38,"Percent of population, crude",1,2022,4.3,4.0,4.6,0.7999999999999998,0.5999999999999996
Did not get needed mental health care due to cost,Healthcare access and quality,150,Demographic Characteristic,1,Sexual orientation,11,11,Straight,38,38,"Percent of population, crude",1,2023,4.6,4.3,5.0,0.2999999999999998,0.7000000000000002
Did not get needed mental health care due to cost,Healthcare access and quality,150,Demographic Characteristic,1,Sexual orientation,11,11,Straight,38,38,"Percent of population, crude",1,2024,4.9,4.6,5.2,0.3000000000000007,0.6000000000000005
Did not get needed mental health care due to cost,Healthcare access and quality,150,Geographic Characteristic,2,Social vulnerability,15,15,High social vulnerability,51,51,"Percent of population, crude",1,2019,3.9,3.3,4.5,,1.2000000000000002
Did not get needed mental health care due to cost,Healthcare access and quality,150,Geographic Characteristic,2,Social vulnerability,15,15,High social vulnerability,51,51,"Percent of population, crude",1,2020,4.0,3.4,4.7,0.10000000000000009,1.3000000000000003
Did not get needed mental health care due to cost,Healthcare access and quality,150,Geographic Characteristic,2,Social vulnerability,15,15,High social vulnerability,51,51,"Percent of population, crude",1,2021,3.2,2.7,3.8,-0.7999999999999998,1.0999999999999996
Did not get needed mental health care due to cost,Healthcare access and quality,150,Geographic Characteristic,2,Social vulnerability,15,15,High social vulnerability,51,51,"Percent of population, crude",1,2022,5.0,4.4,5.6,1.7999999999999998,1.1999999999999993
Did not get needed mental health care due to cost,Healthcare access and quality,150,Geographic Characteristic,2,Social vulnerability,15,15,High social vulnerability,51,51,"Percent of population, crude",1,2023,5.1,4.5,5.7,0.09999999999999964,1.2000000000000002
Did not get needed mental health care due to cost,Healthcare access and quality,150,Geographic Characteristic,2,Social vulnerability,15,15,High social vulnerability,51,51,"Percent of population, crude",1,2024,6.2,5.6,6.8,1.1000000000000005,1.2000000000000002
Did not get needed mental health care due to cost,Healthcare access and quality,150,Geographic Characteristic,2,Social vulnerability,15,15,Little to no social vulnerability,48,48,"Percent of population, crude",1,2019,3.8,3.2,4.5,,1.2999999999999998
Did not get needed mental health care due to cost,Healthcare access and quality,150,Geographic Characteristic,2,Social vulnerability,15,15,Little to no social vulnerability,48,48,"Percent of population, crude",1,2020,3.5,2.9,4.2,-0.2999999999999998,1.3000000000000003
Did not get needed mental health care due to cost,Healthcare access and quality,150,Geographic Characteristic,2,Social vulnerability,15,15,Little to no social vulnerability,48,48,"Percent of population, crude",1,2021,3.8,3.2,4.6,0.2999999999999998,1.3999999999999995
Did not get needed mental health care due to cost,Healthcare access and quality,150,Geographic Characteristic,2,Social vulnerability,15,15,Little to no social vulnerability,48,48,"Percent of population, crude",1,2022,4.2,3.4,5.2,0.40000000000000036,1.8000000000000003
Did not get needed mental health care due to cost,Healthcare access and quality,150,Geographic Characteristic,2,Social vulnerability,15,15,Little to no social vulnerability,48,48,"Percent of population, crude",1,2023,4.8,4.0,5.8,0.5999999999999996,1.7999999999999998
Did not get needed mental health care due to cost,Healthcare access and quality,150,Geographic Characteristic,2,Social vulnerability,15,15,Little to no social vulnerability,48,48,"Percent of population, crude",1,2024,5.3,4.4,6.2,0.5,1.7999999999999998
Did not get needed mental health care due to cost,Healthcare access and quality,150,Geographic Characteristic,2,Social vulnerability,15,15,Low social vulnerability,49,49,"Percent of population, crude",1,2019,4.7,4.2,5.3,,1.0999999999999996
Did not get needed mental health care due to cost,Healthcare access and quality,150,Geographic Characteristic,2,Social vulnerability,15,15,Low social vulnerability,49,49,"Percent of population, crude",1,2020,4.5,3.9,5.1,-0.20000000000000018,1.1999999999999997
Did not get needed mental health care due to cost,Healthcare access and quality,150,Geographic Characteristic,2,Social vulnerability,15,15,Low social vulnerability,49,49,"Percent of population, crude",1,2021,4.9,4.4,5.5,0.40000000000000036,1.0999999999999996
Did not get needed mental health care due to cost,Healthcare access and quality,150,Geographic Characteristic,2,Social vulnerability,15,15,Low social vulnerability,49,49,"Percent of population, crude",1,2022,4.7,4.1,5.3,-0.20000000000000018,1.2000000000000002
Did not get needed mental health care due to cost,Healthcare access and quality,150,Geographic Characteristic,2,Social vulnerability,15,15,Low social vulnerability,49,49,"Percent of population, crude",1,2023,5.7,5.1,6.5,1.0,1.4000000000000004
Did not get needed mental health care due to cost,Healthcare access and quality,150,Geographic Characteristic,2,Social vulnerability,15,15,Low social vulnerability,49,49,"Percent of population, crude",1,2024,5.9,5.2,6.6,0.20000000000000018,1.3999999999999995
Did not get needed mental health care due to cost,Healthcare access and quality,150,Geographic Characteristic,2,Social vulnerability,15,15,Medium social vulnerability,50,50,"Percent of population, crude",1,2019,4.7,4.1,5.2,,1.1000000000000005
Did not get needed mental health care due to cost,Healthcare access and quality,150,Geographic Characteristic,2,Social vulnerability,15,15,Medium social vulnerability,50,50,"Percent of population, crude",1,2020,4.8,4.2,5.4,0.09999999999999964,1.2000000000000002
Did not get needed mental health care due to cost,Healthcare access and quality,150,Geographic Characteristic,2,Social vulnerability,15,15,Medium social vulnerability,50,50,"Percent of population, crude",1,2021,4.5,4.0,5.0,-0.2999999999999998,1.0
Did not get needed mental health care due to cost,Healthcare access and quality,150,Geographic Characteristic,2,Social vulnerability,15,15,Medium social vulnerability,50,50,"Percent of population, crude",1,2022,5.8,5.2,6.5,1.2999999999999998,1.2999999999999998
Did not get needed mental health care due to cost,Healthcare access and quality,150,Geographic Characteristic,2,Social vulnerability,15,15,Medium social vulnerability,50,50,"Percent of population, crude",1,2023,6.2,5.6,6.9,0.40000000000000036,1.3000000000000007
Did not get needed mental health care due to cost,Healthcare access and quality,150,Geographic Characteristic,2,Social vulnerability,15,15,Medium social vulnerability,50,50,"Percent of population, crude",1,2024,5.8,5.2,6.5,-0.40000000000000036,1.2999999999999998
Did not get needed mental health care due to cost,Healthcare access and quality,150,Total,0,Total,1,1,18 years and older,1,1,"Percent of population, crude",1,2019,4.4,4.1,4.7,,0.6000000000000005
Did not get needed mental health care due to cost,Healthcare access and quality,150,Total,0,Total,1,1,18 years and older,1,1,"Percent of population, crude",1,2020,4.3,4.0,4.6,-0.10000000000000053,0.5999999999999996
Did not get needed mental health care due to cost,Healthcare access and quality,150,Total,0,Total,1,1,18 years and older,1,1,"Percent of population, crude",1,2021,4.2,3.9,4.5,-0.09999999999999964,0.6000000000000001
Did not get needed mental health care due to cost,Healthcare access and quality,150,Total,0,Total,1,1,18 years and older,1,1,"Percent of population, crude",1,2022,5.0,4.7,5.4,0.7999999999999998,0.7000000000000002
Did not get needed mental health care due to cost,Healthcare access and quality,150,Total,0,Total,1,1,18 years and older,1,1,"Percent of population, crude",1,2023,5.5,5.2,5.8,0.5,0.5999999999999996
Did not get needed mental health care due to cost,Healthcare access and quality,150,Total,0,Total,1,1,18 years and older,1,1,"Percent of population, crude",1,2024,5.9,5.5,6.2,0.40000000000000036,0.7000000000000002
Did not get needed mental health care due to cost,Healthcare access and quality,150,Geographic Characteristic,2,Urbanicity,16,16,Large central metro,52,52,"Percent of population, crude",1,2019,5.2,4.7,5.8,,1.0999999999999996
Did not get needed mental health care due to cost,Healthcare access and quality,150,Geographic Characteristic,2,Urbanicity,16,16,Large central metro,52,52,"Percent of population, crude",1,2020,4.6,4.0,5.2,-0.6000000000000005,1.2000000000000002
Did not get needed mental health care due to cost,Healthcare access and quality,150,Geographic Characteristic,2,Urbanicity,16,16,Large central metro,52,52,"Percent of population, crude",1,2021,4.7,4.2,5.3,0.10000000000000053,1.0999999999999996
Did not get needed mental health care due to cost,Healthcare access and quality,150,Geographic Characteristic,2,Urbanicity,16,16,Large central metro,52,52,"Percent of population, crude",1,2022,5.6,5.1,6.3,0.8999999999999995,1.2000000000000002
Did not get needed mental health care due to cost,Healthcare access and quality,150,Geographic Characteristic,2,Urbanicity,16,16,Large central metro,52,52,"Percent of population, crude",1,2023,6.1,5.5,6.8,0.5,1.2999999999999998
Did not get needed mental health care due to cost,Healthcare access and quality,150,Geographic Characteristic,2,Urbanicity,16,16,Large central metro,52,52,"Percent of population, crude",1,2024,6.4,5.8,7.0,0.3000000000000007,1.2000000000000002
Did not get needed mental health care due to cost,Healthcare access and quality,150,Geographic Characteristic,2,Urbanicity,16,16,Large fringe metro,53,53,"Percent of population, crude",1,2019,3.6,3.1,4.2,,1.1
Did not get needed mental health care due to cost,Healthcare access and quality,150,Geographic Characteristic,2,Urbanicity,16,16,Large fringe metro,53,53,"Percent of population, crude",1,2020,3.9,3.3,4.5,0.2999999999999998,1.2000000000000002
Did not get needed mental health care due to cost,Healthcare access and quality,150,Geographic Characteristic,2,Urbanicity,16,16,Large fringe metro,53,53,"Percent of population, crude",1,2021,3.9,3.3,4.5,0.0,1.2000000000000002
Did not get needed mental health care due to cost,Healthcare access and quality,150,Geographic Characteristic,2,Urbanicity,16,16,Large fringe metro,53,53,"Percent of population, crude",1,2022,4.9,4.3,5.7,1.0000000000000004,1.4000000000000004
Did not get needed mental health care due to cost,Healthcare access and quality,150,Geographic Characteristic,2,Urbanicity,16,16,Large fringe metro,53,53,"Percent of population, crude",1,2023,5.1,4.5,5.8,0.1999999999999993,1.2999999999999998
Did not get needed mental health care due to cost,Healthcare access and quality,150,Geographic Characteristic,2,Urbanicity,16,16,Large fringe metro,53,53,"Percent of population, crude",1,2024,5.3,4.6,6.0,0.20000000000000018,1.4000000000000004
Did not get needed mental health care due to cost,Healthcare access and quality,150,Geographic Characteristic,2,Urbanicity,16,16,Medium and small metro,54,54,"Percent of population, crude",1,2019,4.4,3.9,5.0,,1.1
Did not get needed mental health care due to cost,Healthcare access and quality,150,Geographic Characteristic,2,Urbanicity,16,16,Medium and small metro,54,54,"Percent of population, crude",1,2020,4.7,4.2,5.3,0.2999999999999998,1.0999999999999996
Did not get needed mental health care due to cost,Healthcare access and quality,150,Geographic Characteristic,2,Urbanicity,16,16,Medium and small metro,54,54,"Percent of population, crude",1,2021,4.3,3.8,4.8,-0.40000000000000036,1.0
Did not get needed mental health care due to cost,Healthcare access and quality,150,Geographic Characteristic,2,Urbanicity,16,16,Medium and small metro,54,54,"Percent of population, crude",1,2022,5.1,4.5,5.8,0.7999999999999998,1.2999999999999998
Did not get needed mental health care due to cost,Healthcare access and quality,150,Geographic Characteristic,2,Urbanicity,16,16,Medium and small metro,54,54,"Percent of population, crude",1,2023,5.6,5.0,6.2,0.5,1.2000000000000002
Did not get needed mental health care due to cost,Healthcare access and quality,150,Geographic Characteristic,2,Urbanicity,16,16,Medium and small metro,54,54,"Percent of population, crude",1,2024,6.1,5.5,6.8,0.5,1.2999999999999998
Did not get needed mental health care due to cost,Healthcare access and quality,150,Geographic Characteristic,2,Urbanicity,16,16,Nonmetropolitan,55,55,"Percent of population, crude",1,2019,3.6,3.0,4.3,,1.2999999999999998
Did not get needed mental health care due to cost,Healthcare access and quality,150,Geographic Characteristic,2,Urbanicity,16,16,Nonmetropolitan,55,55,"Percent of population, crude",1,2020,3.4,2.6,4.4,-0.20000000000000018,1.8000000000000003
Did not get needed mental health care due to cost,Healthcare access and quality,150,Geographic Characteristic,2,Urbanicity,16,16,Nonmetropolitan,55,55,"Percent of population, crude",1,2021,3.4,2.7,4.2,0.0,1.5
Did not get needed mental health care due to cost,Healthcare access and quality,150,Geographic Characteristic,2,Urbanicity,16,16,Nonmetropolitan,55,55,"Percent of population, crude",1,2022,3.6,2.9,4.5,0.20000000000000018,1.6
Did not get needed mental health care due to cost,Healthcare access and quality,150,Geographic Characteristic,2,Urbanicity,16,16,Nonmetropolitan,55,55,"Percent of population, crude",1,2023,4.5,3.8,5.3,0.8999999999999999,1.5
Did not get needed mental health care due to cost,Healthcare access and quality,150,Geographic Characteristic,2,Urbanicity,16,16,Nonmetropolitan,55,55,"Percent of population, crude",1,2024,5.3,4.5,6.1,0.7999999999999998,1.5999999999999996
Did not get needed mental health care due to cost,Healthcare access and quality,150,Demographic Characteristic,1,Veteran status,12,12,Non-veteran,40,40,"Percent of population, crude",1,2019,4.6,4.3,4.9,,0.6000000000000005
Did not get needed mental health care due to cost,Healthcare access and quality,150,Demographic Characteristic,1,Veteran status,12,12,Non-veteran,40,40,"Percent of population, crude",1,2020,4.5,4.2,4.8,-0.09999999999999964,0.5999999999999996
Did not get needed mental health care due to cost,Healthcare access and quality,150,Demographic Characteristic,1,Veteran status,12,12,Non-veteran,40,40,"Percent of population, crude",1,2021,4.4,4.1,4.8,-0.09999999999999964,0.7000000000000002
Did not get needed mental health care due to cost,Healthcare access and quality,150,Demographic Characteristic,1,Veteran status,12,12,Non-veteran,40,40,"Percent of population, crude",1,2022,5.2,4.9,5.6,0.7999999999999998,0.6999999999999993
Did not get needed mental health care due to cost,Healthcare access and quality,150,Demographic Characteristic,1,Veteran status,12,12,Non-veteran,40,40,"Percent of population, crude",1,2023,5.7,5.4,6.1,0.5,0.6999999999999993
Did not get needed mental health care due to cost,Healthcare access and quality,150,Demographic Characteristic,1,Veteran status,12,12,Non-veteran,40,40,"Percent of population, crude",1,2024,6.2,5.8,6.5,0.5,0.7000000000000002
Did not get needed mental health care due to cost,Healthcare access and quality,150,Demographic Characteristic,1,Veteran status,12,12,Veteran,39,39,"Percent of population, crude",1,2019,2.0,1.4,2.8,,1.4
Did not get needed mental health care due to cost,Healthcare access and quality,150,Demographic Characteristic,1,Veteran status,12,12,Veteran,39,39,"Percent of population, crude",1,2020,1.9,1.2,2.7,-0.10000000000000009,1.5000000000000002
Did not get needed mental health care due to cost,Healthcare access and quality,150,Demographic Characteristic,1,Veteran status,12,12,Veteran,39,39,"Percent of population, crude",1,2021,1.6,1.1,2.3,-0.2999999999999998,1.1999999999999997
Did not get needed mental health care due to cost,Healthcare access and quality,150,Demographic Characteristic,1,Veteran status,12,12,Veteran,39,39,"Percent of population, crude",1,2022,2.7,2.0,3.7,1.1,1.7000000000000002
Did not get needed mental health care due to cost,Healthcare access and quality,150,Demographic Characteristic,1,Veteran status,12,12,Veteran,39,39,"Percent of population, crude",1,2023,2.9,2.1,3.9,0.19999999999999973,1.7999999999999998
Did not get needed mental health care due to cost,Healthcare access and quality,150,Demographic Characteristic,1,Veteran status,12,12,Veteran,39,39,"Percent of population, crude",1,2024,2.4,1.7,3.2,-0.5,1.5000000000000002
Did not take medication as prescribed to save money,Healthcare access and quality,150,Demographic Characteristic,1,Age groups with 65 years and older,2,2,18-34 years,2,2,"Percent of population, crude",1,2019,11.0,9.8,12.3,,2.5
Did not take medication as prescribed to save money,Healthcare access and quality,150,Demographic Characteristic,1,Age groups with 65 years and older,2,2,18-34 years,2,2,"Percent of population, crude",1,2020,9.8,8.4,11.4,-1.1999999999999993,3.0
Did not take medication as prescribed to save money,Healthcare access and quality,150,Demographic Characteristic,1,Age groups with 65 years and older,2,2,18-34 years,2,2,"Percent of population, crude",1,2021,8.5,7.3,9.8,-1.3000000000000007,2.500000000000001
Did not take medication as prescribed to save money,Healthcare access and quality,150,Demographic Characteristic,1,Age groups with 65 years and older,2,2,18-34 years,2,2,"Percent of population, crude",1,2022,8.3,7.2,9.4,-0.1999999999999993,2.2
Did not take medication as prescribed to save money,Healthcare access and quality,150,Demographic Characteristic,1,Age groups with 65 years and older,2,2,18-34 years,2,2,"Percent of population, crude",1,2023,9.2,8.1,10.4,0.8999999999999986,2.3000000000000007
Did not take medication as prescribed to save money,Healthcare access and quality,150,Demographic Characteristic,1,Age groups with 65 years and older,2,2,18-34 years,2,2,"Percent of population, crude",1,2024,10.7,9.6,11.8,1.5,2.200000000000001
Did not take medication as prescribed to save money,Healthcare access and quality,150,Demographic Characteristic,1,Age groups with 65 years and older,2,2,35-49 years,3,3,"Percent of population, crude",1,2019,13.3,12.1,14.6,,2.5
Did not take medication as prescribed to save money,Healthcare access and quality,150,Demographic Characteristic,1,Age groups with 65 years and older,2,2,35-49 years,3,3,"Percent of population, crude",1,2020,10.8,9.7,12.1,-2.5,2.4000000000000004
Did not take medication as prescribed to save money,Healthcare access and quality,150,Demographic Characteristic,1,Age groups with 65 years and older,2,2,35-49 years,3,3,"Percent of population, crude",1,2021,8.7,7.7,9.9,-2.1000000000000014,2.2
Did not take medication as prescribed to save money,Healthcare access and quality,150,Demographic Characteristic,1,Age groups with 65 years and older,2,2,35-49 years,3,3,"Percent of population, crude",1,2022,8.8,7.8,9.9,0.10000000000000142,2.1000000000000005
Did not take medication as prescribed to save money,Healthcare access and quality,150,Demographic Characteristic,1,Age groups with 65 years and older,2,2,35-49 years,3,3,"Percent of population, crude",1,2023,9.9,8.9,11.1,1.0999999999999996,2.1999999999999993
Did not take medication as prescribed to save money,Healthcare access and quality,150,Demographic Characteristic,1,Age groups with 65 years and older,2,2,35-49 years,3,3,"Percent of population, crude",1,2024,9.4,8.5,10.5,-0.5,2.0
Did not take medication as prescribed to save money,Healthcare access and quality,150,Demographic Characteristic,1,Age groups with 65 years and older,2,2,50-64 years,4,4,"Percent of population, crude",1,2019,10.1,9.3,11.0,,1.6999999999999993
Did not take medication as prescribed to save money,Healthcare access and quality,150,Demographic Characteristic,1,Age groups with 65 years and older,2,2,50-64 years,4,4,"Percent of population, crude",1,2020,9.5,8.5,10.4,-0.5999999999999996,1.9000000000000004
Did not take medication as prescribed to save money,Healthcare access and quality,150,Demographic Characteristic,1,Age groups with 65 years and older,2,2,50-64 years,4,4,"Percent of population, crude",1,2021,7.6,6.8,8.4,-1.9000000000000004,1.6000000000000005
Did not take medication as prescribed to save money,Healthcare access and quality,150,Demographic Characteristic,1,Age groups with 65 years and older,2,2,50-64 years,4,4,"Percent of population, crude",1,2022,7.0,6.2,7.8,-0.5999999999999996,1.5999999999999996
Did not take medication as prescribed to save money,Healthcare access and quality,150,Demographic Characteristic,1,Age groups with 65 years and older,2,2,50-64 years,4,4,"Percent of population, crude",1,2023,8.6,7.7,9.5,1.5999999999999996,1.7999999999999998
Did not take medication as prescribed to save money,Healthcare access and quality,150,Demographic Characteristic,1,Age groups with 65 years and older,2,2,50-64 years,4,4,"Percent of population, crude",1,2024,8.5,7.7,9.4,-0.09999999999999964,1.7000000000000002
Did not take medication as prescribed to save money,Healthcare access and quality,150,Demographic Characteristic,1,Age groups with 65 years and older,2,2,65 years and older,5,5,"Percent of population, crude",1,2019,5.3,4.7,5.9,,1.2000000000000002
Did not take medication as prescribed to save money,Healthcare access and quality,150,Demographic Characteristic,1,Age groups with 65 years and older,2,2,65 years and older,5,5,"Percent of population, crude",1,2020,4.3,3.8,4.9,-1.0,1.1000000000000005
Did not take medication as prescribed to save money,Healthcare access and quality,150,Demographic Characteristic,1,Age groups with 65 years and older,2,2,65 years and older,5,5,"Percent of population, crude",1,2021,3.7,3.2,4.2,-0.5999999999999996,1.0
Did not take medication as prescribed to save money,Healthcare access and quality,150,Demographic Characteristic,1,Age groups with 65 years and older,2,2,65 years and older,5,5,"Percent of population, crude",1,2022,4.0,3.5,4.6,0.2999999999999998,1.0999999999999996
Did not take medication as prescribed to save money,Healthcare access and quality,150,Demographic Characteristic,1,Age groups with 65 years and older,2,2,65 years and older,5,5,"Percent of population, crude",1,2023,4.5,4.0,5.0,0.5,1.0
Did not take medication as prescribed to save money,Healthcare access and quality,150,Demographic Characteristic,1,Age groups with 65 years and older,2,2,65 years and older,5,5,"Percent of population, crude",1,2024,3.9,3.4,4.4,-0.6000000000000001,1.0000000000000004
Did not take medication as prescribed to save money,Healthcare access and quality,150,Demographic Characteristic,1,Age groups with 75 years and older,3,3,18-44 years,6,6,"Percent of population, crude",1,2019,11.7,10.8,12.8,,2.0
Did not take medication as prescribed to save money,Healthcare access and quality,150,Demographic Characteristic,1,Age groups with 75 years and older,3,3,18-44 years,6,6,"Percent of population, crude",1,2020,10.2,9.1,11.4,-1.5,2.3000000000000007
Did not take medication as prescribed to save money,Healthcare access and quality,150,Demographic Characteristic,1,Age groups with 75 years and older,3,3,18-44 years,6,6,"Percent of population, crude",1,2021,8.5,7.6,9.4,-1.6999999999999993,1.8000000000000007
Did not take medication as prescribed to save money,Healthcare access and quality,150,Demographic Characteristic,1,Age groups with 75 years and older,3,3,18-44 years,6,6,"Percent of population, crude",1,2022,8.2,7.4,9.1,-0.3000000000000007,1.6999999999999993
Did not take medication as prescribed to save money,Healthcare access and quality,150,Demographic Characteristic,1,Age groups with 75 years and older,3,3,18-44 years,6,6,"Percent of population, crude",1,2023,9.7,8.9,10.5,1.5,1.5999999999999996
Did not take medication as prescribed to save money,Healthcare access and quality,150,Demographic Characteristic,1,Age groups with 75 years and older,3,3,18-44 years,6,6,"Percent of population, crude",1,2024,10.0,9.2,10.8,0.3000000000000007,1.6000000000000014
Did not take medication as prescribed to save money,Healthcare access and quality,150,Demographic Characteristic,1,Age groups with 75 years and older,3,3,45-64 years,7,7,"Percent of population, crude",1,2019,11.0,10.2,11.9,,1.700000000000001
Did not take medication as prescribed to save money,Healthcare access and quality,150,Demographic Characteristic,1,Age groups with 75 years and older,3,3,45-64 years,7,7,"Percent of population, crude",1,2020,9.7,8.9,10.6,-1.3000000000000007,1.6999999999999993
Did not take medication as prescribed to save money,Healthcare access and quality,150,Demographic Characteristic,1,Age groups with 75 years and older,3,3,45-64 years,7,7,"Percent of population, crude",1,2021,7.9,7.2,8.7,-1.799999999999999,1.4999999999999991
Did not take medication as prescribed to save money,Healthcare access and quality,150,Demographic Characteristic,1,Age groups with 75 years and older,3,3,45-64 years,7,7,"Percent of population, crude",1,2022,7.7,6.9,8.5,-0.20000000000000018,1.5999999999999996
Did not take medication as prescribed to save money,Healthcare access and quality,150,Demographic Characteristic,1,Age groups with 75 years and older,3,3,45-64 years,7,7,"Percent of population, crude",1,2023,8.7,7.9,9.5,0.9999999999999991,1.5999999999999996
Did not take medication as prescribed to save money,Healthcare access and quality,150,Demographic Characteristic,1,Age groups with 75 years and older,3,3,45-64 years,7,7,"Percent of population, crude",1,2024,8.9,8.1,9.7,0.20000000000000107,1.5999999999999996
Did not take medication as prescribed to save money,Healthcare access and quality,150,Demographic Characteristic,1,Age groups with 75 years and older,3,3,65-74 years,8,8,"Percent of population, crude",1,2019,6.4,5.6,7.3,,1.7000000000000002
Did not take medication as prescribed to save money,Healthcare access and quality,150,Demographic Characteristic,1,Age groups with 75 years and older,3,3,65-74 years,8,8,"Percent of population, crude",1,2020,5.5,4.7,6.3,-0.9000000000000004,1.5999999999999996
Did not take medication as prescribed to save money,Healthcare access and quality,150,Demographic Characteristic,1,Age groups with 75 years and older,3,3,65-74 years,8,8,"Percent of population, crude",1,2021,4.7,4.0,5.5,-0.7999999999999998,1.5
Did not take medication as prescribed to save money,Healthcare access and quality,150,Demographic Characteristic,1,Age groups with 75 years and older,3,3,65-74 years,8,8,"Percent of population, crude",1,2022,4.7,4.0,5.6,0.0,1.5999999999999996
Did not take medication as prescribed to save money,Healthcare access and quality,150,Demographic Characteristic,1,Age groups with 75 years and older,3,3,65-74 years,8,8,"Percent of population, crude",1,2023,5.5,4.8,6.3,0.7999999999999998,1.5
Did not take medication as prescribed to save money,Healthcare access and quality,150,Demographic Characteristic,1,Age groups with 75 years and older,3,3,65-74 years,8,8,"Percent of population, crude",1,2024,5.0,4.3,5.7,-0.5,1.4000000000000004
Did not take medication as prescribed to save money,Healthcare access and quality,150,Demographic Characteristic,1,Age groups with 75 years and older,3,3,75 years and older,9,9,"Percent of population, crude",1,2019,3.7,3.0,4.5,,1.5
Did not take medication as prescribed to save money,Healthcare access and quality,150,Demographic Characteristic,1,Age groups with 75 years and older,3,3,75 years and older,9,9,"Percent of population, crude",1,2020,2.7,2.0,3.4,-1.0,1.4
Did not take medication as prescribed to save money,Healthcare access and quality,150,Demographic Characteristic,1,Age groups with 75 years and older,3,3,75 years and older,9,9,"Percent of population, crude",1,2021,2.3,1.7,3.0,-0.40000000000000036,1.3
Did not take medication as prescribed to save money,Healthcare access and quality,150,Demographic Characteristic,1,Age groups with 75 years and older,3,3,75 years and older,9,9,"Percent of population, crude",1,2022,3.0,2.3,3.7,0.7000000000000002,1.4000000000000004
Did not take medication as prescribed to save money,Healthcare access and quality,150,Demographic Characteristic,1,Age groups with 75 years and older,3,3,75 years and older,9,9,"Percent of population, crude",1,2023,3.1,2.5,3.8,0.10000000000000009,1.2999999999999998
Did not take medication as prescribed to save money,Healthcare access and quality,150,Demographic Characteristic,1,Age groups with 75 years and older,3,3,75 years and older,9,9,"Percent of population, crude",1,2024,2.5,2.0,3.2,-0.6000000000000001,1.2000000000000002
Did not take medication as prescribed to save money,Healthcare access and quality,150,Demographic Characteristic,1,Disability status,4,4,With disability,10,10,"Percent of population, crude",1,2019,16.3,14.7,18.1,,3.400000000000002
Did not take medication as prescribed to save money,Healthcare access and quality,150,Demographic Characteristic,1,Disability status,4,4,With disability,10,10,"Percent of population, crude",1,2020,14.7,12.8,16.6,-1.6000000000000014,3.8000000000000007
Did not take medication as prescribed to save money,Healthcare access and quality,150,Demographic Characteristic,1,Disability status,4,4,With disability,10,10,"Percent of population, crude",1,2021,13.0,11.5,14.7,-1.6999999999999993,3.1999999999999993
Did not take medication as prescribed to save money,Healthcare access and quality,150,Demographic Characteristic,1,Disability status,4,4,With disability,10,10,"Percent of population, crude",1,2022,12.7,11.1,14.3,-0.3000000000000007,3.200000000000001
Did not take medication as prescribed to save money,Healthcare access and quality,150,Demographic Characteristic,1,Disability status,4,4,With disability,10,10,"Percent of population, crude",1,2023,13.9,12.4,15.5,1.200000000000001,3.0999999999999996
Did not take medication as prescribed to save money,Healthcare access and quality,150,Demographic Characteristic,1,Disability status,4,4,With disability,10,10,"Percent of population, crude",1,2024,13.5,12.0,15.1,-0.40000000000000036,3.0999999999999996
Did not take medication as prescribed to save money,Healthcare access and quality,150,Demographic Characteristic,1,Disability status,4,4,Without disability,11,11,"Percent of population, crude",1,2019,8.7,8.2,9.2,,1.0
Did not take medication as prescribed to save money,Healthcare access and quality,150,Demographic Characteristic,1,Disability status,4,4,Without disability,11,11,"Percent of population, crude",1,2020,7.4,6.9,7.9,-1.299999999999999,1.0
Did not take medication as prescribed to save money,Healthcare access and quality,150,Demographic Characteristic,1,Disability status,4,4,Without disability,11,11,"Percent of population, crude",1,2021,5.9,5.5,6.4,-1.5,0.9000000000000004
Did not take medication as prescribed to save money,Healthcare access and quality,150,Demographic Characteristic,1,Disability status,4,4,Without disability,11,11,"Percent of population, crude",1,2022,6.0,5.5,6.4,0.09999999999999964,0.9000000000000004
Did not take medication as prescribed to save money,Healthcare access and quality,150,Demographic Characteristic,1,Disability status,4,4,Without disability,11,11,"Percent of population, crude",1,2023,6.9,6.5,7.4,0.9000000000000004,0.9000000000000004
Did not take medication as prescribed to save money,Healthcare access and quality,150,Demographic Characteristic,1,Disability status,4,4,Without disability,11,11,"Percent of population, crude",1,2024,7.0,6.6,7.4,0.09999999999999964,0.8000000000000007
Did not take medication as prescribed to save money,Healthcare access and quality,150,Socioeconomic Characteristic,3,Education,17,17,College degree or higher,59,59,"Percent of population, crude",1,2019,6.7,6.1,7.4,,1.3000000000000007
Did not take medication as prescribed to save money,Healthcare access and quality,150,Socioeconomic Characteristic,3,Education,17,17,College degree or higher,59,59,"Percent of population, crude",1,2020,6.0,5.3,6.6,-0.7000000000000002,1.2999999999999998
Did not take medication as prescribed to save money,Healthcare access and quality,150,Socioeconomic Characteristic,3,Education,17,17,College degree or higher,59,59,"Percent of population, crude",1,2021,4.4,3.9,5.0,-1.5999999999999996,1.1
Did not take medication as prescribed to save money,Healthcare access and quality,150,Socioeconomic Characteristic,3,Education,17,17,College degree or higher,59,59,"Percent of population, crude",1,2022,4.6,4.1,5.2,0.1999999999999993,1.1000000000000005
Did not take medication as prescribed to save money,Healthcare access and quality,150,Socioeconomic Characteristic,3,Education,17,17,College degree or higher,59,59,"Percent of population, crude",1,2023,5.6,5.1,6.3,1.0,1.2000000000000002
Did not take medication as prescribed to save money,Healthcare access and quality,150,Socioeconomic Characteristic,3,Education,17,17,College degree or higher,59,59,"Percent of population, crude",1,2024,6.1,5.5,6.7,0.5,1.2000000000000002
Did not take medication as prescribed to save money,Healthcare access and quality,150,Socioeconomic Characteristic,3,Education,17,17,High school diploma or GED,57,57,"Percent of population, crude",1,2019,10.1,9.1,11.1,,2.0
Did not take medication as prescribed to save money,Healthcare access and quality,150,Socioeconomic Characteristic,3,Education,17,17,High school diploma or GED,57,57,"Percent of population, crude",1,2020,8.1,7.2,9.2,-2.0,1.9999999999999991
Did not take medication as prescribed to save money,Healthcare access and quality,150,Socioeconomic Characteristic,3,Education,17,17,High school diploma or GED,57,57,"Percent of population, crude",1,2021,7.5,6.7,8.5,-0.5999999999999996,1.7999999999999998
Did not take medication as prescribed to save money,Healthcare access and quality,150,Socioeconomic Characteristic,3,Education,17,17,High school diploma or GED,57,57,"Percent of population, crude",1,2022,7.0,6.1,8.0,-0.5,1.9000000000000004
Did not take medication as prescribed to save money,Healthcare access and quality,150,Socioeconomic Characteristic,3,Education,17,17,High school diploma or GED,57,57,"Percent of population, crude",1,2023,8.8,7.9,9.9,1.8000000000000007,2.0
Did not take medication as prescribed to save money,Healthcare access and quality,150,Socioeconomic Characteristic,3,Education,17,17,High school diploma or GED,57,57,"Percent of population, crude",1,2024,8.1,7.2,9.1,-0.7000000000000011,1.8999999999999995
Did not take medication as prescribed to save money,Healthcare access and quality,150,Socioeconomic Characteristic,3,Education,17,17,No high school diploma or GED,56,56,"Percent of population, crude",1,2019,11.8,10.1,13.7,,3.5999999999999996
Did not take medication as prescribed to save money,Healthcare access and quality,150,Socioeconomic Characteristic,3,Education,17,17,No high school diploma or GED,56,56,"Percent of population, crude",1,2020,10.9,8.9,13.2,-0.9000000000000004,4.299999999999999
Did not take medication as prescribed to save money,Healthcare access and quality,150,Socioeconomic Characteristic,3,Education,17,17,No high school diploma or GED,56,56,"Percent of population, crude",1,2021,9.0,7.3,10.9,-1.9000000000000004,3.6000000000000005
Did not take medication as prescribed to save money,Healthcare access and quality,150,Socioeconomic Characteristic,3,Education,17,17,No high school diploma or GED,56,56,"Percent of population, crude",1,2022,9.5,7.7,11.6,0.5,3.8999999999999995
Did not take medication as prescribed to save money,Healthcare access and quality,150,Socioeconomic Characteristic,3,Education,17,17,No high school diploma or GED,56,56,"Percent of population, crude",1,2023,9.1,7.6,10.9,-0.40000000000000036,3.3000000000000007
Did not take medication as prescribed to save money,Healthcare access and quality,150,Socioeconomic Characteristic,3,Education,17,17,No high school diploma or GED,56,56,"Percent of population, crude",1,2024,9.1,7.5,11.0,0.0,3.5
Did not take medication as prescribed to save money,Healthcare access and quality,150,Socioeconomic Characteristic,3,Education,17,17,Some college,58,58,"Percent of population, crude",1,2019,11.7,10.8,12.7,,1.8999999999999986
Did not take medication as prescribed to save money,Healthcare access and quality,150,Socioeconomic Characteristic,3,Education,17,17,Some college,58,58,"Percent of population, crude",1,2020,9.4,8.5,10.4,-2.299999999999999,1.9000000000000004
Did not take medication as prescribed to save money,Healthcare access and quality,150,Socioeconomic Characteristic,3,Education,17,17,Some college,58,58,"Percent of population, crude",1,2021,8.8,7.9,9.7,-0.5999999999999996,1.799999999999999
Did not take medication as prescribed to save money,Healthcare access and quality,150,Socioeconomic Characteristic,3,Education,17,17,Some college,58,58,"Percent of population, crude",1,2022,8.2,7.4,9.1,-0.6000000000000014,1.6999999999999993
Did not take medication as prescribed to save money,Healthcare access and quality,150,Socioeconomic Characteristic,3,Education,17,17,Some college,58,58,"Percent of population, crude",1,2023,9.7,8.8,10.7,1.5,1.8999999999999986
Did not take medication as prescribed to save money,Healthcare access and quality,150,Socioeconomic Characteristic,3,Education,17,17,Some college,58,58,"Percent of population, crude",1,2024,9.3,8.5,10.3,-0.3999999999999986,1.8000000000000007
Did not take medication as prescribed to save money,Healthcare access and quality,150,Socioeconomic Characteristic,3,Employment status,18,18,Employed,60,60,"Percent of population, crude",1,2019,9.8,9.2,10.5,,1.3000000000000007
Did not take medication as prescribed to save money,Healthcare access and quality,150,Socioeconomic Characteristic,3,Employment status,18,18,Employed,60,60,"Percent of population, crude",1,2020,8.4,7.7,9.1,-1.4000000000000004,1.3999999999999995
Did not take medication as prescribed to save money,Healthcare access and quality,150,Socioeconomic Characteristic,3,Employment status,18,18,Employed,60,60,"Percent of population, crude",1,2021,7.0,6.4,7.6,-1.4000000000000004,1.1999999999999993
Did not take medication as prescribed to save money,Healthcare access and quality,150,Socioeconomic Characteristic,3,Employment status,18,18,Employed,60,60,"Percent of population, crude",1,2022,7.1,6.5,7.8,0.09999999999999964,1.2999999999999998
Did not take medication as prescribed to save money,Healthcare access and quality,150,Socioeconomic Characteristic,3,Employment status,18,18,Employed,60,60,"Percent of population, crude",1,2023,7.8,7.2,8.4,0.7000000000000002,1.2000000000000002
Did not take medication as prescribed to save money,Healthcare access and quality,150,Socioeconomic Characteristic,3,Employment status,18,18,Employed,60,60,"Percent of population, crude",1,2024,8.6,8.0,9.2,0.7999999999999998,1.1999999999999993
Did not take medication as prescribed to save money,Healthcare access and quality,150,Socioeconomic Characteristic,3,Employment status,18,18,Employed - Full-time,61,61,"Percent of population, crude",1,2019,9.7,8.9,10.4,,1.5
Did not take medication as prescribed to save money,Healthcare access and quality,150,Socioeconomic Characteristic,3,Employment status,18,18,Employed - Full-time,61,61,"Percent of population, crude",1,2020,7.9,7.2,8.7,-1.799999999999999,1.4999999999999991
Did not take medication as prescribed to save money,Healthcare access and quality,150,Socioeconomic Characteristic,3,Employment status,18,18,Employed - Full-time,61,61,"Percent of population, crude",1,2021,6.7,6.0,7.3,-1.2000000000000002,1.2999999999999998
Did not take medication as prescribed to save money,Healthcare access and quality,150,Socioeconomic Characteristic,3,Employment status,18,18,Employed - Full-time,61,61,"Percent of population, crude",1,2022,7.0,6.3,7.7,0.2999999999999998,1.4000000000000004
Did not take medication as prescribed to save money,Healthcare access and quality,150,Socioeconomic Characteristic,3,Employment status,18,18,Employed - Full-time,61,61,"Percent of population, crude",1,2023,7.8,7.1,8.5,0.7999999999999998,1.4000000000000004
Did not take medication as prescribed to save money,Healthcare access and quality,150,Socioeconomic Characteristic,3,Employment status,18,18,Employed - Full-time,61,61,"Percent of population, crude",1,2024,8.6,7.9,9.3,0.7999999999999998,1.4000000000000004
Did not take medication as prescribed to save money,Healthcare access and quality,150,Socioeconomic Characteristic,3,Employment status,18,18,Employed - Part-time,62,62,"Percent of population, crude",1,2019,10.7,9.1,12.6,,3.5
Did not take medication as prescribed to save money,Healthcare access and quality,150,Socioeconomic Characteristic,3,Employment status,18,18,Employed - Part-time,62,62,"Percent of population, crude",1,2020,10.4,8.7,12.3,-0.29999999999999893,3.6000000000000014
Did not take medication as prescribed to save money,Healthcare access and quality,150,Socioeconomic Characteristic,3,Employment status,18,18,Employed - Part-time,62,62,"Percent of population, crude",1,2021,8.1,6.6,9.8,-2.3000000000000007,3.200000000000001
Did not take medication as prescribed to save money,Healthcare access and quality,150,Socioeconomic Characteristic,3,Employment status,18,18,Employed - Part-time,62,62,"Percent of population, crude",1,2022,7.5,6.1,9.1,-0.5999999999999996,3.0
Did not take medication as prescribed to save money,Healthcare access and quality,150,Socioeconomic Characteristic,3,Employment status,18,18,Employed - Part-time,62,62,"Percent of population, crude",1,2023,8.0,6.8,9.5,0.5,2.7
Did not take medication as prescribed to save money,Healthcare access and quality,150,Socioeconomic Characteristic,3,Employment status,18,18,Employed - Part-time,62,62,"Percent of population, crude",1,2024,8.7,7.4,10.2,0.6999999999999993,2.799999999999999
Did not take medication as prescribed to save money,Healthcare access and quality,150,Socioeconomic Characteristic,3,Employment status,18,18,Not employed,63,63,"Percent of population, crude",1,2019,9.2,8.4,9.9,,1.5
Did not take medication as prescribed to save money,Healthcare access and quality,150,Socioeconomic Characteristic,3,Employment status,18,18,Not employed,63,63,"Percent of population, crude",1,2020,8.2,7.4,9.0,-1.0,1.5999999999999996
Did not take medication as prescribed to save money,Healthcare access and quality,150,Socioeconomic Characteristic,3,Employment status,18,18,Not employed,63,63,"Percent of population, crude",1,2021,6.4,5.9,7.1,-1.799999999999999,1.1999999999999993
Did not take medication as prescribed to save money,Healthcare access and quality,150,Socioeconomic Characteristic,3,Employment status,18,18,Not employed,63,63,"Percent of population, crude",1,2022,6.2,5.7,6.9,-0.20000000000000018,1.2000000000000002
Did not take medication as prescribed to save money,Healthcare access and quality,150,Socioeconomic Characteristic,3,Employment status,18,18,Not employed,63,63,"Percent of population, crude",1,2023,7.7,7.1,8.4,1.5,1.3000000000000007
Did not take medication as prescribed to save money,Healthcare access and quality,150,Socioeconomic Characteristic,3,Employment status,18,18,Not employed,63,63,"Percent of population, crude",1,2024,6.5,5.9,7.2,-1.2000000000000002,1.2999999999999998
Did not take medication as prescribed to save money,Healthcare access and quality,150,Socioeconomic Characteristic,3,Employment status,18,18,Not employed - Has never worked,65,65,"Percent of population, crude",1,2019,2.9,1.5,5.1,,3.5999999999999996
Did not take medication as prescribed to save money,Healthcare access and quality,150,Socioeconomic Characteristic,3,Employment status,18,18,Not employed - Has never worked,65,65,"Percent of population, crude",1,2020,7.6,3.8,13.1,4.699999999999999,9.3
Did not take medication as prescribed to save money,Healthcare access and quality,150,Socioeconomic Characteristic,3,Employment status,18,18,Not employed - Has never worked,65,65,"Percent of population, crude",1,2021,2.6,1.0,5.3,-5.0,4.3
Did not take medication as prescribed to save money,Healthcare access and quality,150,Socioeconomic Characteristic,3,Employment status,18,18,Not employed - Has never worked,65,65,"Percent of population, crude",1,2023,2.2,0.8,4.6,-0.3999999999999999,3.8
Did not take medication as prescribed to save money,Healthcare access and quality,150,Socioeconomic Characteristic,3,Employment status,18,18,Not employed - Has never worked,65,65,"Percent of population, crude",1,2024,1.9,0.6,4.3,-0.30000000000000027,3.6999999999999997
Did not take medication as prescribed to save money,Healthcare access and quality,150,Socioeconomic Characteristic,3,Employment status,18,18,Not employed - Has worked previously,64,64,"Percent of population, crude",1,2019,9.5,8.8,10.3,,1.5
Did not take medication as prescribed to save money,Healthcare access and quality,150,Socioeconomic Characteristic,3,Employment status,18,18,Not employed - Has worked previously,64,64,"Percent of population, crude",1,2020,8.2,7.4,9.0,-1.3000000000000007,1.5999999999999996
Did not take medication as prescribed to save money,Healthcare access and quality,150,Socioeconomic Characteristic,3,Employment status,18,18,Not employed - Has worked previously,64,64,"Percent of population, crude",1,2021,6.6,6.0,7.2,-1.5999999999999996,1.2000000000000002
Did not take medication as prescribed to save money,Healthcare access and quality,150,Socioeconomic Characteristic,3,Employment status,18,18,Not employed - Has worked previously,64,64,"Percent of population, crude",1,2022,6.3,5.7,7.0,-0.2999999999999998,1.2999999999999998
Did not take medication as prescribed to save money,Healthcare access and quality,150,Socioeconomic Characteristic,3,Employment status,18,18,Not employed - Has worked previously,64,64,"Percent of population, crude",1,2023,8.1,7.4,8.8,1.7999999999999998,1.4000000000000004
Did not take medication as prescribed to save money,Healthcare access and quality,150,Socioeconomic Characteristic,3,Employment status,18,18,Not employed - Has worked previously,64,64,"Percent of population, crude",1,2024,6.8,6.2,7.4,-1.2999999999999998,1.2000000000000002
Did not take medication as prescribed to save money,Healthcare access and quality,150,Demographic Characteristic,1,Functioning difficulties status,5,5,With functioning difficulties,12,12,"Percent of population, crude",1,2019,12.6,11.8,13.4,,1.5999999999999996
Did not take medication as prescribed to save money,Healthcare access and quality,150,Demographic Characteristic,1,Functioning difficulties status,5,5,With functioning difficulties,12,12,"Percent of population, crude",1,2020,11.3,10.5,12.1,-1.299999999999999,1.5999999999999996
Did not take medication as prescribed to save money,Healthcare access and quality,150,Demographic Characteristic,1,Functioning difficulties status,5,5,With functioning difficulties,12,12,"Percent of population, crude",1,2021,9.5,8.8,10.3,-1.8000000000000007,1.5
Did not take medication as prescribed to save money,Healthcare access and quality,150,Demographic Characteristic,1,Functioning difficulties status,5,5,With functioning difficulties,12,12,"Percent of population, crude",1,2022,9.2,8.6,10.0,-0.3000000000000007,1.4000000000000004
Did not take medication as prescribed to save money,Healthcare access and quality,150,Demographic Characteristic,1,Functioning difficulties status,5,5,With functioning difficulties,12,12,"Percent of population, crude",1,2023,10.6,9.9,11.3,1.4000000000000004,1.4000000000000004
Did not take medication as prescribed to save money,Healthcare access and quality,150,Demographic Characteristic,1,Functioning difficulties status,5,5,With functioning difficulties,12,12,"Percent of population, crude",1,2024,10.6,9.9,11.3,0.0,1.4000000000000004
Did not take medication as prescribed to save money,Healthcare access and quality,150,Demographic Characteristic,1,Functioning difficulties status,5,5,Without functioning difficulties,13,13,"Percent of population, crude",1,2019,6.7,6.1,7.3,,1.2000000000000002
Did not take medication as prescribed to save money,Healthcare access and quality,150,Demographic Characteristic,1,Functioning difficulties status,5,5,Without functioning difficulties,13,13,"Percent of population, crude",1,2020,5.3,4.7,5.9,-1.4000000000000004,1.2000000000000002
Did not take medication as prescribed to save money,Healthcare access and quality,150,Demographic Characteristic,1,Functioning difficulties status,5,5,Without functioning difficulties,13,13,"Percent of population, crude",1,2021,3.8,3.3,4.3,-1.5,1.0
Did not take medication as prescribed to save money,Healthcare access and quality,150,Demographic Characteristic,1,Functioning difficulties status,5,5,Without functioning difficulties,13,13,"Percent of population, crude",1,2022,4.1,3.6,4.6,0.2999999999999998,0.9999999999999996
Did not take medication as prescribed to save money,Healthcare access and quality,150,Demographic Characteristic,1,Functioning difficulties status,5,5,Without functioning difficulties,13,13,"Percent of population, crude",1,2023,4.7,4.2,5.2,0.6000000000000005,1.0
Did not take medication as prescribed to save money,Healthcare access and quality,150,Demographic Characteristic,1,Functioning difficulties status,5,5,Without functioning difficulties,13,13,"Percent of population, crude",1,2024,4.6,4.1,5.1,-0.10000000000000053,1.0
Did not take medication as prescribed to save money,Healthcare access and quality,150,Socioeconomic Characteristic,3,Health insurance coverage: 65 years and older,19,19,Medicare Advantage,68,68,"Percent of population, crude",1,2019,6.4,5.3,7.7,,2.4000000000000004
Did not take medication as prescribed to save money,Healthcare access and quality,150,Socioeconomic Characteristic,3,Health insurance coverage: 65 years and older,19,19,Medicare Advantage,68,68,"Percent of population, crude",1,2020,5.1,4.1,6.2,-1.3000000000000007,2.1000000000000005
Did not take medication as prescribed to save money,Healthcare access and quality,150,Socioeconomic Characteristic,3,Health insurance coverage: 65 years and older,19,19,Medicare Advantage,68,68,"Percent of population, crude",1,2021,4.1,3.2,5.0,-1.0,1.7999999999999998
Did not take medication as prescribed to save money,Healthcare access and quality,150,Socioeconomic Characteristic,3,Health insurance coverage: 65 years and older,19,19,Medicare Advantage,68,68,"Percent of population, crude",1,2022,4.3,3.4,5.4,0.20000000000000018,2.0000000000000004
Did not take medication as prescribed to save money,Healthcare access and quality,150,Socioeconomic Characteristic,3,Health insurance coverage: 65 years and older,19,19,Medicare Advantage,68,68,"Percent of population, crude",1,2023,4.9,4.1,5.9,0.6000000000000005,1.8000000000000007
Did not take medication as prescribed to save money,Healthcare access and quality,150,Socioeconomic Characteristic,3,Health insurance coverage: 65 years and older,19,19,Medicare Advantage,68,68,"Percent of population, crude",1,2024,4.3,3.5,5.2,-0.6000000000000005,1.7000000000000002
Did not take medication as prescribed to save money,Healthcare access and quality,150,Socioeconomic Characteristic,3,Health insurance coverage: 65 years and older,19,19,Medicare and Medicaid,67,67,"Percent of population, crude",1,2019,3.3,1.7,5.5,,3.8
Did not take medication as prescribed to save money,Healthcare access and quality,150,Socioeconomic Characteristic,3,Health insurance coverage: 65 years and older,19,19,Medicare and Medicaid,67,67,"Percent of population, crude",1,2020,3.0,1.4,5.5,-0.2999999999999998,4.1
Did not take medication as prescribed to save money,Healthcare access and quality,150,Socioeconomic Characteristic,3,Health insurance coverage: 65 years and older,19,19,Medicare and Medicaid,67,67,"Percent of population, crude",1,2021,4.0,2.2,6.6,1.0,4.3999999999999995
Did not take medication as prescribed to save money,Healthcare access and quality,150,Socioeconomic Characteristic,3,Health insurance coverage: 65 years and older,19,19,Medicare and Medicaid,67,67,"Percent of population, crude",1,2022,3.0,1.6,5.1,-1.0,3.4999999999999996
Did not take medication as prescribed to save money,Healthcare access and quality,150,Socioeconomic Characteristic,3,Health insurance coverage: 65 years and older,19,19,Medicare and Medicaid,67,67,"Percent of population, crude",1,2023,3.3,2.1,4.8,0.2999999999999998,2.6999999999999997
Did not take medication as prescribed to save money,Healthcare access and quality,150,Socioeconomic Characteristic,3,Health insurance coverage: 65 years and older,19,19,Medicare and Medicaid,67,67,"Percent of population, crude",1,2024,3.6,2.3,5.2,0.30000000000000027,2.9000000000000004
Did not take medication as prescribed to save money,Healthcare access and quality,150,Socioeconomic Characteristic,3,Health insurance coverage: 65 years and older,19,19,Medicare only excluding Medicare Advantage,69,69,"Percent of population, crude",1,2019,7.5,5.7,9.6,,3.8999999999999995
Did not take medication as prescribed to save money,Healthcare access and quality,150,Socioeconomic Characteristic,3,Health insurance coverage: 65 years and older,19,19,Medicare only excluding Medicare Advantage,69,69,"Percent of population, crude",1,2020,6.9,5.0,9.2,-0.5999999999999996,4.199999999999999
Did not take medication as prescribed to save money,Healthcare access and quality,150,Socioeconomic Characteristic,3,Health insurance coverage: 65 years and older,19,19,Medicare only excluding Medicare Advantage,69,69,"Percent of population, crude",1,2021,5.7,4.1,7.8,-1.2000000000000002,3.7
Did not take medication as prescribed to save money,Healthcare access and quality,150,Socioeconomic Characteristic,3,Health insurance coverage: 65 years and older,19,19,Medicare only excluding Medicare Advantage,69,69,"Percent of population, crude",1,2022,6.3,4.3,8.7,0.5999999999999996,4.3999999999999995
Did not take medication as prescribed to save money,Healthcare access and quality,150,Socioeconomic Characteristic,3,Health insurance coverage: 65 years and older,19,19,Medicare only excluding Medicare Advantage,69,69,"Percent of population, crude",1,2023,6.7,4.9,8.8,0.40000000000000036,3.9000000000000004
Did not take medication as prescribed to save money,Healthcare access and quality,150,Socioeconomic Characteristic,3,Health insurance coverage: 65 years and older,19,19,Medicare only excluding Medicare Advantage,69,69,"Percent of population, crude",1,2024,4.4,3.0,6.3,-2.3,3.3
Did not take medication as prescribed to save money,Healthcare access and quality,150,Socioeconomic Characteristic,3,Health insurance coverage: 65 years and older,19,19,Other government coverage,70,70,"Percent of population, crude",1,2019,2.1,1.0,4.1,,3.0999999999999996
Did not take medication as prescribed to save money,Healthcare access and quality,150,Socioeconomic Characteristic,3,Health insurance coverage: 65 years and older,19,19,Other government coverage,70,70,"Percent of population, crude",1,2020,2.0,0.7,4.4,-0.10000000000000009,3.7
Did not take medication as prescribed to save money,Healthcare access and quality,150,Socioeconomic Characteristic,3,Health insurance coverage: 65 years and older,19,19,Other government coverage,70,70,"Percent of population, crude",1,2021,1.6,0.8,3.0,-0.3999999999999999,2.2
Did not take medication as prescribed to save money,Healthcare access and quality,150,Socioeconomic Characteristic,3,Health insurance coverage: 65 years and older,19,19,Other government coverage,70,70,"Percent of population, crude",1,2022,2.1,1.1,3.5,0.5,2.4
Did not take medication as prescribed to save money,Healthcare access and quality,150,Socioeconomic Characteristic,3,Health insurance coverage: 65 years and older,19,19,Other government coverage,70,70,"Percent of population, crude",1,2023,3.0,1.8,4.8,0.8999999999999999,3.0
Did not take medication as prescribed to save money,Healthcare access and quality,150,Socioeconomic Characteristic,3,Health insurance coverage: 65 years and older,19,19,Other government coverage,70,70,"Percent of population, crude",1,2024,1.4,0.7,2.6,-1.6,1.9000000000000001
Did not take medication as prescribed to save money,Healthcare access and quality,150,Socioeconomic Characteristic,3,Health insurance coverage: 65 years and older,19,19,Private,66,66,"Percent of population, crude",1,2019,4.7,3.9,5.6,,1.6999999999999997
Did not take medication as prescribed to save money,Healthcare access and quality,150,Socioeconomic Characteristic,3,Health insurance coverage: 65 years and older,19,19,Private,66,66,"Percent of population, crude",1,2020,3.5,2.8,4.2,-1.2000000000000002,1.4000000000000004
Did not take medication as prescribed to save money,Healthcare access and quality,150,Socioeconomic Characteristic,3,Health insurance coverage: 65 years and older,19,19,Private,66,66,"Percent of population, crude",1,2021,3.1,2.4,3.9,-0.3999999999999999,1.5
Did not take medication as prescribed to save money,Healthcare access and quality,150,Socioeconomic Characteristic,3,Health insurance coverage: 65 years and older,19,19,Private,66,66,"Percent of population, crude",1,2022,3.7,2.9,4.7,0.6000000000000001,1.8000000000000003
Did not take medication as prescribed to save money,Healthcare access and quality,150,Socioeconomic Characteristic,3,Health insurance coverage: 65 years and older,19,19,Private,66,66,"Percent of population, crude",1,2023,3.9,3.2,4.7,0.19999999999999973,1.5
Did not take medication as prescribed to save money,Healthcare access and quality,150,Socioeconomic Characteristic,3,Health insurance coverage: 65 years and older,19,19,Private,66,66,"Percent of population, crude",1,2024,3.8,3.0,4.7,-0.10000000000000009,1.7000000000000002
Did not take medication as prescribed to save money,Healthcare access and quality,150,Socioeconomic Characteristic,3,Health insurance coverage: Younger than 65 years,20,20,Medicaid or other state programs,73,73,"Percent of population, crude",1,2019,12.5,10.8,14.4,,3.5999999999999996
Did not take medication as prescribed to save money,Healthcare access and quality,150,Socioeconomic Characteristic,3,Health insurance coverage: Younger than 65 years,20,20,Medicaid or other state programs,73,73,"Percent of population, crude",1,2020,11.6,9.8,13.5,-0.9000000000000004,3.6999999999999993
Did not take medication as prescribed to save money,Healthcare access and quality,150,Socioeconomic Characteristic,3,Health insurance coverage: Younger than 65 years,20,20,Medicaid or other state programs,73,73,"Percent of population, crude",1,2021,8.0,6.7,9.5,-3.5999999999999996,2.8
Did not take medication as prescribed to save money,Healthcare access and quality,150,Socioeconomic Characteristic,3,Health insurance coverage: Younger than 65 years,20,20,Medicaid or other state programs,73,73,"Percent of population, crude",1,2022,9.5,8.1,11.1,1.5,3.0
Did not take medication as prescribed to save money,Healthcare access and quality,150,Socioeconomic Characteristic,3,Health insurance coverage: Younger than 65 years,20,20,Medicaid or other state programs,73,73,"Percent of population, crude",1,2023,9.7,8.3,11.2,0.1999999999999993,2.8999999999999986
Did not take medication as prescribed to save money,Healthcare access and quality,150,Socioeconomic Characteristic,3,Health insurance coverage: Younger than 65 years,20,20,Medicaid or other state programs,73,73,"Percent of population, crude",1,2024,8.8,7.5,10.3,-0.8999999999999986,2.8000000000000007
Did not take medication as prescribed to save money,Healthcare access and quality,150,Socioeconomic Characteristic,3,Health insurance coverage: Younger than 65 years,20,20,Other government coverage,74,74,"Percent of population, crude",1,2019,14.5,11.8,17.6,,5.800000000000001
Did not take medication as prescribed to save money,Healthcare access and quality,150,Socioeconomic Characteristic,3,Health insurance coverage: Younger than 65 years,20,20,Other government coverage,74,74,"Percent of population, crude",1,2020,13.2,10.7,16.0,-1.3000000000000007,5.300000000000001
Did not take medication as prescribed to save money,Healthcare access and quality,150,Socioeconomic Characteristic,3,Health insurance coverage: Younger than 65 years,20,20,Other government coverage,74,74,"Percent of population, crude",1,2021,11.5,8.8,14.6,-1.6999999999999993,5.799999999999999
Did not take medication as prescribed to save money,Healthcare access and quality,150,Socioeconomic Characteristic,3,Health insurance coverage: Younger than 65 years,20,20,Other government coverage,74,74,"Percent of population, crude",1,2022,9.3,7.1,11.9,-2.1999999999999993,4.800000000000001
Did not take medication as prescribed to save money,Healthcare access and quality,150,Socioeconomic Characteristic,3,Health insurance coverage: Younger than 65 years,20,20,Other government coverage,74,74,"Percent of population, crude",1,2023,13.2,10.3,16.5,3.8999999999999986,6.199999999999999
Did not take medication as prescribed to save money,Healthcare access and quality,150,Socioeconomic Characteristic,3,Health insurance coverage: Younger than 65 years,20,20,Other government coverage,74,74,"Percent of population, crude",1,2024,10.3,8.1,12.9,-2.8999999999999986,4.800000000000001
Did not take medication as prescribed to save money,Healthcare access and quality,150,Socioeconomic Characteristic,3,Health insurance coverage: Younger than 65 years,20,20,Private,72,72,"Percent of population, crude",1,2019,8.5,7.9,9.2,,1.299999999999999
Did not take medication as prescribed to save money,Healthcare access and quality,150,Socioeconomic Characteristic,3,Health insurance coverage: Younger than 65 years,20,20,Private,72,72,"Percent of population, crude",1,2020,6.8,6.2,7.4,-1.7000000000000002,1.2000000000000002
Did not take medication as prescribed to save money,Healthcare access and quality,150,Socioeconomic Characteristic,3,Health insurance coverage: Younger than 65 years,20,20,Private,72,72,"Percent of population, crude",1,2021,6.5,5.9,7.1,-0.2999999999999998,1.1999999999999993
Did not take medication as prescribed to save money,Healthcare access and quality,150,Socioeconomic Characteristic,3,Health insurance coverage: Younger than 65 years,20,20,Private,72,72,"Percent of population, crude",1,2022,6.3,5.7,6.9,-0.20000000000000018,1.2000000000000002
Did not take medication as prescribed to save money,Healthcare access and quality,150,Socioeconomic Characteristic,3,Health insurance coverage: Younger than 65 years,20,20,Private,72,72,"Percent of population, crude",1,2023,7.5,6.9,8.1,1.2000000000000002,1.1999999999999993
Did not take medication as prescribed to save money,Healthcare access and quality,150,Socioeconomic Characteristic,3,Health insurance coverage: Younger than 65 years,20,20,Private,72,72,"Percent of population, crude",1,2024,8.0,7.4,8.6,0.5,1.1999999999999993
Did not take medication as prescribed to save money,Healthcare access and quality,150,Socioeconomic Characteristic,3,Health insurance coverage: Younger than 65 years,20,20,Uninsured,75,75,"Percent of population, crude",1,2019,29.0,25.8,32.5,,6.699999999999999
Did not take medication as prescribed to save money,Healthcare access and quality,150,Socioeconomic Characteristic,3,Health insurance coverage: Younger than 65 years,20,20,Uninsured,75,75,"Percent of population, crude",1,2020,30.6,26.2,35.2,1.6000000000000014,9.000000000000004
Did not take medication as prescribed to save money,Healthcare access and quality,150,Socioeconomic Characteristic,3,Health insurance coverage: Younger than 65 years,20,20,Uninsured,75,75,"Percent of population, crude",1,2021,22.9,19.5,26.7,-7.700000000000003,7.199999999999999
Did not take medication as prescribed to save money,Healthcare access and quality,150,Socioeconomic Characteristic,3,Health insurance coverage: Younger than 65 years,20,20,Uninsured,75,75,"Percent of population, crude",1,2022,20.3,16.8,24.2,-2.599999999999998,7.399999999999999
Did not take medication as prescribed to save money,Healthcare access and quality,150,Socioeconomic Characteristic,3,Health insurance coverage: Younger than 65 years,20,20,Uninsured,75,75,"Percent of population, crude",1,2023,25.9,22.1,30.0,5.599999999999998,7.899999999999999
Did not take medication as prescribed to save money,Healthcare access and quality,150,Socioeconomic Characteristic,3,Health insurance coverage: Younger than 65 years,20,20,Uninsured,75,75,"Percent of population, crude",1,2024,25.8,22.5,29.4,-0.09999999999999787,6.899999999999999
Did not take medication as prescribed to save money,Healthcare access and quality,150,Demographic Characteristic,1,Marital status,6,6,Divorced or separated,15,15,"Percent of population, crude",1,2019,15.1,13.6,16.7,,3.0999999999999996
Did not take medication as prescribed to save money,Healthcare access and quality,150,Demographic Characteristic,1,Marital status,6,6,Divorced or separated,15,15,"Percent of population, crude",1,2020,12.0,10.5,13.7,-3.0999999999999996,3.1999999999999993
Did not take medication as prescribed to save money,Healthcare access and quality,150,Demographic Characteristic,1,Marital status,6,6,Divorced or separated,15,15,"Percent of population, crude",1,2021,9.6,8.3,10.9,-2.4000000000000004,2.5999999999999996
Did not take medication as prescribed to save money,Healthcare access and quality,150,Demographic Characteristic,1,Marital status,6,6,Divorced or separated,15,15,"Percent of population, crude",1,2022,9.4,8.2,10.7,-0.1999999999999993,2.5
Did not take medication as prescribed to save money,Healthcare access and quality,150,Demographic Characteristic,1,Marital status,6,6,Divorced or separated,15,15,"Percent of population, crude",1,2023,11.5,10.2,12.9,2.0999999999999996,2.700000000000001
Did not take medication as prescribed to save money,Healthcare access and quality,150,Demographic Characteristic,1,Marital status,6,6,Divorced or separated,15,15,"Percent of population, crude",1,2024,10.6,9.4,12.0,-0.9000000000000004,2.5999999999999996
Did not take medication as prescribed to save money,Healthcare access and quality,150,Demographic Characteristic,1,Marital status,6,6,Living with a partner,17,17,"Percent of population, crude",1,2019,14.5,12.3,17.0,,4.699999999999999
Did not take medication as prescribed to save money,Healthcare access and quality,150,Demographic Characteristic,1,Marital status,6,6,Living with a partner,17,17,"Percent of population, crude",1,2020,14.0,11.6,16.7,-0.5,5.1
Did not take medication as prescribed to save money,Healthcare access and quality,150,Demographic Characteristic,1,Marital status,6,6,Living with a partner,17,17,"Percent of population, crude",1,2021,9.3,7.5,11.3,-4.699999999999999,3.8000000000000007
Did not take medication as prescribed to save money,Healthcare access and quality,150,Demographic Characteristic,1,Marital status,6,6,Living with a partner,17,17,"Percent of population, crude",1,2022,10.9,8.9,13.2,1.5999999999999996,4.299999999999999
Did not take medication as prescribed to save money,Healthcare access and quality,150,Demographic Characteristic,1,Marital status,6,6,Living with a partner,17,17,"Percent of population, crude",1,2023,12.5,10.4,14.9,1.5999999999999996,4.5
Did not take medication as prescribed to save money,Healthcare access and quality,150,Demographic Characteristic,1,Marital status,6,6,Living with a partner,17,17,"Percent of population, crude",1,2024,10.4,8.7,12.4,-2.0999999999999996,3.700000000000001
Did not take medication as prescribed to save money,Healthcare access and quality,150,Demographic Characteristic,1,Marital status,6,6,Married,14,14,"Percent of population, crude",1,2019,8.2,7.5,8.8,,1.3000000000000007
Did not take medication as prescribed to save money,Healthcare access and quality,150,Demographic Characteristic,1,Marital status,6,6,Married,14,14,"Percent of population, crude",1,2020,6.5,5.9,7.2,-1.6999999999999993,1.2999999999999998
Did not take medication as prescribed to save money,Healthcare access and quality,150,Demographic Characteristic,1,Marital status,6,6,Married,14,14,"Percent of population, crude",1,2021,5.8,5.3,6.4,-0.7000000000000002,1.1000000000000005
Did not take medication as prescribed to save money,Healthcare access and quality,150,Demographic Characteristic,1,Marital status,6,6,Married,14,14,"Percent of population, crude",1,2022,5.2,4.6,5.8,-0.5999999999999996,1.2000000000000002
Did not take medication as prescribed to save money,Healthcare access and quality,150,Demographic Characteristic,1,Marital status,6,6,Married,14,14,"Percent of population, crude",1,2023,6.5,5.9,7.1,1.2999999999999998,1.1999999999999993
Did not take medication as prescribed to save money,Healthcare access and quality,150,Demographic Characteristic,1,Marital status,6,6,Married,14,14,"Percent of population, crude",1,2024,6.7,6.1,7.3,0.20000000000000018,1.2000000000000002
Did not take medication as prescribed to save money,Healthcare access and quality,150,Demographic Characteristic,1,Marital status,6,6,Never married,18,18,"Percent of population, crude",1,2019,9.6,8.4,10.9,,2.5
Did not take medication as prescribed to save money,Healthcare access and quality,150,Demographic Characteristic,1,Marital status,6,6,Never married,18,18,"Percent of population, crude",1,2020,9.9,8.5,11.4,0.3000000000000007,2.9000000000000004
Did not take medication as prescribed to save money,Healthcare access and quality,150,Demographic Characteristic,1,Marital status,6,6,Never married,18,18,"Percent of population, crude",1,2021,7.9,6.7,9.1,-2.0,2.3999999999999995
Did not take medication as prescribed to save money,Healthcare access and quality,150,Demographic Characteristic,1,Marital status,6,6,Never married,18,18,"Percent of population, crude",1,2022,8.4,7.3,9.6,0.5,2.3
Did not take medication as prescribed to save money,Healthcare access and quality,150,Demographic Characteristic,1,Marital status,6,6,Never married,18,18,"Percent of population, crude",1,2023,8.6,7.5,9.7,0.1999999999999993,2.1999999999999993
Did not take medication as prescribed to save money,Healthcare access and quality,150,Demographic Characteristic,1,Marital status,6,6,Never married,18,18,"Percent of population, crude",1,2024,9.0,7.9,10.2,0.40000000000000036,2.299999999999999
Did not take medication as prescribed to save money,Healthcare access and quality,150,Demographic Characteristic,1,Marital status,6,6,Widowed,16,16,"Percent of population, crude",1,2019,6.0,5.0,7.2,,2.2
Did not take medication as prescribed to save money,Healthcare access and quality,150,Demographic Characteristic,1,Marital status,6,6,Widowed,16,16,"Percent of population, crude",1,2020,5.8,4.4,7.5,-0.20000000000000018,3.0999999999999996
Did not take medication as prescribed to save money,Healthcare access and quality,150,Demographic Characteristic,1,Marital status,6,6,Widowed,16,16,"Percent of population, crude",1,2021,4.2,3.3,5.3,-1.5999999999999996,2.0
Did not take medication as prescribed to save money,Healthcare access and quality,150,Demographic Characteristic,1,Marital status,6,6,Widowed,16,16,"Percent of population, crude",1,2022,5.5,4.4,6.9,1.2999999999999998,2.5
Did not take medication as prescribed to save money,Healthcare access and quality,150,Demographic Characteristic,1,Marital status,6,6,Widowed,16,16,"Percent of population, crude",1,2023,4.5,3.6,5.5,-1.0,1.9
Did not take medication as prescribed to save money,Healthcare access and quality,150,Demographic Characteristic,1,Marital status,6,6,Widowed,16,16,"Percent of population, crude",1,2024,5.3,4.3,6.5,0.7999999999999998,2.2
Did not take medication as prescribed to save money,Healthcare access and quality,150,Geographic Characteristic,2,Metropolitan statistical area,13,13,Large MSA,41,41,"Percent of population, crude",1,2019,8.8,8.1,9.5,,1.4000000000000004
Did not take medication as prescribed to save money,Healthcare access and quality,150,Geographic Characteristic,2,Metropolitan statistical area,13,13,Large MSA,41,41,"Percent of population, crude",1,2020,8.2,7.5,9.0,-0.6000000000000014,1.5
Did not take medication as prescribed to save money,Healthcare access and quality,150,Geographic Characteristic,2,Metropolitan statistical area,13,13,Large MSA,41,41,"Percent of population, crude",1,2021,6.4,5.8,7.0,-1.799999999999999,1.2000000000000002
Did not take medication as prescribed to save money,Healthcare access and quality,150,Geographic Characteristic,2,Metropolitan statistical area,13,13,Large MSA,41,41,"Percent of population, crude",1,2022,6.7,6.1,7.3,0.2999999999999998,1.2000000000000002
Did not take medication as prescribed to save money,Healthcare access and quality,150,Geographic Characteristic,2,Metropolitan statistical area,13,13,Large MSA,41,41,"Percent of population, crude",1,2023,7.2,6.7,7.8,0.5,1.0999999999999996
Did not take medication as prescribed to save money,Healthcare access and quality,150,Geographic Characteristic,2,Metropolitan statistical area,13,13,Large MSA,41,41,"Percent of population, crude",1,2024,7.1,6.6,7.7,-0.10000000000000053,1.1000000000000005
Did not take medication as prescribed to save money,Healthcare access and quality,150,Geographic Characteristic,2,Metropolitan statistical area,13,13,Non-MSA,43,43,"Percent of population, crude",1,2019,11.0,9.7,12.4,,2.700000000000001
Did not take medication as prescribed to save money,Healthcare access and quality,150,Geographic Characteristic,2,Metropolitan statistical area,13,13,Non-MSA,43,43,"Percent of population, crude",1,2020,8.6,7.2,10.1,-2.4000000000000004,2.8999999999999995
Did not take medication as prescribed to save money,Healthcare access and quality,150,Geographic Characteristic,2,Metropolitan statistical area,13,13,Non-MSA,43,43,"Percent of population, crude",1,2021,8.3,7.2,9.6,-0.29999999999999893,2.3999999999999995
Did not take medication as prescribed to save money,Healthcare access and quality,150,Geographic Characteristic,2,Metropolitan statistical area,13,13,Non-MSA,43,43,"Percent of population, crude",1,2022,7.1,6.0,8.3,-1.200000000000001,2.3000000000000007
Did not take medication as prescribed to save money,Healthcare access and quality,150,Geographic Characteristic,2,Metropolitan statistical area,13,13,Non-MSA,43,43,"Percent of population, crude",1,2023,8.1,6.8,9.5,1.0,2.7
Did not take medication as prescribed to save money,Healthcare access and quality,150,Geographic Characteristic,2,Metropolitan statistical area,13,13,Non-MSA,43,43,"Percent of population, crude",1,2024,8.3,7.3,9.4,0.20000000000000107,2.1000000000000005
Did not take medication as prescribed to save money,Healthcare access and quality,150,Geographic Characteristic,2,Metropolitan statistical area,13,13,Small MSA,42,42,"Percent of population, crude",1,2019,10.3,9.4,11.4,,2.0
Did not take medication as prescribed to save money,Healthcare access and quality,150,Geographic Characteristic,2,Metropolitan statistical area,13,13,Small MSA,42,42,"Percent of population, crude",1,2020,8.3,7.5,9.1,-2.0,1.5999999999999996
Did not take medication as prescribed to save money,Healthcare access and quality,150,Geographic Characteristic,2,Metropolitan statistical area,13,13,Small MSA,42,42,"Percent of population, crude",1,2021,6.8,6.1,7.6,-1.5000000000000009,1.5
Did not take medication as prescribed to save money,Healthcare access and quality,150,Geographic Characteristic,2,Metropolitan statistical area,13,13,Small MSA,42,42,"Percent of population, crude",1,2022,6.8,6.1,7.6,0.0,1.5
Did not take medication as prescribed to save money,Healthcare access and quality,150,Geographic Characteristic,2,Metropolitan statistical area,13,13,Small MSA,42,42,"Percent of population, crude",1,2023,8.7,7.9,9.5,1.8999999999999995,1.5999999999999996
Did not take medication as prescribed to save money,Healthcare access and quality,150,Geographic Characteristic,2,Metropolitan statistical area,13,13,Small MSA,42,42,"Percent of population, crude",1,2024,8.7,7.9,9.5,0.0,1.5999999999999996
Did not take medication as prescribed to save money,Healthcare access and quality,150,Demographic Characteristic,1,Nativity,7,7,Foreign-born,20,20,"Percent of population, crude",1,2019,8.9,7.7,10.3,,2.6000000000000005
Did not take medication as prescribed to save money,Healthcare access and quality,150,Demographic Characteristic,1,Nativity,7,7,Foreign-born,20,20,"Percent of population, crude",1,2020,8.7,7.3,10.3,-0.20000000000000107,3.000000000000001
Did not take medication as prescribed to save money,Healthcare access and quality,150,Demographic Characteristic,1,Nativity,7,7,Foreign-born,20,20,"Percent of population, crude",1,2021,6.9,5.8,8.2,-1.799999999999999,2.3999999999999995
Did not take medication as prescribed to save money,Healthcare access and quality,150,Demographic Characteristic,1,Nativity,7,7,Foreign-born,20,20,"Percent of population, crude",1,2022,7.3,6.0,8.9,0.39999999999999947,2.9000000000000004
Did not take medication as prescribed to save money,Healthcare access and quality,150,Demographic Characteristic,1,Nativity,7,7,Foreign-born,20,20,"Percent of population, crude",1,2023,7.6,6.5,8.8,0.2999999999999998,2.3000000000000007
Did not take medication as prescribed to save money,Healthcare access and quality,150,Demographic Characteristic,1,Nativity,7,7,Foreign-born,20,20,"Percent of population, crude",1,2024,6.6,5.6,7.7,-1.0,2.1000000000000005
Did not take medication as prescribed to save money,Healthcare access and quality,150,Demographic Characteristic,1,Nativity,7,7,U.S.-born,19,19,"Percent of population, crude",1,2019,9.7,9.1,10.2,,1.0999999999999996
Did not take medication as prescribed to save money,Healthcare access and quality,150,Demographic Characteristic,1,Nativity,7,7,U.S.-born,19,19,"Percent of population, crude",1,2020,8.2,7.6,8.7,-1.5,1.0999999999999996
Did not take medication as prescribed to save money,Healthcare access and quality,150,Demographic Characteristic,1,Nativity,7,7,U.S.-born,19,19,"Percent of population, crude",1,2021,6.7,6.2,7.2,-1.4999999999999991,1.0
Did not take medication as prescribed to save money,Healthcare access and quality,150,Demographic Characteristic,1,Nativity,7,7,U.S.-born,19,19,"Percent of population, crude",1,2022,6.6,6.2,7.1,-0.10000000000000053,0.8999999999999995
Did not take medication as prescribed to save money,Healthcare access and quality,150,Demographic Characteristic,1,Nativity,7,7,U.S.-born,19,19,"Percent of population, crude",1,2023,7.8,7.3,8.3,1.2000000000000002,1.0000000000000009
Did not take medication as prescribed to save money,Healthcare access and quality,150,Demographic Characteristic,1,Nativity,7,7,U.S.-born,19,19,"Percent of population, crude",1,2024,8.0,7.5,8.4,0.20000000000000018,0.9000000000000004
Did not take medication as prescribed to save money,Healthcare access and quality,150,Socioeconomic Characteristic,3,Poverty level,21,21,100% to <200% FPL,77,77,"Percent of population, crude",1,2019,16.1,14.6,17.7,,3.0999999999999996
Did not take medication as prescribed to save money,Healthcare access and quality,150,Socioeconomic Characteristic,3,Poverty level,21,21,100% to <200% FPL,77,77,"Percent of population, crude",1,2020,13.9,12.4,15.5,-2.200000000000001,3.0999999999999996
Did not take medication as prescribed to save money,Healthcare access and quality,150,Socioeconomic Characteristic,3,Poverty level,21,21,100% to <200% FPL,77,77,"Percent of population, crude",1,2021,10.8,9.4,12.2,-3.0999999999999996,2.799999999999999
Did not take medication as prescribed to save money,Healthcare access and quality,150,Socioeconomic Characteristic,3,Poverty level,21,21,100% to <200% FPL,77,77,"Percent of population, crude",1,2022,11.7,10.3,13.1,0.8999999999999986,2.799999999999999
Did not take medication as prescribed to save money,Healthcare access and quality,150,Socioeconomic Characteristic,3,Poverty level,21,21,100% to <200% FPL,77,77,"Percent of population, crude",1,2023,11.6,10.4,13.0,-0.09999999999999964,2.5999999999999996
Did not take medication as prescribed to save money,Healthcare access and quality,150,Socioeconomic Characteristic,3,Poverty level,21,21,100% to <200% FPL,77,77,"Percent of population, crude",1,2024,11.2,10.0,12.6,-0.40000000000000036,2.5999999999999996
Did not take medication as prescribed to save money,Healthcare access and quality,150,Socioeconomic Characteristic,3,Poverty level,21,21,<100% FPL,76,76,"Percent of population, crude",1,2019,15.4,13.5,17.4,,3.8999999999999986
Did not take medication as prescribed to save money,Healthcare access and quality,150,Socioeconomic Characteristic,3,Poverty level,21,21,<100% FPL,76,76,"Percent of population, crude",1,2020,13.4,11.2,15.9,-2.0,4.700000000000001
Did not take medication as prescribed to save money,Healthcare access and quality,150,Socioeconomic Characteristic,3,Poverty level,21,21,<100% FPL,76,76,"Percent of population, crude",1,2021,12.0,10.1,14.2,-1.4000000000000004,4.1
Did not take medication as prescribed to save money,Healthcare access and quality,150,Socioeconomic Characteristic,3,Poverty level,21,21,<100% FPL,76,76,"Percent of population, crude",1,2022,11.6,9.7,13.8,-0.40000000000000036,4.100000000000001
Did not take medication as prescribed to save money,Healthcare access and quality,150,Socioeconomic Characteristic,3,Poverty level,21,21,<100% FPL,76,76,"Percent of population, crude",1,2023,13.1,11.3,15.0,1.5,3.6999999999999993
Did not take medication as prescribed to save money,Healthcare access and quality,150,Socioeconomic Characteristic,3,Poverty level,21,21,<100% FPL,76,76,"Percent of population, crude",1,2024,11.7,9.9,13.7,-1.4000000000000004,3.799999999999999
Did not take medication as prescribed to save money,Healthcare access and quality,150,Socioeconomic Characteristic,3,Poverty level,21,21,≥200% FPL,78,78,"Percent of population, crude",1,2019,7.1,6.6,7.7,,1.1000000000000005
Did not take medication as prescribed to save money,Healthcare access and quality,150,Socioeconomic Characteristic,3,Poverty level,21,21,≥200% FPL,78,78,"Percent of population, crude",1,2020,6.3,5.8,6.8,-0.7999999999999998,1.0
Did not take medication as prescribed to save money,Healthcare access and quality,150,Socioeconomic Characteristic,3,Poverty level,21,21,≥200% FPL,78,78,"Percent of population, crude",1,2021,5.3,4.8,5.7,-1.0,0.9000000000000004
Did not take medication as prescribed to save money,Healthcare access and quality,150,Socioeconomic Characteristic,3,Poverty level,21,21,≥200% FPL,78,78,"Percent of population, crude",1,2022,5.0,4.6,5.5,-0.2999999999999998,0.9000000000000004
Did not take medication as prescribed to save money,Healthcare access and quality,150,Socioeconomic Characteristic,3,Poverty level,21,21,≥200% FPL,78,78,"Percent of population, crude",1,2023,6.2,5.7,6.7,1.2000000000000002,1.0
Did not take medication as prescribed to save money,Healthcare access and quality,150,Socioeconomic Characteristic,3,Poverty level,21,21,≥200% FPL,78,78,"Percent of population, crude",1,2024,6.5,6.1,7.0,0.2999999999999998,0.9000000000000004
Did not take medication as prescribed to save money,Healthcare access and quality,150,Demographic Characteristic,1,Race,8,8,American Indian and Alaska Native and White,26,26,"Percent of population, crude",1,2019,19.3,11.6,29.2,,17.6
Did not take medication as prescribed to save money,Healthcare access and quality,150,Demographic Characteristic,1,Race,8,8,American Indian and Alaska Native and White,26,26,"Percent of population, crude",1,2020,14.9,8.7,23.0,-4.4,14.3
Did not take medication as prescribed to save money,Healthcare access and quality,150,Demographic Characteristic,1,Race,8,8,American Indian and Alaska Native and White,26,26,"Percent of population, crude",1,2021,12.9,6.7,21.9,-2.0,15.2
Did not take medication as prescribed to save money,Healthcare access and quality,150,Demographic Characteristic,1,Race,8,8,American Indian and Alaska Native and White,26,26,"Percent of population, crude",1,2022,16.1,8.3,26.9,3.200000000000001,18.599999999999998
Did not take medication as prescribed to save money,Healthcare access and quality,150,Demographic Characteristic,1,Race,8,8,American Indian and Alaska Native and White,26,26,"Percent of population, crude",1,2023,14.4,8.7,22.0,-1.700000000000001,13.3
Did not take medication as prescribed to save money,Healthcare access and quality,150,Demographic Characteristic,1,Race,8,8,American Indian and Alaska Native and White,26,26,"Percent of population, crude",1,2024,6.2,3.2,10.6,-8.2,7.3999999999999995
Did not take medication as prescribed to save money,Healthcare access and quality,150,Demographic Characteristic,1,Race,8,8,American Indian and Alaska Native only,21,21,"Percent of population, crude",1,2019,11.6,6.6,18.5,,11.9
Did not take medication as prescribed to save money,Healthcare access and quality,150,Demographic Characteristic,1,Race,8,8,American Indian and Alaska Native only,21,21,"Percent of population, crude",1,2020,11.6,6.1,19.5,0.0,13.4
Did not take medication as prescribed to save money,Healthcare access and quality,150,Demographic Characteristic,1,Race,8,8,American Indian and Alaska Native only,21,21,"Percent of population, crude",1,2023,9.6,5.2,16.0,-2.0,10.8
Did not take medication as prescribed to save money,Healthcare access and quality,150,Demographic Characteristic,1,Race,8,8,American Indian and Alaska Native only,21,21,"Percent of population, crude",1,2024,8.3,4.5,13.8,-1.299999999999999,9.3
Did not take medication as prescribed to save money,Healthcare access and quality,150,Demographic Characteristic,1,Race,8,8,Asian only,22,22,"Percent of population, crude",1,2019,5.1,3.6,7.0,,3.4
Did not take medication as prescribed to save money,Healthcare access and quality,150,Demographic Characteristic,1,Race,8,8,Asian only,22,22,"Percent of population, crude",1,2020,5.0,3.2,7.5,-0.09999999999999964,4.3
Did not take medication as prescribed to save money,Healthcare access and quality,150,Demographic Characteristic,1,Race,8,8,Asian only,22,22,"Percent of population, crude",1,2021,5.1,3.5,7.1,0.09999999999999964,3.5999999999999996
Did not take medication as prescribed to save money,Healthcare access and quality,150,Demographic Characteristic,1,Race,8,8,Asian only,22,22,"Percent of population, crude",1,2022,4.3,2.9,6.2,-0.7999999999999998,3.3000000000000003
Did not take medication as prescribed to save money,Healthcare access and quality,150,Demographic Characteristic,1,Race,8,8,Asian only,22,22,"Percent of population, crude",1,2023,4.9,3.5,6.8,0.6000000000000005,3.3
Did not take medication as prescribed to save money,Healthcare access and quality,150,Demographic Characteristic,1,Race,8,8,Asian only,22,22,"Percent of population, crude",1,2024,4.4,3.1,6.1,-0.5,2.9999999999999996
Did not take medication as prescribed to save money,Healthcare access and quality,150,Demographic Characteristic,1,Race,8,8,Black and White,27,27,"Percent of population, crude",1,2021,13.6,6.5,24.1,,17.6
Did not take medication as prescribed to save money,Healthcare access and quality,150,Demographic Characteristic,1,Race,8,8,Black and White,27,27,"Percent of population, crude",1,2024,18.6,10.4,29.5,5.000000000000002,19.1
Did not take medication as prescribed to save money,Healthcare access and quality,150,Demographic Characteristic,1,Race,8,8,Black only,23,23,"Percent of population, crude",1,2019,13.0,11.4,14.8,,3.4000000000000004
Did not take medication as prescribed to save money,Healthcare access and quality,150,Demographic Characteristic,1,Race,8,8,Black only,23,23,"Percent of population, crude",1,2020,11.1,9.4,12.9,-1.9000000000000004,3.5
Did not take medication as prescribed to save money,Healthcare access and quality,150,Demographic Characteristic,1,Race,8,8,Black only,23,23,"Percent of population, crude",1,2021,9.3,7.8,10.9,-1.799999999999999,3.1000000000000005
Did not take medication as prescribed to save money,Healthcare access and quality,150,Demographic Characteristic,1,Race,8,8,Black only,23,23,"Percent of population, crude",1,2022,8.2,6.9,9.6,-1.1000000000000014,2.6999999999999993
Did not take medication as prescribed to save money,Healthcare access and quality,150,Demographic Characteristic,1,Race,8,8,Black only,23,23,"Percent of population, crude",1,2023,11.1,9.5,12.8,2.9000000000000004,3.3000000000000007
Did not take medication as prescribed to save money,Healthcare access and quality,150,Demographic Characteristic,1,Race,8,8,Black only,23,23,"Percent of population, crude",1,2024,10.2,8.8,11.8,-0.9000000000000004,3.0
Did not take medication as prescribed to save money,Healthcare access and quality,150,Demographic Characteristic,1,Race,8,8,Native Hawaiian or Other Pacific Islander only,24,24,"Percent of population, crude",1,2021,21.5,10.0,37.6,,27.6
Did not take medication as prescribed to save money,Healthcare access and quality,150,Demographic Characteristic,1,Race,8,8,Native Hawaiian or Other Pacific Islander only,24,24,"Percent of population, crude",1,2024,19.1,9.4,32.6,-2.3999999999999986,23.200000000000003
Did not take medication as prescribed to save money,Healthcare access and quality,150,Demographic Characteristic,1,Race,8,8,White only,25,25,"Percent of population, crude",1,2019,9.1,8.6,9.7,,1.0999999999999996
Did not take medication as prescribed to save money,Healthcare access and quality,150,Demographic Characteristic,1,Race,8,8,White only,25,25,"Percent of population, crude",1,2020,7.6,7.1,8.2,-1.5,1.0999999999999996
Did not take medication as prescribed to save money,Healthcare access and quality,150,Demographic Characteristic,1,Race,8,8,White only,25,25,"Percent of population, crude",1,2021,6.3,5.9,6.8,-1.2999999999999998,0.8999999999999995
Did not take medication as prescribed to save money,Healthcare access and quality,150,Demographic Characteristic,1,Race,8,8,White only,25,25,"Percent of population, crude",1,2022,6.4,5.9,6.9,0.10000000000000053,1.0
Did not take medication as prescribed to save money,Healthcare access and quality,150,Demographic Characteristic,1,Race,8,8,White only,25,25,"Percent of population, crude",1,2023,7.2,6.8,7.7,0.7999999999999998,0.9000000000000004
Did not take medication as prescribed to save money,Healthcare access and quality,150,Demographic Characteristic,1,Race,8,8,White only,25,25,"Percent of population, crude",1,2024,7.5,7.0,8.0,0.2999999999999998,1.0
Did not take medication as prescribed to save money,Healthcare access and quality,150,Demographic Characteristic,1,Race and Hispanic origin,9,9,"All races, Hispanic",28,28,"Percent of population, crude",1,2019,11.8,10.2,13.5,,3.3000000000000007
Did not take medication as prescribed to save money,Healthcare access and quality,150,Demographic Characteristic,1,Race and Hispanic origin,9,9,"All races, Hispanic",28,28,"Percent of population, crude",1,2020,12.4,10.5,14.5,0.5999999999999996,4.0
Did not take medication as prescribed to save money,Healthcare access and quality,150,Demographic Characteristic,1,Race and Hispanic origin,9,9,"All races, Hispanic",28,28,"Percent of population, crude",1,2021,8.5,7.2,10.0,-3.9000000000000004,2.8
Did not take medication as prescribed to save money,Healthcare access and quality,150,Demographic Characteristic,1,Race and Hispanic origin,9,9,"All races, Hispanic",28,28,"Percent of population, crude",1,2022,9.5,8.1,11.2,1.0,3.0999999999999996
Did not take medication as prescribed to save money,Healthcare access and quality,150,Demographic Characteristic,1,Race and Hispanic origin,9,9,"All races, Hispanic",28,28,"Percent of population, crude",1,2023,9.7,8.5,11.1,0.1999999999999993,2.5999999999999996
Did not take medication as prescribed to save money,Healthcare access and quality,150,Demographic Characteristic,1,Race and Hispanic origin,9,9,"All races, Hispanic",28,28,"Percent of population, crude",1,2024,8.5,7.4,9.8,-1.1999999999999993,2.4000000000000004
Did not take medication as prescribed to save money,Healthcare access and quality,150,Demographic Characteristic,1,Race and Hispanic origin,9,9,"All races, Hispanic, Mexican",29,29,"Percent of population, crude",1,2019,12.1,9.9,14.6,,4.699999999999999
Did not take medication as prescribed to save money,Healthcare access and quality,150,Demographic Characteristic,1,Race and Hispanic origin,9,9,"All races, Hispanic, Mexican",29,29,"Percent of population, crude",1,2020,12.9,10.3,15.9,0.8000000000000007,5.6
Did not take medication as prescribed to save money,Healthcare access and quality,150,Demographic Characteristic,1,Race and Hispanic origin,9,9,"All races, Hispanic, Mexican",29,29,"Percent of population, crude",1,2021,8.5,6.7,10.5,-4.4,3.8
Did not take medication as prescribed to save money,Healthcare access and quality,150,Demographic Characteristic,1,Race and Hispanic origin,9,9,"All races, Hispanic, Mexican",29,29,"Percent of population, crude",1,2022,10.2,8.2,12.5,1.6999999999999993,4.300000000000001
Did not take medication as prescribed to save money,Healthcare access and quality,150,Demographic Characteristic,1,Race and Hispanic origin,9,9,"All races, Hispanic, Mexican",29,29,"Percent of population, crude",1,2023,10.9,9.2,12.8,0.7000000000000011,3.6000000000000014
Did not take medication as prescribed to save money,Healthcare access and quality,150,Demographic Characteristic,1,Race and Hispanic origin,9,9,"All races, Hispanic, Mexican",29,29,"Percent of population, crude",1,2024,9.1,7.5,10.9,-1.8000000000000007,3.4000000000000004
Did not take medication as prescribed to save money,Healthcare access and quality,150,Demographic Characteristic,1,Race and Hispanic origin,9,9,"All races, non-Hispanic",30,30,"Percent of population, crude",1,2019,9.3,8.8,9.8,,1.0
Did not take medication as prescribed to save money,Healthcare access and quality,150,Demographic Characteristic,1,Race and Hispanic origin,9,9,"All races, non-Hispanic",30,30,"Percent of population, crude",1,2020,7.7,7.2,8.2,-1.6000000000000005,0.9999999999999991
Did not take medication as prescribed to save money,Healthcare access and quality,150,Demographic Characteristic,1,Race and Hispanic origin,9,9,"All races, non-Hispanic",30,30,"Percent of population, crude",1,2021,6.5,6.1,7.0,-1.2000000000000002,0.9000000000000004
Did not take medication as prescribed to save money,Healthcare access and quality,150,Demographic Characteristic,1,Race and Hispanic origin,9,9,"All races, non-Hispanic",30,30,"Percent of population, crude",1,2022,6.3,5.9,6.8,-0.20000000000000018,0.8999999999999995
Did not take medication as prescribed to save money,Healthcare access and quality,150,Demographic Characteristic,1,Race and Hispanic origin,9,9,"All races, non-Hispanic",30,30,"Percent of population, crude",1,2023,7.5,7.0,8.0,1.2000000000000002,1.0
Did not take medication as prescribed to save money,Healthcare access and quality,150,Demographic Characteristic,1,Race and Hispanic origin,9,9,"All races, non-Hispanic",30,30,"Percent of population, crude",1,2024,7.7,7.2,8.1,0.20000000000000018,0.8999999999999995
Did not take medication as prescribed to save money,Healthcare access and quality,150,Demographic Characteristic,1,Race and Hispanic origin,9,9,"Black only, non-Hispanic",31,31,"Percent of population, crude",1,2019,13.2,11.5,15.0,,3.5
Did not take medication as prescribed to save money,Healthcare access and quality,150,Demographic Characteristic,1,Race and Hispanic origin,9,9,"Black only, non-Hispanic",31,31,"Percent of population, crude",1,2020,11.1,9.5,13.0,-2.0999999999999996,3.5
Did not take medication as prescribed to save money,Healthcare access and quality,150,Demographic Characteristic,1,Race and Hispanic origin,9,9,"Black only, non-Hispanic",31,31,"Percent of population, crude",1,2021,9.3,7.9,11.0,-1.799999999999999,3.0999999999999996
Did not take medication as prescribed to save money,Healthcare access and quality,150,Demographic Characteristic,1,Race and Hispanic origin,9,9,"Black only, non-Hispanic",31,31,"Percent of population, crude",1,2022,8.0,6.7,9.5,-1.3000000000000007,2.8
Did not take medication as prescribed to save money,Healthcare access and quality,150,Demographic Characteristic,1,Race and Hispanic origin,9,9,"Black only, non-Hispanic",31,31,"Percent of population, crude",1,2023,11.0,9.4,12.8,3.0,3.4000000000000004
Did not take medication as prescribed to save money,Healthcare access and quality,150,Demographic Characteristic,1,Race and Hispanic origin,9,9,"Black only, non-Hispanic",31,31,"Percent of population, crude",1,2024,10.0,8.6,11.5,-1.0,2.9000000000000004
Did not take medication as prescribed to save money,Healthcare access and quality,150,Demographic Characteristic,1,Race and Hispanic origin,9,9,"Other races, non-Hispanic",33,33,"Percent of population, crude",1,2019,7.5,6.0,9.2,,3.1999999999999993
Did not take medication as prescribed to save money,Healthcare access and quality,150,Demographic Characteristic,1,Race and Hispanic origin,9,9,"Other races, non-Hispanic",33,33,"Percent of population, crude",1,2020,7.3,5.5,9.5,-0.20000000000000018,4.0
Did not take medication as prescribed to save money,Healthcare access and quality,150,Demographic Characteristic,1,Race and Hispanic origin,9,9,"Other races, non-Hispanic",33,33,"Percent of population, crude",1,2021,6.8,5.4,8.5,-0.5,3.0999999999999996
Did not take medication as prescribed to save money,Healthcare access and quality,150,Demographic Characteristic,1,Race and Hispanic origin,9,9,"Other races, non-Hispanic",33,33,"Percent of population, crude",1,2022,5.8,4.4,7.5,-1.0,3.0999999999999996
Did not take medication as prescribed to save money,Healthcare access and quality,150,Demographic Characteristic,1,Race and Hispanic origin,9,9,"Other races, non-Hispanic",33,33,"Percent of population, crude",1,2023,6.9,5.5,8.6,1.1000000000000005,3.0999999999999996
Did not take medication as prescribed to save money,Healthcare access and quality,150,Demographic Characteristic,1,Race and Hispanic origin,9,9,"Other races, non-Hispanic",33,33,"Percent of population, crude",1,2024,6.8,5.5,8.4,-0.10000000000000053,2.9000000000000004
Did not take medication as prescribed to save money,Healthcare access and quality,150,Demographic Characteristic,1,Race and Hispanic origin,9,9,"White only, non-Hispanic",32,32,"Percent of population, crude",1,2019,8.9,8.3,9.5,,1.1999999999999993
Did not take medication as prescribed to save money,Healthcare access and quality,150,Demographic Characteristic,1,Race and Hispanic origin,9,9,"White only, non-Hispanic",32,32,"Percent of population, crude",1,2020,7.2,6.7,7.7,-1.7000000000000002,1.0
Did not take medication as prescribed to save money,Healthcare access and quality,150,Demographic Characteristic,1,Race and Hispanic origin,9,9,"White only, non-Hispanic",32,32,"Percent of population, crude",1,2021,6.1,5.6,6.6,-1.1000000000000005,1.0
Did not take medication as prescribed to save money,Healthcare access and quality,150,Demographic Characteristic,1,Race and Hispanic origin,9,9,"White only, non-Hispanic",32,32,"Percent of population, crude",1,2022,6.1,5.6,6.6,0.0,1.0
Did not take medication as prescribed to save money,Healthcare access and quality,150,Demographic Characteristic,1,Race and Hispanic origin,9,9,"White only, non-Hispanic",32,32,"Percent of population, crude",1,2023,6.9,6.5,7.5,0.8000000000000007,1.0
Did not take medication as prescribed to save money,Healthcare access and quality,150,Demographic Characteristic,1,Race and Hispanic origin,9,9,"White only, non-Hispanic",32,32,"Percent of population, crude",1,2024,7.4,6.9,7.9,0.5,1.0
Did not take medication as prescribed to save money,Healthcare access and quality,150,Geographic Characteristic,2,Region,14,14,Midwest,45,45,"Percent of population, crude",1,2019,10.0,8.9,11.1,,2.1999999999999993
Did not take medication as prescribed to save money,Healthcare access and quality,150,Geographic Characteristic,2,Region,14,14,Midwest,45,45,"Percent of population, crude",1,2020,7.7,6.7,8.8,-2.3,2.1000000000000005
Did not take medication as prescribed to save money,Healthcare access and quality,150,Geographic Characteristic,2,Region,14,14,Midwest,45,45,"Percent of population, crude",1,2021,6.4,5.6,7.3,-1.2999999999999998,1.7000000000000002
Did not take medication as prescribed to save money,Healthcare access and quality,150,Geographic Characteristic,2,Region,14,14,Midwest,45,45,"Percent of population, crude",1,2022,6.5,5.6,7.5,0.09999999999999964,1.9000000000000004
Did not take medication as prescribed to save money,Healthcare access and quality,150,Geographic Characteristic,2,Region,14,14,Midwest,45,45,"Percent of population, crude",1,2023,7.4,6.5,8.3,0.9000000000000004,1.8000000000000007
Did not take medication as prescribed to save money,Healthcare access and quality,150,Geographic Characteristic,2,Region,14,14,Midwest,45,45,"Percent of population, crude",1,2024,7.4,6.6,8.4,0.0,1.8000000000000007
Did not take medication as prescribed to save money,Healthcare access and quality,150,Geographic Characteristic,2,Region,14,14,Northeast,44,44,"Percent of population, crude",1,2019,6.5,5.6,7.5,,1.9000000000000004
Did not take medication as prescribed to save money,Healthcare access and quality,150,Geographic Characteristic,2,Region,14,14,Northeast,44,44,"Percent of population, crude",1,2020,6.0,5.1,7.0,-0.5,1.9000000000000004
Did not take medication as prescribed to save money,Healthcare access and quality,150,Geographic Characteristic,2,Region,14,14,Northeast,44,44,"Percent of population, crude",1,2021,4.8,4.0,5.7,-1.2000000000000002,1.7000000000000002
Did not take medication as prescribed to save money,Healthcare access and quality,150,Geographic Characteristic,2,Region,14,14,Northeast,44,44,"Percent of population, crude",1,2022,5.5,4.6,6.5,0.7000000000000002,1.9000000000000004
Did not take medication as prescribed to save money,Healthcare access and quality,150,Geographic Characteristic,2,Region,14,14,Northeast,44,44,"Percent of population, crude",1,2023,5.1,4.2,6.0,-0.40000000000000036,1.7999999999999998
Did not take medication as prescribed to save money,Healthcare access and quality,150,Geographic Characteristic,2,Region,14,14,Northeast,44,44,"Percent of population, crude",1,2024,5.6,4.8,6.5,0.5,1.7000000000000002
Did not take medication as prescribed to save money,Healthcare access and quality,150,Geographic Characteristic,2,Region,14,14,South,46,46,"Percent of population, crude",1,2019,11.6,10.7,12.5,,1.8000000000000007
Did not take medication as prescribed to save money,Healthcare access and quality,150,Geographic Characteristic,2,Region,14,14,South,46,46,"Percent of population, crude",1,2020,9.9,9.0,10.8,-1.6999999999999993,1.8000000000000007
Did not take medication as prescribed to save money,Healthcare access and quality,150,Geographic Characteristic,2,Region,14,14,South,46,46,"Percent of population, crude",1,2021,8.2,7.4,9.1,-1.700000000000001,1.6999999999999993
Did not take medication as prescribed to save money,Healthcare access and quality,150,Geographic Characteristic,2,Region,14,14,South,46,46,"Percent of population, crude",1,2022,8.0,7.3,8.9,-0.1999999999999993,1.6000000000000005
Did not take medication as prescribed to save money,Healthcare access and quality,150,Geographic Characteristic,2,Region,14,14,South,46,46,"Percent of population, crude",1,2023,9.7,8.9,10.5,1.6999999999999993,1.5999999999999996
Did not take medication as prescribed to save money,Healthcare access and quality,150,Geographic Characteristic,2,Region,14,14,South,46,46,"Percent of population, crude",1,2024,9.3,8.5,10.0,-0.3999999999999986,1.5
Did not take medication as prescribed to save money,Healthcare access and quality,150,Geographic Characteristic,2,Region,14,14,West,47,47,"Percent of population, crude",1,2019,8.4,7.4,9.5,,2.0999999999999996
Did not take medication as prescribed to save money,Healthcare access and quality,150,Geographic Characteristic,2,Region,14,14,West,47,47,"Percent of population, crude",1,2020,7.9,6.8,9.0,-0.5,2.2
Did not take medication as prescribed to save money,Healthcare access and quality,150,Geographic Characteristic,2,Region,14,14,West,47,47,"Percent of population, crude",1,2021,6.3,5.5,7.2,-1.6000000000000005,1.7000000000000002
Did not take medication as prescribed to save money,Healthcare access and quality,150,Geographic Characteristic,2,Region,14,14,West,47,47,"Percent of population, crude",1,2022,5.9,5.1,6.8,-0.39999999999999947,1.7000000000000002
Did not take medication as prescribed to save money,Healthcare access and quality,150,Geographic Characteristic,2,Region,14,14,West,47,47,"Percent of population, crude",1,2023,7.1,6.2,8.0,1.1999999999999993,1.7999999999999998
Did not take medication as prescribed to save money,Healthcare access and quality,150,Geographic Characteristic,2,Region,14,14,West,47,47,"Percent of population, crude",1,2024,7.3,6.5,8.1,0.20000000000000018,1.5999999999999996
Did not take medication as prescribed to save money,Healthcare access and quality,150,Demographic Characteristic,1,Sex,10,10,Female,34,34,"Percent of population, crude",1,2019,10.9,10.3,11.7,,1.3999999999999986
Did not take medication as prescribed to save money,Healthcare access and quality,150,Demographic Characteristic,1,Sex,10,10,Female,34,34,"Percent of population, crude",1,2020,9.3,8.6,10.0,-1.5999999999999996,1.4000000000000004
Did not take medication as prescribed to save money,Healthcare access and quality,150,Demographic Characteristic,1,Sex,10,10,Female,34,34,"Percent of population, crude",1,2021,7.5,7.0,8.1,-1.8000000000000007,1.0999999999999996
Did not take medication as prescribed to save money,Healthcare access and quality,150,Demographic Characteristic,1,Sex,10,10,Female,34,34,"Percent of population, crude",1,2022,7.5,6.9,8.1,0.0,1.1999999999999993
Did not take medication as prescribed to save money,Healthcare access and quality,150,Demographic Characteristic,1,Sex,10,10,Female,34,34,"Percent of population, crude",1,2023,8.7,8.1,9.3,1.1999999999999993,1.200000000000001
Did not take medication as prescribed to save money,Healthcare access and quality,150,Demographic Characteristic,1,Sex,10,10,Female,34,34,"Percent of population, crude",1,2024,8.9,8.4,9.6,0.20000000000000107,1.1999999999999993
Did not take medication as prescribed to save money,Healthcare access and quality,150,Demographic Characteristic,1,Sex,10,10,Male,35,35,"Percent of population, crude",1,2019,7.9,7.2,8.6,,1.3999999999999995
Did not take medication as prescribed to save money,Healthcare access and quality,150,Demographic Characteristic,1,Sex,10,10,Male,35,35,"Percent of population, crude",1,2020,7.0,6.3,7.8,-0.9000000000000004,1.5
Did not take medication as prescribed to save money,Healthcare access and quality,150,Demographic Characteristic,1,Sex,10,10,Male,35,35,"Percent of population, crude",1,2021,5.8,5.2,6.5,-1.2000000000000002,1.2999999999999998
Did not take medication as prescribed to save money,Healthcare access and quality,150,Demographic Characteristic,1,Sex,10,10,Male,35,35,"Percent of population, crude",1,2022,5.9,5.2,6.5,0.10000000000000053,1.2999999999999998
Did not take medication as prescribed to save money,Healthcare access and quality,150,Demographic Characteristic,1,Sex,10,10,Male,35,35,"Percent of population, crude",1,2023,6.7,6.0,7.3,0.7999999999999998,1.2999999999999998
Did not take medication as prescribed to save money,Healthcare access and quality,150,Demographic Characteristic,1,Sex,10,10,Male,35,35,"Percent of population, crude",1,2024,6.3,5.8,6.9,-0.40000000000000036,1.1000000000000005
Did not take medication as prescribed to save money,Healthcare access and quality,150,Demographic Characteristic,1,Sexual orientation,11,11,Bisexual,36,36,"Percent of population, crude",1,2019,21.2,16.0,27.0,,11.0
Did not take medication as prescribed to save money,Healthcare access and quality,150,Demographic Characteristic,1,Sexual orientation,11,11,Bisexual,36,36,"Percent of population, crude",1,2020,22.4,16.2,29.5,1.1999999999999993,13.3
Did not take medication as prescribed to save money,Healthcare access and quality,150,Demographic Characteristic,1,Sexual orientation,11,11,Bisexual,36,36,"Percent of population, crude",1,2021,17.8,13.4,22.9,-4.599999999999998,9.499999999999998
Did not take medication as prescribed to save money,Healthcare access and quality,150,Demographic Characteristic,1,Sexual orientation,11,11,Bisexual,36,36,"Percent of population, crude",1,2022,16.1,12.2,20.6,-1.6999999999999993,8.400000000000002
Did not take medication as prescribed to save money,Healthcare access and quality,150,Demographic Characteristic,1,Sexual orientation,11,11,Bisexual,36,36,"Percent of population, crude",1,2023,16.2,12.4,20.6,0.09999999999999787,8.200000000000001
Did not take medication as prescribed to save money,Healthcare access and quality,150,Demographic Characteristic,1,Sexual orientation,11,11,Bisexual,36,36,"Percent of population, crude",1,2024,19.7,15.9,24.1,3.5,8.200000000000001
Did not take medication as prescribed to save money,Healthcare access and quality,150,Demographic Characteristic,1,Sexual orientation,11,11,Gay or Lesbian,37,37,"Percent of population, crude",1,2019,6.9,4.4,10.3,,5.9
Did not take medication as prescribed to save money,Healthcare access and quality,150,Demographic Characteristic,1,Sexual orientation,11,11,Gay or Lesbian,37,37,"Percent of population, crude",1,2020,9.2,5.9,13.5,2.299999999999999,7.6
Did not take medication as prescribed to save money,Healthcare access and quality,150,Demographic Characteristic,1,Sexual orientation,11,11,Gay or Lesbian,37,37,"Percent of population, crude",1,2021,9.0,5.9,12.9,-0.1999999999999993,7.0
Did not take medication as prescribed to save money,Healthcare access and quality,150,Demographic Characteristic,1,Sexual orientation,11,11,Gay or Lesbian,37,37,"Percent of population, crude",1,2022,10.3,6.9,14.6,1.3000000000000007,7.699999999999999
Did not take medication as prescribed to save money,Healthcare access and quality,150,Demographic Characteristic,1,Sexual orientation,11,11,Gay or Lesbian,37,37,"Percent of population, crude",1,2023,9.4,6.6,12.9,-0.9000000000000004,6.300000000000001
Did not take medication as prescribed to save money,Healthcare access and quality,150,Demographic Characteristic,1,Sexual orientation,11,11,Gay or Lesbian,37,37,"Percent of population, crude",1,2024,8.9,5.9,12.6,-0.5,6.699999999999999
Did not take medication as prescribed to save money,Healthcare access and quality,150,Demographic Characteristic,1,Sexual orientation,11,11,Straight,38,38,"Percent of population, crude",1,2019,9.3,8.8,9.8,,1.0
Did not take medication as prescribed to save money,Healthcare access and quality,150,Demographic Characteristic,1,Sexual orientation,11,11,Straight,38,38,"Percent of population, crude",1,2020,7.9,7.4,8.4,-1.4000000000000004,1.0
Did not take medication as prescribed to save money,Healthcare access and quality,150,Demographic Characteristic,1,Sexual orientation,11,11,Straight,38,38,"Percent of population, crude",1,2021,6.3,5.8,6.8,-1.6000000000000005,1.0
Did not take medication as prescribed to save money,Healthcare access and quality,150,Demographic Characteristic,1,Sexual orientation,11,11,Straight,38,38,"Percent of population, crude",1,2022,6.2,5.7,6.6,-0.09999999999999964,0.8999999999999995
Did not take medication as prescribed to save money,Healthcare access and quality,150,Demographic Characteristic,1,Sexual orientation,11,11,Straight,38,38,"Percent of population, crude",1,2023,7.3,6.9,7.8,1.0999999999999996,0.8999999999999995
Did not take medication as prescribed to save money,Healthcare access and quality,150,Demographic Characteristic,1,Sexual orientation,11,11,Straight,38,38,"Percent of population, crude",1,2024,7.1,6.7,7.6,-0.20000000000000018,0.8999999999999995
Did not take medication as prescribed to save money,Healthcare access and quality,150,Geographic Characteristic,2,Social vulnerability,15,15,High social vulnerability,51,51,"Percent of population, crude",1,2019,10.5,9.5,11.6,,2.0999999999999996
Did not take medication as prescribed to save money,Healthcare access and quality,150,Geographic Characteristic,2,Social vulnerability,15,15,High social vulnerability,51,51,"Percent of population, crude",1,2020,9.2,8.0,10.7,-1.3000000000000007,2.6999999999999993
Did not take medication as prescribed to save money,Healthcare access and quality,150,Geographic Characteristic,2,Social vulnerability,15,15,High social vulnerability,51,51,"Percent of population, crude",1,2021,6.9,6.0,7.9,-2.299999999999999,1.9000000000000004
Did not take medication as prescribed to save money,Healthcare access and quality,150,Geographic Characteristic,2,Social vulnerability,15,15,High social vulnerability,51,51,"Percent of population, crude",1,2022,7.5,6.7,8.3,0.5999999999999996,1.6000000000000005
Did not take medication as prescribed to save money,Healthcare access and quality,150,Geographic Characteristic,2,Social vulnerability,15,15,High social vulnerability,51,51,"Percent of population, crude",1,2023,8.7,7.9,9.5,1.1999999999999993,1.5999999999999996
Did not take medication as prescribed to save money,Healthcare access and quality,150,Geographic Characteristic,2,Social vulnerability,15,15,High social vulnerability,51,51,"Percent of population, crude",1,2024,9.1,8.3,9.9,0.40000000000000036,1.5999999999999996
Did not take medication as prescribed to save money,Healthcare access and quality,150,Geographic Characteristic,2,Social vulnerability,15,15,Little to no social vulnerability,48,48,"Percent of population, crude",1,2019,7.2,6.3,8.3,,2.000000000000001
Did not take medication as prescribed to save money,Healthcare access and quality,150,Geographic Characteristic,2,Social vulnerability,15,15,Little to no social vulnerability,48,48,"Percent of population, crude",1,2020,6.5,5.6,7.5,-0.7000000000000002,1.9000000000000004
Did not take medication as prescribed to save money,Healthcare access and quality,150,Geographic Characteristic,2,Social vulnerability,15,15,Little to no social vulnerability,48,48,"Percent of population, crude",1,2021,5.2,4.4,6.1,-1.2999999999999998,1.6999999999999993
Did not take medication as prescribed to save money,Healthcare access and quality,150,Geographic Characteristic,2,Social vulnerability,15,15,Little to no social vulnerability,48,48,"Percent of population, crude",1,2022,5.4,4.4,6.5,0.20000000000000018,2.0999999999999996
Did not take medication as prescribed to save money,Healthcare access and quality,150,Geographic Characteristic,2,Social vulnerability,15,15,Little to no social vulnerability,48,48,"Percent of population, crude",1,2023,6.8,5.6,8.2,1.3999999999999995,2.5999999999999996
Did not take medication as prescribed to save money,Healthcare access and quality,150,Geographic Characteristic,2,Social vulnerability,15,15,Little to no social vulnerability,48,48,"Percent of population, crude",1,2024,5.7,4.8,6.6,-1.0999999999999996,1.7999999999999998
Did not take medication as prescribed to save money,Healthcare access and quality,150,Geographic Characteristic,2,Social vulnerability,15,15,Low social vulnerability,49,49,"Percent of population, crude",1,2019,9.8,8.8,10.9,,2.0999999999999996
Did not take medication as prescribed to save money,Healthcare access and quality,150,Geographic Characteristic,2,Social vulnerability,15,15,Low social vulnerability,49,49,"Percent of population, crude",1,2020,7.3,6.5,8.1,-2.500000000000001,1.5999999999999996
Did not take medication as prescribed to save money,Healthcare access and quality,150,Geographic Characteristic,2,Social vulnerability,15,15,Low social vulnerability,49,49,"Percent of population, crude",1,2021,6.7,6.0,7.6,-0.5999999999999996,1.5999999999999996
Did not take medication as prescribed to save money,Healthcare access and quality,150,Geographic Characteristic,2,Social vulnerability,15,15,Low social vulnerability,49,49,"Percent of population, crude",1,2022,6.1,5.3,6.9,-0.6000000000000005,1.6000000000000005
Did not take medication as prescribed to save money,Healthcare access and quality,150,Geographic Characteristic,2,Social vulnerability,15,15,Low social vulnerability,49,49,"Percent of population, crude",1,2023,6.5,5.7,7.4,0.40000000000000036,1.7000000000000002
Did not take medication as prescribed to save money,Healthcare access and quality,150,Geographic Characteristic,2,Social vulnerability,15,15,Low social vulnerability,49,49,"Percent of population, crude",1,2024,7.0,6.1,7.9,0.5,1.8000000000000007
Did not take medication as prescribed to save money,Healthcare access and quality,150,Geographic Characteristic,2,Social vulnerability,15,15,Medium social vulnerability,50,50,"Percent of population, crude",1,2019,10.2,9.3,11.3,,2.0
Did not take medication as prescribed to save money,Healthcare access and quality,150,Geographic Characteristic,2,Social vulnerability,15,15,Medium social vulnerability,50,50,"Percent of population, crude",1,2020,9.6,8.7,10.5,-0.5999999999999996,1.8000000000000007
Did not take medication as prescribed to save money,Healthcare access and quality,150,Geographic Characteristic,2,Social vulnerability,15,15,Medium social vulnerability,50,50,"Percent of population, crude",1,2021,7.7,6.8,8.6,-1.8999999999999995,1.7999999999999998
Did not take medication as prescribed to save money,Healthcare access and quality,150,Geographic Characteristic,2,Social vulnerability,15,15,Medium social vulnerability,50,50,"Percent of population, crude",1,2022,7.4,6.6,8.2,-0.2999999999999998,1.5999999999999996
Did not take medication as prescribed to save money,Healthcare access and quality,150,Geographic Characteristic,2,Social vulnerability,15,15,Medium social vulnerability,50,50,"Percent of population, crude",1,2023,8.4,7.6,9.3,1.0,1.700000000000001
Did not take medication as prescribed to save money,Healthcare access and quality,150,Geographic Characteristic,2,Social vulnerability,15,15,Medium social vulnerability,50,50,"Percent of population, crude",1,2024,8.2,7.4,9.0,-0.20000000000000107,1.5999999999999996
Did not take medication as prescribed to save money,Healthcare access and quality,150,Total,0,Total,1,1,18 years and older,1,1,"Percent of population, crude",1,2019,9.6,9.1,10.1,,1.0
Did not take medication as prescribed to save money,Healthcare access and quality,150,Total,0,Total,1,1,18 years and older,1,1,"Percent of population, crude",1,2020,8.3,7.8,8.8,-1.299999999999999,1.0000000000000009
Did not take medication as prescribed to save money,Healthcare access and quality,150,Total,0,Total,1,1,18 years and older,1,1,"Percent of population, crude",1,2021,6.8,6.4,7.3,-1.5000000000000009,0.8999999999999995
Did not take medication as prescribed to save money,Healthcare access and quality,150,Total,0,Total,1,1,18 years and older,1,1,"Percent of population, crude",1,2022,6.8,6.3,7.2,0.0,0.9000000000000004
Did not take medication as prescribed to save money,Healthcare access and quality,150,Total,0,Total,1,1,18 years and older,1,1,"Percent of population, crude",1,2023,7.8,7.4,8.2,1.0,0.7999999999999989
Did not take medication as prescribed to save money,Healthcare access and quality,150,Total,0,Total,1,1,18 years and older,1,1,"Percent of population, crude",1,2024,7.8,7.4,8.2,0.0,0.7999999999999989
Did not take medication as prescribed to save money,Healthcare access and quality,150,Geographic Characteristic,2,Urbanicity,16,16,Large central metro,52,52,"Percent of population, crude",1,2019,9.2,8.3,10.2,,1.8999999999999986
Did not take medication as prescribed to save money,Healthcare access and quality,150,Geographic Characteristic,2,Urbanicity,16,16,Large central metro,52,52,"Percent of population, crude",1,2020,8.7,7.7,9.8,-0.5,2.1000000000000005
Did not take medication as prescribed to save money,Healthcare access and quality,150,Geographic Characteristic,2,Urbanicity,16,16,Large central metro,52,52,"Percent of population, crude",1,2021,6.8,6.0,7.8,-1.8999999999999995,1.7999999999999998
Did not take medication as prescribed to save money,Healthcare access and quality,150,Geographic Characteristic,2,Urbanicity,16,16,Large central metro,52,52,"Percent of population, crude",1,2022,7.2,6.4,8.0,0.40000000000000036,1.5999999999999996
Did not take medication as prescribed to save money,Healthcare access and quality,150,Geographic Characteristic,2,Urbanicity,16,16,Large central metro,52,52,"Percent of population, crude",1,2023,7.5,6.7,8.4,0.2999999999999998,1.7000000000000002
Did not take medication as prescribed to save money,Healthcare access and quality,150,Geographic Characteristic,2,Urbanicity,16,16,Large central metro,52,52,"Percent of population, crude",1,2024,7.5,6.7,8.3,0.0,1.6000000000000005
Did not take medication as prescribed to save money,Healthcare access and quality,150,Geographic Characteristic,2,Urbanicity,16,16,Large fringe metro,53,53,"Percent of population, crude",1,2019,8.6,7.7,9.7,,1.9999999999999991
Did not take medication as prescribed to save money,Healthcare access and quality,150,Geographic Characteristic,2,Urbanicity,16,16,Large fringe metro,53,53,"Percent of population, crude",1,2020,7.6,6.7,8.7,-1.0,1.9999999999999991
Did not take medication as prescribed to save money,Healthcare access and quality,150,Geographic Characteristic,2,Urbanicity,16,16,Large fringe metro,53,53,"Percent of population, crude",1,2021,5.9,5.1,6.7,-1.6999999999999993,1.6000000000000005
Did not take medication as prescribed to save money,Healthcare access and quality,150,Geographic Characteristic,2,Urbanicity,16,16,Large fringe metro,53,53,"Percent of population, crude",1,2022,6.1,5.2,7.0,0.1999999999999993,1.7999999999999998
Did not take medication as prescribed to save money,Healthcare access and quality,150,Geographic Characteristic,2,Urbanicity,16,16,Large fringe metro,53,53,"Percent of population, crude",1,2023,6.8,6.0,7.6,0.7000000000000002,1.5999999999999996
Did not take medication as prescribed to save money,Healthcare access and quality,150,Geographic Characteristic,2,Urbanicity,16,16,Large fringe metro,53,53,"Percent of population, crude",1,2024,6.8,6.0,7.7,0.0,1.7000000000000002
Did not take medication as prescribed to save money,Healthcare access and quality,150,Geographic Characteristic,2,Urbanicity,16,16,Medium and small metro,54,54,"Percent of population, crude",1,2019,10.1,9.2,11.2,,2.0
Did not take medication as prescribed to save money,Healthcare access and quality,150,Geographic Characteristic,2,Urbanicity,16,16,Medium and small metro,54,54,"Percent of population, crude",1,2020,8.3,7.5,9.1,-1.799999999999999,1.5999999999999996
Did not take medication as prescribed to save money,Healthcare access and quality,150,Geographic Characteristic,2,Urbanicity,16,16,Medium and small metro,54,54,"Percent of population, crude",1,2021,6.8,6.0,7.6,-1.5000000000000009,1.5999999999999996
Did not take medication as prescribed to save money,Healthcare access and quality,150,Geographic Characteristic,2,Urbanicity,16,16,Medium and small metro,54,54,"Percent of population, crude",1,2022,6.8,6.1,7.6,0.0,1.5
Did not take medication as prescribed to save money,Healthcare access and quality,150,Geographic Characteristic,2,Urbanicity,16,16,Medium and small metro,54,54,"Percent of population, crude",1,2023,8.8,8.0,9.6,2.000000000000001,1.5999999999999996
Did not take medication as prescribed to save money,Healthcare access and quality,150,Geographic Characteristic,2,Urbanicity,16,16,Medium and small metro,54,54,"Percent of population, crude",1,2024,8.5,7.8,9.4,-0.3000000000000007,1.6000000000000005
Did not take medication as prescribed to save money,Healthcare access and quality,150,Geographic Characteristic,2,Urbanicity,16,16,Nonmetropolitan,55,55,"Percent of population, crude",1,2019,11.0,9.7,12.4,,2.700000000000001
Did not take medication as prescribed to save money,Healthcare access and quality,150,Geographic Characteristic,2,Urbanicity,16,16,Nonmetropolitan,55,55,"Percent of population, crude",1,2020,8.6,7.3,10.1,-2.4000000000000004,2.8
Did not take medication as prescribed to save money,Healthcare access and quality,150,Geographic Characteristic,2,Urbanicity,16,16,Nonmetropolitan,55,55,"Percent of population, crude",1,2021,8.3,7.2,9.6,-0.29999999999999893,2.3999999999999995
Did not take medication as prescribed to save money,Healthcare access and quality,150,Geographic Characteristic,2,Urbanicity,16,16,Nonmetropolitan,55,55,"Percent of population, crude",1,2022,7.1,6.0,8.3,-1.200000000000001,2.3000000000000007
Did not take medication as prescribed to save money,Healthcare access and quality,150,Geographic Characteristic,2,Urbanicity,16,16,Nonmetropolitan,55,55,"Percent of population, crude",1,2023,8.1,6.8,9.4,1.0,2.6000000000000005
Did not take medication as prescribed to save money,Healthcare access and quality,150,Geographic Characteristic,2,Urbanicity,16,16,Nonmetropolitan,55,55,"Percent of population, crude",1,2024,8.5,7.5,9.6,0.40000000000000036,2.0999999999999996
Did not take medication as prescribed to save money,Healthcare access and quality,150,Demographic Characteristic,1,Veteran status,12,12,Non-veteran,40,40,"Percent of population, crude",1,2019,10.0,9.4,10.5,,1.0999999999999996
Did not take medication as prescribed to save money,Healthcare access and quality,150,Demographic Characteristic,1,Veteran status,12,12,Non-veteran,40,40,"Percent of population, crude",1,2020,8.6,8.1,9.2,-1.4000000000000004,1.0999999999999996
Did not take medication as prescribed to save money,Healthcare access and quality,150,Demographic Characteristic,1,Veteran status,12,12,Non-veteran,40,40,"Percent of population, crude",1,2021,7.0,6.6,7.5,-1.5999999999999996,0.9000000000000004
Did not take medication as prescribed to save money,Healthcare access and quality,150,Demographic Characteristic,1,Veteran status,12,12,Non-veteran,40,40,"Percent of population, crude",1,2022,6.9,6.5,7.4,-0.09999999999999964,0.9000000000000004
Did not take medication as prescribed to save money,Healthcare access and quality,150,Demographic Characteristic,1,Veteran status,12,12,Non-veteran,40,40,"Percent of population, crude",1,2023,8.0,7.6,8.5,1.0999999999999996,0.9000000000000004
Did not take medication as prescribed to save money,Healthcare access and quality,150,Demographic Characteristic,1,Veteran status,12,12,Non-veteran,40,40,"Percent of population, crude",1,2024,8.1,7.6,8.5,0.09999999999999964,0.9000000000000004
Did not take medication as prescribed to save money,Healthcare access and quality,150,Demographic Characteristic,1,Veteran status,12,12,Veteran,39,39,"Percent of population, crude",1,2019,5.7,4.5,7.0,,2.5
Did not take medication as prescribed to save money,Healthcare access and quality,150,Demographic Characteristic,1,Veteran status,12,12,Veteran,39,39,"Percent of population, crude",1,2020,5.1,3.9,6.7,-0.6000000000000005,2.8000000000000003
Did not take medication as prescribed to save money,Healthcare access and quality,150,Demographic Characteristic,1,Veteran status,12,12,Veteran,39,39,"Percent of population, crude",1,2021,3.7,2.8,4.6,-1.3999999999999995,1.7999999999999998
Did not take medication as prescribed to save money,Healthcare access and quality,150,Demographic Characteristic,1,Veteran status,12,12,Veteran,39,39,"Percent of population, crude",1,2022,4.8,3.7,6.0,1.0999999999999996,2.3
Did not take medication as prescribed to save money,Healthcare access and quality,150,Demographic Characteristic,1,Veteran status,12,12,Veteran,39,39,"Percent of population, crude",1,2023,5.0,3.9,6.4,0.20000000000000018,2.5000000000000004
Did not take medication as prescribed to save money,Healthcare access and quality,150,Demographic Characteristic,1,Veteran status,12,12,Veteran,39,39,"Percent of population, crude",1,2024,4.3,3.4,5.4,-0.7000000000000002,2.0000000000000004
Fair or poor health status in adults,Health status,140,Demographic Characteristic,1,Age groups with 65 years and older,2,2,18-34 years,2,2,"Percent of population, crude",1,2019,7.2,6.4,8.0,,1.5999999999999996
Fair or poor health status in adults,Health status,140,Demographic Characteristic,1,Age groups with 65 years and older,2,2,18-34 years,2,2,"Percent of population, crude",1,2020,5.7,5.0,6.5,-1.5,1.5
Fair or poor health status in adults,Health status,140,Demographic Characteristic,1,Age groups with 65 years and older,2,2,18-34 years,2,2,"Percent of population, crude",1,2021,5.3,4.7,6.0,-0.40000000000000036,1.2999999999999998
Fair or poor health status in adults,Health status,140,Demographic Characteristic,1,Age groups with 65 years and older,2,2,18-34 years,2,2,"Percent of population, crude",1,2022,6.7,5.9,7.5,1.4000000000000004,1.5999999999999996
Fair or poor health status in adults,Health status,140,Demographic Characteristic,1,Age groups with 65 years and older,2,2,18-34 years,2,2,"Percent of population, crude",1,2023,7.6,6.9,8.4,0.8999999999999995,1.5
Fair or poor health status in adults,Health status,140,Demographic Characteristic,1,Age groups with 65 years and older,2,2,18-34 years,2,2,"Percent of population, crude",1,2024,7.5,6.8,8.3,-0.09999999999999964,1.5000000000000009
Fair or poor health status in adults,Health status,140,Demographic Characteristic,1,Age groups with 65 years and older,2,2,35-49 years,3,3,"Percent of population, crude",1,2019,12.1,11.1,13.1,,2.0
Fair or poor health status in adults,Health status,140,Demographic Characteristic,1,Age groups with 65 years and older,2,2,35-49 years,3,3,"Percent of population, crude",1,2020,10.8,9.9,11.9,-1.299999999999999,2.0
Fair or poor health status in adults,Health status,140,Demographic Characteristic,1,Age groups with 65 years and older,2,2,35-49 years,3,3,"Percent of population, crude",1,2021,11.0,10.1,11.9,0.1999999999999993,1.8000000000000007
Fair or poor health status in adults,Health status,140,Demographic Characteristic,1,Age groups with 65 years and older,2,2,35-49 years,3,3,"Percent of population, crude",1,2022,11.2,10.2,12.2,0.1999999999999993,2.0
Fair or poor health status in adults,Health status,140,Demographic Characteristic,1,Age groups with 65 years and older,2,2,35-49 years,3,3,"Percent of population, crude",1,2023,11.5,10.6,12.5,0.3000000000000007,1.9000000000000004
Fair or poor health status in adults,Health status,140,Demographic Characteristic,1,Age groups with 65 years and older,2,2,35-49 years,3,3,"Percent of population, crude",1,2024,11.0,10.1,11.9,-0.5,1.8000000000000007
Fair or poor health status in adults,Health status,140,Demographic Characteristic,1,Age groups with 65 years and older,2,2,50-64 years,4,4,"Percent of population, crude",1,2019,19.7,18.7,20.8,,2.1000000000000014
Fair or poor health status in adults,Health status,140,Demographic Characteristic,1,Age groups with 65 years and older,2,2,50-64 years,4,4,"Percent of population, crude",1,2020,18.4,17.3,19.5,-1.3000000000000007,2.1999999999999993
Fair or poor health status in adults,Health status,140,Demographic Characteristic,1,Age groups with 65 years and older,2,2,50-64 years,4,4,"Percent of population, crude",1,2021,17.8,16.7,18.8,-0.5999999999999979,2.1000000000000014
Fair or poor health status in adults,Health status,140,Demographic Characteristic,1,Age groups with 65 years and older,2,2,50-64 years,4,4,"Percent of population, crude",1,2022,19.1,18.0,20.1,1.3000000000000007,2.1000000000000014
Fair or poor health status in adults,Health status,140,Demographic Characteristic,1,Age groups with 65 years and older,2,2,50-64 years,4,4,"Percent of population, crude",1,2023,19.4,18.3,20.5,0.29999999999999716,2.1999999999999993
Fair or poor health status in adults,Health status,140,Demographic Characteristic,1,Age groups with 65 years and older,2,2,50-64 years,4,4,"Percent of population, crude",1,2024,18.5,17.5,19.6,-0.8999999999999986,2.1000000000000014
Fair or poor health status in adults,Health status,140,Demographic Characteristic,1,Age groups with 65 years and older,2,2,65 years and older,5,5,"Percent of population, crude",1,2019,25.1,24.0,26.3,,2.3000000000000007
Fair or poor health status in adults,Health status,140,Demographic Characteristic,1,Age groups with 65 years and older,2,2,65 years and older,5,5,"Percent of population, crude",1,2020,23.1,21.9,24.3,-2.0,2.400000000000002
Fair or poor health status in adults,Health status,140,Demographic Characteristic,1,Age groups with 65 years and older,2,2,65 years and older,5,5,"Percent of population, crude",1,2021,22.6,21.6,23.7,-0.5,2.099999999999998
Fair or poor health status in adults,Health status,140,Demographic Characteristic,1,Age groups with 65 years and older,2,2,65 years and older,5,5,"Percent of population, crude",1,2022,23.5,22.4,24.6,0.8999999999999986,2.200000000000003
Fair or poor health status in adults,Health status,140,Demographic Characteristic,1,Age groups with 65 years and older,2,2,65 years and older,5,5,"Percent of population, crude",1,2023,24.3,23.2,25.4,0.8000000000000007,2.1999999999999993
Fair or poor health status in adults,Health status,140,Demographic Characteristic,1,Age groups with 65 years and older,2,2,65 years and older,5,5,"Percent of population, crude",1,2024,24.3,23.3,25.4,0.0,2.099999999999998
Fair or poor health status in adults,Health status,140,Demographic Characteristic,1,Age groups with 75 years and older,3,3,18-44 years,6,6,"Percent of population, crude",1,2019,8.4,7.8,9.1,,1.2999999999999998
Fair or poor health status in adults,Health status,140,Demographic Characteristic,1,Age groups with 75 years and older,3,3,18-44 years,6,6,"Percent of population, crude",1,2020,7.3,6.7,8.0,-1.1000000000000005,1.2999999999999998
Fair or poor health status in adults,Health status,140,Demographic Characteristic,1,Age groups with 75 years and older,3,3,18-44 years,6,6,"Percent of population, crude",1,2021,6.9,6.3,7.5,-0.39999999999999947,1.2000000000000002
Fair or poor health status in adults,Health status,140,Demographic Characteristic,1,Age groups with 75 years and older,3,3,18-44 years,6,6,"Percent of population, crude",1,2022,8.1,7.5,8.8,1.1999999999999993,1.3000000000000007
Fair or poor health status in adults,Health status,140,Demographic Characteristic,1,Age groups with 75 years and older,3,3,18-44 years,6,6,"Percent of population, crude",1,2023,8.7,8.0,9.3,0.5999999999999996,1.3000000000000007
Fair or poor health status in adults,Health status,140,Demographic Characteristic,1,Age groups with 75 years and older,3,3,18-44 years,6,6,"Percent of population, crude",1,2024,8.6,8.0,9.3,-0.09999999999999964,1.3000000000000007
Fair or poor health status in adults,Health status,140,Demographic Characteristic,1,Age groups with 75 years and older,3,3,45-64 years,7,7,"Percent of population, crude",1,2019,18.6,17.6,19.6,,2.0
Fair or poor health status in adults,Health status,140,Demographic Characteristic,1,Age groups with 75 years and older,3,3,45-64 years,7,7,"Percent of population, crude",1,2020,16.9,16.0,17.9,-1.7000000000000028,1.8999999999999986
Fair or poor health status in adults,Health status,140,Demographic Characteristic,1,Age groups with 75 years and older,3,3,45-64 years,7,7,"Percent of population, crude",1,2021,16.8,15.9,17.7,-0.09999999999999787,1.799999999999999
Fair or poor health status in adults,Health status,140,Demographic Characteristic,1,Age groups with 75 years and older,3,3,45-64 years,7,7,"Percent of population, crude",1,2022,17.5,16.6,18.5,0.6999999999999993,1.8999999999999986
Fair or poor health status in adults,Health status,140,Demographic Characteristic,1,Age groups with 75 years and older,3,3,45-64 years,7,7,"Percent of population, crude",1,2023,18.0,17.1,19.0,0.5,1.8999999999999986
Fair or poor health status in adults,Health status,140,Demographic Characteristic,1,Age groups with 75 years and older,3,3,45-64 years,7,7,"Percent of population, crude",1,2024,16.9,16.1,17.8,-1.1000000000000014,1.6999999999999993
Fair or poor health status in adults,Health status,140,Demographic Characteristic,1,Age groups with 75 years and older,3,3,65-74 years,8,8,"Percent of population, crude",1,2019,22.3,20.8,23.8,,3.0
Fair or poor health status in adults,Health status,140,Demographic Characteristic,1,Age groups with 75 years and older,3,3,65-74 years,8,8,"Percent of population, crude",1,2020,20.3,18.8,21.8,-2.0,3.0
Fair or poor health status in adults,Health status,140,Demographic Characteristic,1,Age groups with 75 years and older,3,3,65-74 years,8,8,"Percent of population, crude",1,2021,20.0,18.7,21.3,-0.3000000000000007,2.6000000000000014
Fair or poor health status in adults,Health status,140,Demographic Characteristic,1,Age groups with 75 years and older,3,3,65-74 years,8,8,"Percent of population, crude",1,2022,20.4,19.1,21.9,0.3999999999999986,2.799999999999997
Fair or poor health status in adults,Health status,140,Demographic Characteristic,1,Age groups with 75 years and older,3,3,65-74 years,8,8,"Percent of population, crude",1,2023,21.9,20.6,23.3,1.5,2.6999999999999993
Fair or poor health status in adults,Health status,140,Demographic Characteristic,1,Age groups with 75 years and older,3,3,65-74 years,8,8,"Percent of population, crude",1,2024,22.0,20.7,23.4,0.10000000000000142,2.6999999999999993
Fair or poor health status in adults,Health status,140,Demographic Characteristic,1,Age groups with 75 years and older,3,3,75 years and older,9,9,"Percent of population, crude",1,2019,29.3,27.5,31.1,,3.6000000000000014
Fair or poor health status in adults,Health status,140,Demographic Characteristic,1,Age groups with 75 years and older,3,3,75 years and older,9,9,"Percent of population, crude",1,2020,27.2,25.4,29.1,-2.1000000000000014,3.700000000000003
Fair or poor health status in adults,Health status,140,Demographic Characteristic,1,Age groups with 75 years and older,3,3,75 years and older,9,9,"Percent of population, crude",1,2021,26.5,24.8,28.3,-0.6999999999999993,3.5
Fair or poor health status in adults,Health status,140,Demographic Characteristic,1,Age groups with 75 years and older,3,3,75 years and older,9,9,"Percent of population, crude",1,2022,28.0,26.3,29.8,1.5,3.5
Fair or poor health status in adults,Health status,140,Demographic Characteristic,1,Age groups with 75 years and older,3,3,75 years and older,9,9,"Percent of population, crude",1,2023,27.7,26.0,29.5,-0.3000000000000007,3.5
Fair or poor health status in adults,Health status,140,Demographic Characteristic,1,Age groups with 75 years and older,3,3,75 years and older,9,9,"Percent of population, crude",1,2024,27.2,25.7,28.9,-0.5,3.1999999999999993
Fair or poor health status in adults,Health status,140,Demographic Characteristic,1,Disability status,4,4,With disability,10,10,"Percent of population, crude",1,2019,59.6,57.4,61.7,,4.300000000000004
Fair or poor health status in adults,Health status,140,Demographic Characteristic,1,Disability status,4,4,With disability,10,10,"Percent of population, crude",1,2020,56.7,54.2,59.1,-2.8999999999999986,4.899999999999999
Fair or poor health status in adults,Health status,140,Demographic Characteristic,1,Disability status,4,4,With disability,10,10,"Percent of population, crude",1,2021,54.0,51.8,56.3,-2.700000000000003,4.5
Fair or poor health status in adults,Health status,140,Demographic Characteristic,1,Disability status,4,4,With disability,10,10,"Percent of population, crude",1,2022,55.3,53.0,57.6,1.2999999999999972,4.600000000000001
Fair or poor health status in adults,Health status,140,Demographic Characteristic,1,Disability status,4,4,With disability,10,10,"Percent of population, crude",1,2023,56.9,54.8,59.1,1.6000000000000014,4.300000000000004
Fair or poor health status in adults,Health status,140,Demographic Characteristic,1,Disability status,4,4,With disability,10,10,"Percent of population, crude",1,2024,52.8,50.7,54.9,-4.100000000000001,4.199999999999996
Fair or poor health status in adults,Health status,140,Demographic Characteristic,1,Disability status,4,4,Without disability,11,11,"Percent of population, crude",1,2019,10.9,10.4,11.3,,0.9000000000000004
Fair or poor health status in adults,Health status,140,Demographic Characteristic,1,Disability status,4,4,Without disability,11,11,"Percent of population, crude",1,2020,9.7,9.3,10.2,-1.200000000000001,0.8999999999999986
Fair or poor health status in adults,Health status,140,Demographic Characteristic,1,Disability status,4,4,Without disability,11,11,"Percent of population, crude",1,2021,9.7,9.2,10.1,0.0,0.9000000000000004
Fair or poor health status in adults,Health status,140,Demographic Characteristic,1,Disability status,4,4,Without disability,11,11,"Percent of population, crude",1,2022,10.4,9.9,10.8,0.7000000000000011,0.9000000000000004
Fair or poor health status in adults,Health status,140,Demographic Characteristic,1,Disability status,4,4,Without disability,11,11,"Percent of population, crude",1,2023,10.9,10.4,11.3,0.5,0.9000000000000004
Fair or poor health status in adults,Health status,140,Demographic Characteristic,1,Disability status,4,4,Without disability,11,11,"Percent of population, crude",1,2024,10.7,10.3,11.2,-0.20000000000000107,0.8999999999999986
Fair or poor health status in adults,Health status,140,Socioeconomic Characteristic,3,Education,17,17,College degree or higher,59,59,"Percent of population, crude",1,2019,7.1,6.5,7.7,,1.2000000000000002
Fair or poor health status in adults,Health status,140,Socioeconomic Characteristic,3,Education,17,17,College degree or higher,59,59,"Percent of population, crude",1,2020,6.4,5.9,6.9,-0.6999999999999993,1.0
Fair or poor health status in adults,Health status,140,Socioeconomic Characteristic,3,Education,17,17,College degree or higher,59,59,"Percent of population, crude",1,2021,6.3,5.8,6.9,-0.10000000000000053,1.1000000000000005
Fair or poor health status in adults,Health status,140,Socioeconomic Characteristic,3,Education,17,17,College degree or higher,59,59,"Percent of population, crude",1,2022,6.8,6.3,7.4,0.5,1.1000000000000005
Fair or poor health status in adults,Health status,140,Socioeconomic Characteristic,3,Education,17,17,College degree or higher,59,59,"Percent of population, crude",1,2023,7.1,6.5,7.6,0.2999999999999998,1.0999999999999996
Fair or poor health status in adults,Health status,140,Socioeconomic Characteristic,3,Education,17,17,College degree or higher,59,59,"Percent of population, crude",1,2024,8.0,7.4,8.6,0.9000000000000004,1.1999999999999993
Fair or poor health status in adults,Health status,140,Socioeconomic Characteristic,3,Education,17,17,High school diploma or GED,57,57,"Percent of population, crude",1,2019,19.5,18.4,20.7,,2.3000000000000007
Fair or poor health status in adults,Health status,140,Socioeconomic Characteristic,3,Education,17,17,High school diploma or GED,57,57,"Percent of population, crude",1,2020,19.6,18.4,20.8,0.10000000000000142,2.400000000000002
Fair or poor health status in adults,Health status,140,Socioeconomic Characteristic,3,Education,17,17,High school diploma or GED,57,57,"Percent of population, crude",1,2021,19.5,18.4,20.7,-0.10000000000000142,2.3000000000000007
Fair or poor health status in adults,Health status,140,Socioeconomic Characteristic,3,Education,17,17,High school diploma or GED,57,57,"Percent of population, crude",1,2022,19.9,18.7,21.0,0.3999999999999986,2.3000000000000007
Fair or poor health status in adults,Health status,140,Socioeconomic Characteristic,3,Education,17,17,High school diploma or GED,57,57,"Percent of population, crude",1,2023,20.9,19.7,22.1,1.0,2.400000000000002
Fair or poor health status in adults,Health status,140,Socioeconomic Characteristic,3,Education,17,17,High school diploma or GED,57,57,"Percent of population, crude",1,2024,21.1,20.0,22.2,0.20000000000000284,2.1999999999999993
Fair or poor health status in adults,Health status,140,Socioeconomic Characteristic,3,Education,17,17,No high school diploma or GED,56,56,"Percent of population, crude",1,2019,35.6,33.2,38.1,,4.899999999999999
Fair or poor health status in adults,Health status,140,Socioeconomic Characteristic,3,Education,17,17,No high school diploma or GED,56,56,"Percent of population, crude",1,2020,31.1,28.6,33.7,-4.5,5.100000000000001
Fair or poor health status in adults,Health status,140,Socioeconomic Characteristic,3,Education,17,17,No high school diploma or GED,56,56,"Percent of population, crude",1,2021,32.5,30.2,34.8,1.3999999999999986,4.599999999999998
Fair or poor health status in adults,Health status,140,Socioeconomic Characteristic,3,Education,17,17,No high school diploma or GED,56,56,"Percent of population, crude",1,2022,34.2,31.9,36.6,1.7000000000000028,4.700000000000003
Fair or poor health status in adults,Health status,140,Socioeconomic Characteristic,3,Education,17,17,No high school diploma or GED,56,56,"Percent of population, crude",1,2023,33.8,31.6,36.0,-0.4000000000000057,4.399999999999999
Fair or poor health status in adults,Health status,140,Socioeconomic Characteristic,3,Education,17,17,No high school diploma or GED,56,56,"Percent of population, crude",1,2024,31.5,29.2,33.9,-2.299999999999997,4.699999999999999
Fair or poor health status in adults,Health status,140,Socioeconomic Characteristic,3,Education,17,17,Some college,58,58,"Percent of population, crude",1,2019,15.3,14.4,16.3,,1.9000000000000004
Fair or poor health status in adults,Health status,140,Socioeconomic Characteristic,3,Education,17,17,Some college,58,58,"Percent of population, crude",1,2020,14.2,13.3,15.1,-1.1000000000000014,1.799999999999999
Fair or poor health status in adults,Health status,140,Socioeconomic Characteristic,3,Education,17,17,Some college,58,58,"Percent of population, crude",1,2021,15.6,14.7,16.6,1.4000000000000004,1.9000000000000021
Fair or poor health status in adults,Health status,140,Socioeconomic Characteristic,3,Education,17,17,Some college,58,58,"Percent of population, crude",1,2022,15.3,14.3,16.3,-0.29999999999999893,2.0
Fair or poor health status in adults,Health status,140,Socioeconomic Characteristic,3,Education,17,17,Some college,58,58,"Percent of population, crude",1,2023,17.3,16.3,18.4,2.0,2.099999999999998
Fair or poor health status in adults,Health status,140,Socioeconomic Characteristic,3,Education,17,17,Some college,58,58,"Percent of population, crude",1,2024,15.7,14.8,16.7,-1.6000000000000014,1.8999999999999986
Fair or poor health status in adults,Health status,140,Socioeconomic Characteristic,3,Employment status,18,18,Employed,60,60,"Percent of population, crude",1,2019,7.8,7.3,8.4,,1.1000000000000005
Fair or poor health status in adults,Health status,140,Socioeconomic Characteristic,3,Employment status,18,18,Employed,60,60,"Percent of population, crude",1,2020,7.0,6.5,7.6,-0.7999999999999998,1.0999999999999996
Fair or poor health status in adults,Health status,140,Socioeconomic Characteristic,3,Employment status,18,18,Employed,60,60,"Percent of population, crude",1,2021,7.1,6.7,7.6,0.09999999999999964,0.8999999999999995
Fair or poor health status in adults,Health status,140,Socioeconomic Characteristic,3,Employment status,18,18,Employed,60,60,"Percent of population, crude",1,2022,7.7,7.2,8.3,0.6000000000000005,1.1000000000000005
Fair or poor health status in adults,Health status,140,Socioeconomic Characteristic,3,Employment status,18,18,Employed,60,60,"Percent of population, crude",1,2023,8.7,8.2,9.2,0.9999999999999991,1.0
Fair or poor health status in adults,Health status,140,Socioeconomic Characteristic,3,Employment status,18,18,Employed,60,60,"Percent of population, crude",1,2024,8.6,8.1,9.2,-0.09999999999999964,1.0999999999999996
Fair or poor health status in adults,Health status,140,Socioeconomic Characteristic,3,Employment status,18,18,Employed - Full-time,61,61,"Percent of population, crude",1,2019,7.3,6.8,7.9,,1.1000000000000005
Fair or poor health status in adults,Health status,140,Socioeconomic Characteristic,3,Employment status,18,18,Employed - Full-time,61,61,"Percent of population, crude",1,2020,6.4,5.9,6.9,-0.8999999999999995,1.0
Fair or poor health status in adults,Health status,140,Socioeconomic Characteristic,3,Employment status,18,18,Employed - Full-time,61,61,"Percent of population, crude",1,2021,6.7,6.2,7.3,0.2999999999999998,1.0999999999999996
Fair or poor health status in adults,Health status,140,Socioeconomic Characteristic,3,Employment status,18,18,Employed - Full-time,61,61,"Percent of population, crude",1,2022,7.1,6.6,7.7,0.39999999999999947,1.1000000000000005
Fair or poor health status in adults,Health status,140,Socioeconomic Characteristic,3,Employment status,18,18,Employed - Full-time,61,61,"Percent of population, crude",1,2023,8.1,7.6,8.7,1.0,1.0999999999999996
Fair or poor health status in adults,Health status,140,Socioeconomic Characteristic,3,Employment status,18,18,Employed - Full-time,61,61,"Percent of population, crude",1,2024,8.1,7.6,8.7,0.0,1.0999999999999996
Fair or poor health status in adults,Health status,140,Socioeconomic Characteristic,3,Employment status,18,18,Employed - Part-time,62,62,"Percent of population, crude",1,2019,10.5,9.2,11.8,,2.6000000000000014
Fair or poor health status in adults,Health status,140,Socioeconomic Characteristic,3,Employment status,18,18,Employed - Part-time,62,62,"Percent of population, crude",1,2020,10.4,8.9,12.1,-0.09999999999999964,3.1999999999999993
Fair or poor health status in adults,Health status,140,Socioeconomic Characteristic,3,Employment status,18,18,Employed - Part-time,62,62,"Percent of population, crude",1,2021,8.8,7.7,10.0,-1.5999999999999996,2.3
Fair or poor health status in adults,Health status,140,Socioeconomic Characteristic,3,Employment status,18,18,Employed - Part-time,62,62,"Percent of population, crude",1,2022,10.2,9.0,11.6,1.3999999999999986,2.5999999999999996
Fair or poor health status in adults,Health status,140,Socioeconomic Characteristic,3,Employment status,18,18,Employed - Part-time,62,62,"Percent of population, crude",1,2023,10.9,9.7,12.2,0.7000000000000011,2.5
Fair or poor health status in adults,Health status,140,Socioeconomic Characteristic,3,Employment status,18,18,Employed - Part-time,62,62,"Percent of population, crude",1,2024,10.6,9.5,11.9,-0.3000000000000007,2.4000000000000004
Fair or poor health status in adults,Health status,140,Socioeconomic Characteristic,3,Employment status,18,18,Not employed,63,63,"Percent of population, crude",1,2019,28.1,27.1,29.2,,2.099999999999998
Fair or poor health status in adults,Health status,140,Socioeconomic Characteristic,3,Employment status,18,18,Not employed,63,63,"Percent of population, crude",1,2020,24.2,23.2,25.3,-3.900000000000002,2.1000000000000014
Fair or poor health status in adults,Health status,140,Socioeconomic Characteristic,3,Employment status,18,18,Not employed,63,63,"Percent of population, crude",1,2021,23.5,22.6,24.5,-0.6999999999999993,1.8999999999999986
Fair or poor health status in adults,Health status,140,Socioeconomic Characteristic,3,Employment status,18,18,Not employed,63,63,"Percent of population, crude",1,2022,25.7,24.7,26.8,2.1999999999999993,2.1000000000000014
Fair or poor health status in adults,Health status,140,Socioeconomic Characteristic,3,Employment status,18,18,Not employed,63,63,"Percent of population, crude",1,2023,26.2,25.2,27.2,0.5,2.0
Fair or poor health status in adults,Health status,140,Socioeconomic Characteristic,3,Employment status,18,18,Not employed,63,63,"Percent of population, crude",1,2024,25.6,24.7,26.6,-0.5999999999999979,1.9000000000000021
Fair or poor health status in adults,Health status,140,Socioeconomic Characteristic,3,Employment status,18,18,Not employed - Has never worked,65,65,"Percent of population, crude",1,2019,23.6,19.7,27.8,,8.100000000000001
Fair or poor health status in adults,Health status,140,Socioeconomic Characteristic,3,Employment status,18,18,Not employed - Has never worked,65,65,"Percent of population, crude",1,2020,22.2,17.4,27.5,-1.4000000000000021,10.100000000000001
Fair or poor health status in adults,Health status,140,Socioeconomic Characteristic,3,Employment status,18,18,Not employed - Has never worked,65,65,"Percent of population, crude",1,2021,18.0,14.5,21.9,-4.199999999999999,7.399999999999999
Fair or poor health status in adults,Health status,140,Socioeconomic Characteristic,3,Employment status,18,18,Not employed - Has never worked,65,65,"Percent of population, crude",1,2022,19.1,14.8,24.0,1.1000000000000014,9.2
Fair or poor health status in adults,Health status,140,Socioeconomic Characteristic,3,Employment status,18,18,Not employed - Has never worked,65,65,"Percent of population, crude",1,2023,21.2,17.2,25.6,2.099999999999998,8.400000000000002
Fair or poor health status in adults,Health status,140,Socioeconomic Characteristic,3,Employment status,18,18,Not employed - Has never worked,65,65,"Percent of population, crude",1,2024,20.2,16.4,24.5,-1.0,8.100000000000001
Fair or poor health status in adults,Health status,140,Socioeconomic Characteristic,3,Employment status,18,18,Not employed - Has worked previously,64,64,"Percent of population, crude",1,2019,28.5,27.5,29.6,,2.1000000000000014
Fair or poor health status in adults,Health status,140,Socioeconomic Characteristic,3,Employment status,18,18,Not employed - Has worked previously,64,64,"Percent of population, crude",1,2020,24.3,23.3,25.4,-4.199999999999999,2.099999999999998
Fair or poor health status in adults,Health status,140,Socioeconomic Characteristic,3,Employment status,18,18,Not employed - Has worked previously,64,64,"Percent of population, crude",1,2021,23.9,22.9,24.9,-0.40000000000000213,2.0
Fair or poor health status in adults,Health status,140,Socioeconomic Characteristic,3,Employment status,18,18,Not employed - Has worked previously,64,64,"Percent of population, crude",1,2022,26.1,25.1,27.2,2.200000000000003,2.099999999999998
Fair or poor health status in adults,Health status,140,Socioeconomic Characteristic,3,Employment status,18,18,Not employed - Has worked previously,64,64,"Percent of population, crude",1,2023,26.6,25.6,27.6,0.5,2.0
Fair or poor health status in adults,Health status,140,Socioeconomic Characteristic,3,Employment status,18,18,Not employed - Has worked previously,64,64,"Percent of population, crude",1,2024,26.1,25.1,27.1,-0.5,2.0
Fair or poor health status in adults,Health status,140,Demographic Characteristic,1,Functioning difficulties status,5,5,With functioning difficulties,12,12,"Percent of population, crude",1,2019,29.2,28.2,30.2,,2.0
Fair or poor health status in adults,Health status,140,Demographic Characteristic,1,Functioning difficulties status,5,5,With functioning difficulties,12,12,"Percent of population, crude",1,2020,26.7,25.6,27.7,-2.5,2.099999999999998
Fair or poor health status in adults,Health status,140,Demographic Characteristic,1,Functioning difficulties status,5,5,With functioning difficulties,12,12,"Percent of population, crude",1,2021,25.2,24.2,26.1,-1.5,1.9000000000000021
Fair or poor health status in adults,Health status,140,Demographic Characteristic,1,Functioning difficulties status,5,5,With functioning difficulties,12,12,"Percent of population, crude",1,2022,26.3,25.4,27.2,1.1000000000000014,1.8000000000000007
Fair or poor health status in adults,Health status,140,Demographic Characteristic,1,Functioning difficulties status,5,5,With functioning difficulties,12,12,"Percent of population, crude",1,2023,26.9,26.0,27.8,0.5999999999999979,1.8000000000000007
Fair or poor health status in adults,Health status,140,Demographic Characteristic,1,Functioning difficulties status,5,5,With functioning difficulties,12,12,"Percent of population, crude",1,2024,25.5,24.6,26.3,-1.3999999999999986,1.6999999999999993
Fair or poor health status in adults,Health status,140,Demographic Characteristic,1,Functioning difficulties status,5,5,Without functioning difficulties,13,13,"Percent of population, crude",1,2019,5.6,5.1,6.0,,0.9000000000000004
Fair or poor health status in adults,Health status,140,Demographic Characteristic,1,Functioning difficulties status,5,5,Without functioning difficulties,13,13,"Percent of population, crude",1,2020,4.8,4.4,5.2,-0.7999999999999998,0.7999999999999998
Fair or poor health status in adults,Health status,140,Demographic Characteristic,1,Functioning difficulties status,5,5,Without functioning difficulties,13,13,"Percent of population, crude",1,2021,4.7,4.4,5.1,-0.09999999999999964,0.6999999999999993
Fair or poor health status in adults,Health status,140,Demographic Characteristic,1,Functioning difficulties status,5,5,Without functioning difficulties,13,13,"Percent of population, crude",1,2022,5.1,4.6,5.5,0.39999999999999947,0.9000000000000004
Fair or poor health status in adults,Health status,140,Demographic Characteristic,1,Functioning difficulties status,5,5,Without functioning difficulties,13,13,"Percent of population, crude",1,2023,5.4,5.0,5.9,0.3000000000000007,0.9000000000000004
Fair or poor health status in adults,Health status,140,Demographic Characteristic,1,Functioning difficulties status,5,5,Without functioning difficulties,13,13,"Percent of population, crude",1,2024,5.7,5.3,6.1,0.2999999999999998,0.7999999999999998
Fair or poor health status in adults,Health status,140,Socioeconomic Characteristic,3,Health insurance coverage: 65 years and older,19,19,Medicare Advantage,68,68,"Percent of population, crude",1,2019,22.5,20.6,24.6,,4.0
Fair or poor health status in adults,Health status,140,Socioeconomic Characteristic,3,Health insurance coverage: 65 years and older,19,19,Medicare Advantage,68,68,"Percent of population, crude",1,2020,21.3,19.4,23.3,-1.1999999999999993,3.900000000000002
Fair or poor health status in adults,Health status,140,Socioeconomic Characteristic,3,Health insurance coverage: 65 years and older,19,19,Medicare Advantage,68,68,"Percent of population, crude",1,2021,20.3,18.6,22.2,-1.0,3.599999999999998
Fair or poor health status in adults,Health status,140,Socioeconomic Characteristic,3,Health insurance coverage: 65 years and older,19,19,Medicare Advantage,68,68,"Percent of population, crude",1,2022,20.9,19.2,22.7,0.5999999999999979,3.5
Fair or poor health status in adults,Health status,140,Socioeconomic Characteristic,3,Health insurance coverage: 65 years and older,19,19,Medicare Advantage,68,68,"Percent of population, crude",1,2023,23.3,21.7,24.9,2.400000000000002,3.1999999999999993
Fair or poor health status in adults,Health status,140,Socioeconomic Characteristic,3,Health insurance coverage: 65 years and older,19,19,Medicare Advantage,68,68,"Percent of population, crude",1,2024,23.1,21.6,24.7,-0.1999999999999993,3.099999999999998
Fair or poor health status in adults,Health status,140,Socioeconomic Characteristic,3,Health insurance coverage: 65 years and older,19,19,Medicare and Medicaid,67,67,"Percent of population, crude",1,2019,53.7,48.6,58.7,,10.100000000000001
Fair or poor health status in adults,Health status,140,Socioeconomic Characteristic,3,Health insurance coverage: 65 years and older,19,19,Medicare and Medicaid,67,67,"Percent of population, crude",1,2020,49.4,43.6,55.1,-4.300000000000004,11.5
Fair or poor health status in adults,Health status,140,Socioeconomic Characteristic,3,Health insurance coverage: 65 years and older,19,19,Medicare and Medicaid,67,67,"Percent of population, crude",1,2021,44.6,39.7,49.6,-4.799999999999997,9.899999999999999
Fair or poor health status in adults,Health status,140,Socioeconomic Characteristic,3,Health insurance coverage: 65 years and older,19,19,Medicare and Medicaid,67,67,"Percent of population, crude",1,2022,49.9,45.0,54.8,5.299999999999997,9.799999999999997
Fair or poor health status in adults,Health status,140,Socioeconomic Characteristic,3,Health insurance coverage: 65 years and older,19,19,Medicare and Medicaid,67,67,"Percent of population, crude",1,2023,48.8,44.3,53.3,-1.1000000000000014,9.0
Fair or poor health status in adults,Health status,140,Socioeconomic Characteristic,3,Health insurance coverage: 65 years and older,19,19,Medicare and Medicaid,67,67,"Percent of population, crude",1,2024,49.3,45.0,53.6,0.5,8.600000000000001
Fair or poor health status in adults,Health status,140,Socioeconomic Characteristic,3,Health insurance coverage: 65 years and older,19,19,Medicare only excluding Medicare Advantage,69,69,"Percent of population, crude",1,2019,24.6,21.6,27.8,,6.199999999999999
Fair or poor health status in adults,Health status,140,Socioeconomic Characteristic,3,Health insurance coverage: 65 years and older,19,19,Medicare only excluding Medicare Advantage,69,69,"Percent of population, crude",1,2020,25.9,22.5,29.5,1.2999999999999972,7.0
Fair or poor health status in adults,Health status,140,Socioeconomic Characteristic,3,Health insurance coverage: 65 years and older,19,19,Medicare only excluding Medicare Advantage,69,69,"Percent of population, crude",1,2021,27.1,23.9,30.4,1.2000000000000028,6.5
Fair or poor health status in adults,Health status,140,Socioeconomic Characteristic,3,Health insurance coverage: 65 years and older,19,19,Medicare only excluding Medicare Advantage,69,69,"Percent of population, crude",1,2022,25.9,22.8,29.3,-1.2000000000000028,6.5
Fair or poor health status in adults,Health status,140,Socioeconomic Characteristic,3,Health insurance coverage: 65 years and older,19,19,Medicare only excluding Medicare Advantage,69,69,"Percent of population, crude",1,2023,26.1,23.1,29.3,0.20000000000000284,6.199999999999999
Fair or poor health status in adults,Health status,140,Socioeconomic Characteristic,3,Health insurance coverage: 65 years and older,19,19,Medicare only excluding Medicare Advantage,69,69,"Percent of population, crude",1,2024,22.6,19.7,25.7,-3.5,6.0
Fair or poor health status in adults,Health status,140,Socioeconomic Characteristic,3,Health insurance coverage: 65 years and older,19,19,Other government coverage,70,70,"Percent of population, crude",1,2019,32.5,28.4,36.9,,8.5
Fair or poor health status in adults,Health status,140,Socioeconomic Characteristic,3,Health insurance coverage: 65 years and older,19,19,Other government coverage,70,70,"Percent of population, crude",1,2020,30.6,26.6,34.8,-1.8999999999999986,8.199999999999996
Fair or poor health status in adults,Health status,140,Socioeconomic Characteristic,3,Health insurance coverage: 65 years and older,19,19,Other government coverage,70,70,"Percent of population, crude",1,2021,27.9,23.9,32.1,-2.700000000000003,8.200000000000003
Fair or poor health status in adults,Health status,140,Socioeconomic Characteristic,3,Health insurance coverage: 65 years and older,19,19,Other government coverage,70,70,"Percent of population, crude",1,2022,26.4,22.8,30.2,-1.5,7.399999999999999
Fair or poor health status in adults,Health status,140,Socioeconomic Characteristic,3,Health insurance coverage: 65 years and older,19,19,Other government coverage,70,70,"Percent of population, crude",1,2023,29.5,25.7,33.4,3.1000000000000014,7.699999999999999
Fair or poor health status in adults,Health status,140,Socioeconomic Characteristic,3,Health insurance coverage: 65 years and older,19,19,Other government coverage,70,70,"Percent of population, crude",1,2024,34.2,30.1,38.4,4.700000000000003,8.299999999999997
Fair or poor health status in adults,Health status,140,Socioeconomic Characteristic,3,Health insurance coverage: 65 years and older,19,19,Private,66,66,"Percent of population, crude",1,2019,20.0,18.5,21.6,,3.1000000000000014
Fair or poor health status in adults,Health status,140,Socioeconomic Characteristic,3,Health insurance coverage: 65 years and older,19,19,Private,66,66,"Percent of population, crude",1,2020,17.5,16.0,18.9,-2.5,2.8999999999999986
Fair or poor health status in adults,Health status,140,Socioeconomic Characteristic,3,Health insurance coverage: 65 years and older,19,19,Private,66,66,"Percent of population, crude",1,2021,18.0,16.5,19.5,0.5,3.0
Fair or poor health status in adults,Health status,140,Socioeconomic Characteristic,3,Health insurance coverage: 65 years and older,19,19,Private,66,66,"Percent of population, crude",1,2022,18.7,17.2,20.2,0.6999999999999993,3.0
Fair or poor health status in adults,Health status,140,Socioeconomic Characteristic,3,Health insurance coverage: 65 years and older,19,19,Private,66,66,"Percent of population, crude",1,2023,17.3,15.8,18.8,-1.3999999999999986,3.0
Fair or poor health status in adults,Health status,140,Socioeconomic Characteristic,3,Health insurance coverage: 65 years and older,19,19,Private,66,66,"Percent of population, crude",1,2024,18.1,16.5,19.7,0.8000000000000007,3.1999999999999993
Fair or poor health status in adults,Health status,140,Socioeconomic Characteristic,3,Health insurance coverage: Younger than 65 years,20,20,Medicaid or other state programs,73,73,"Percent of population, crude",1,2019,28.5,26.4,30.6,,4.200000000000003
Fair or poor health status in adults,Health status,140,Socioeconomic Characteristic,3,Health insurance coverage: Younger than 65 years,20,20,Medicaid or other state programs,73,73,"Percent of population, crude",1,2020,25.0,22.7,27.5,-3.5,4.800000000000001
Fair or poor health status in adults,Health status,140,Socioeconomic Characteristic,3,Health insurance coverage: Younger than 65 years,20,20,Medicaid or other state programs,73,73,"Percent of population, crude",1,2021,23.4,21.6,25.3,-1.6000000000000014,3.6999999999999993
Fair or poor health status in adults,Health status,140,Socioeconomic Characteristic,3,Health insurance coverage: Younger than 65 years,20,20,Medicaid or other state programs,73,73,"Percent of population, crude",1,2022,25.0,23.2,27.0,1.6000000000000014,3.8000000000000007
Fair or poor health status in adults,Health status,140,Socioeconomic Characteristic,3,Health insurance coverage: Younger than 65 years,20,20,Medicaid or other state programs,73,73,"Percent of population, crude",1,2023,25.3,23.4,27.2,0.3000000000000007,3.8000000000000007
Fair or poor health status in adults,Health status,140,Socioeconomic Characteristic,3,Health insurance coverage: Younger than 65 years,20,20,Medicaid or other state programs,73,73,"Percent of population, crude",1,2024,24.1,22.2,25.9,-1.1999999999999993,3.6999999999999993
Fair or poor health status in adults,Health status,140,Socioeconomic Characteristic,3,Health insurance coverage: Younger than 65 years,20,20,Other government coverage,74,74,"Percent of population, crude",1,2019,30.9,27.4,34.6,,7.200000000000003
Fair or poor health status in adults,Health status,140,Socioeconomic Characteristic,3,Health insurance coverage: Younger than 65 years,20,20,Other government coverage,74,74,"Percent of population, crude",1,2020,29.6,26.0,33.5,-1.2999999999999972,7.5
Fair or poor health status in adults,Health status,140,Socioeconomic Characteristic,3,Health insurance coverage: Younger than 65 years,20,20,Other government coverage,74,74,"Percent of population, crude",1,2021,28.8,25.5,32.3,-0.8000000000000007,6.799999999999997
Fair or poor health status in adults,Health status,140,Socioeconomic Characteristic,3,Health insurance coverage: Younger than 65 years,20,20,Other government coverage,74,74,"Percent of population, crude",1,2022,29.1,25.9,32.5,0.3000000000000007,6.600000000000001
Fair or poor health status in adults,Health status,140,Socioeconomic Characteristic,3,Health insurance coverage: Younger than 65 years,20,20,Other government coverage,74,74,"Percent of population, crude",1,2023,29.8,26.4,33.3,0.6999999999999993,6.899999999999999
Fair or poor health status in adults,Health status,140,Socioeconomic Characteristic,3,Health insurance coverage: Younger than 65 years,20,20,Other government coverage,74,74,"Percent of population, crude",1,2024,28.2,24.8,31.8,-1.6000000000000014,7.0
Fair or poor health status in adults,Health status,140,Socioeconomic Characteristic,3,Health insurance coverage: Younger than 65 years,20,20,Private,72,72,"Percent of population, crude",1,2019,7.7,7.2,8.2,,0.9999999999999991
Fair or poor health status in adults,Health status,140,Socioeconomic Characteristic,3,Health insurance coverage: Younger than 65 years,20,20,Private,72,72,"Percent of population, crude",1,2020,7.1,6.6,7.6,-0.6000000000000005,1.0
Fair or poor health status in adults,Health status,140,Socioeconomic Characteristic,3,Health insurance coverage: Younger than 65 years,20,20,Private,72,72,"Percent of population, crude",1,2021,7.2,6.7,7.7,0.10000000000000053,1.0
Fair or poor health status in adults,Health status,140,Socioeconomic Characteristic,3,Health insurance coverage: Younger than 65 years,20,20,Private,72,72,"Percent of population, crude",1,2022,7.6,7.0,8.2,0.39999999999999947,1.1999999999999993
Fair or poor health status in adults,Health status,140,Socioeconomic Characteristic,3,Health insurance coverage: Younger than 65 years,20,20,Private,72,72,"Percent of population, crude",1,2023,8.4,7.8,8.9,0.8000000000000007,1.1000000000000005
Fair or poor health status in adults,Health status,140,Socioeconomic Characteristic,3,Health insurance coverage: Younger than 65 years,20,20,Private,72,72,"Percent of population, crude",1,2024,8.2,7.7,8.7,-0.20000000000000107,0.9999999999999991
Fair or poor health status in adults,Health status,140,Socioeconomic Characteristic,3,Health insurance coverage: Younger than 65 years,20,20,Uninsured,75,75,"Percent of population, crude",1,2019,15.3,13.6,17.2,,3.5999999999999996
Fair or poor health status in adults,Health status,140,Socioeconomic Characteristic,3,Health insurance coverage: Younger than 65 years,20,20,Uninsured,75,75,"Percent of population, crude",1,2020,12.2,10.6,13.9,-3.1000000000000014,3.3000000000000007
Fair or poor health status in adults,Health status,140,Socioeconomic Characteristic,3,Health insurance coverage: Younger than 65 years,20,20,Uninsured,75,75,"Percent of population, crude",1,2021,12.3,10.9,13.9,0.10000000000000142,3.0
Fair or poor health status in adults,Health status,140,Socioeconomic Characteristic,3,Health insurance coverage: Younger than 65 years,20,20,Uninsured,75,75,"Percent of population, crude",1,2022,13.3,11.7,15.1,1.0,3.4000000000000004
Fair or poor health status in adults,Health status,140,Socioeconomic Characteristic,3,Health insurance coverage: Younger than 65 years,20,20,Uninsured,75,75,"Percent of population, crude",1,2023,12.7,11.1,14.4,-0.6000000000000014,3.3000000000000007
Fair or poor health status in adults,Health status,140,Socioeconomic Characteristic,3,Health insurance coverage: Younger than 65 years,20,20,Uninsured,75,75,"Percent of population, crude",1,2024,13.5,11.8,15.3,0.8000000000000007,3.5
Fair or poor health status in adults,Health status,140,Demographic Characteristic,1,Marital status,6,6,Divorced or separated,15,15,"Percent of population, crude",1,2019,24.6,23.1,26.2,,3.099999999999998
Fair or poor health status in adults,Health status,140,Demographic Characteristic,1,Marital status,6,6,Divorced or separated,15,15,"Percent of population, crude",1,2020,22.1,20.5,23.7,-2.5,3.1999999999999993
Fair or poor health status in adults,Health status,140,Demographic Characteristic,1,Marital status,6,6,Divorced or separated,15,15,"Percent of population, crude",1,2021,21.5,20.1,23.0,-0.6000000000000014,2.8999999999999986
Fair or poor health status in adults,Health status,140,Demographic Characteristic,1,Marital status,6,6,Divorced or separated,15,15,"Percent of population, crude",1,2022,22.0,20.5,23.5,0.5,3.0
Fair or poor health status in adults,Health status,140,Demographic Characteristic,1,Marital status,6,6,Divorced or separated,15,15,"Percent of population, crude",1,2023,22.6,21.0,24.2,0.6000000000000014,3.1999999999999993
Fair or poor health status in adults,Health status,140,Demographic Characteristic,1,Marital status,6,6,Divorced or separated,15,15,"Percent of population, crude",1,2024,24.2,22.7,25.7,1.5999999999999979,3.0
Fair or poor health status in adults,Health status,140,Demographic Characteristic,1,Marital status,6,6,Living with a partner,17,17,"Percent of population, crude",1,2019,14.7,13.0,16.6,,3.6000000000000014
Fair or poor health status in adults,Health status,140,Demographic Characteristic,1,Marital status,6,6,Living with a partner,17,17,"Percent of population, crude",1,2020,13.3,11.5,15.3,-1.3999999999999986,3.8000000000000007
Fair or poor health status in adults,Health status,140,Demographic Characteristic,1,Marital status,6,6,Living with a partner,17,17,"Percent of population, crude",1,2021,11.1,9.5,12.8,-2.200000000000001,3.3000000000000007
Fair or poor health status in adults,Health status,140,Demographic Characteristic,1,Marital status,6,6,Living with a partner,17,17,"Percent of population, crude",1,2022,13.2,11.6,15.0,2.0999999999999996,3.4000000000000004
Fair or poor health status in adults,Health status,140,Demographic Characteristic,1,Marital status,6,6,Living with a partner,17,17,"Percent of population, crude",1,2023,13.8,12.1,15.7,0.6000000000000014,3.5999999999999996
Fair or poor health status in adults,Health status,140,Demographic Characteristic,1,Marital status,6,6,Living with a partner,17,17,"Percent of population, crude",1,2024,12.6,11.0,14.3,-1.200000000000001,3.3000000000000007
Fair or poor health status in adults,Health status,140,Demographic Characteristic,1,Marital status,6,6,Married,14,14,"Percent of population, crude",1,2019,13.0,12.4,13.7,,1.299999999999999
Fair or poor health status in adults,Health status,140,Demographic Characteristic,1,Marital status,6,6,Married,14,14,"Percent of population, crude",1,2020,12.2,11.5,12.9,-0.8000000000000007,1.4000000000000004
Fair or poor health status in adults,Health status,140,Demographic Characteristic,1,Marital status,6,6,Married,14,14,"Percent of population, crude",1,2021,12.3,11.6,13.0,0.10000000000000142,1.4000000000000004
Fair or poor health status in adults,Health status,140,Demographic Characteristic,1,Marital status,6,6,Married,14,14,"Percent of population, crude",1,2022,12.6,12.0,13.3,0.29999999999999893,1.3000000000000007
Fair or poor health status in adults,Health status,140,Demographic Characteristic,1,Marital status,6,6,Married,14,14,"Percent of population, crude",1,2023,13.2,12.5,13.9,0.5999999999999996,1.4000000000000004
Fair or poor health status in adults,Health status,140,Demographic Characteristic,1,Marital status,6,6,Married,14,14,"Percent of population, crude",1,2024,13.1,12.4,13.8,-0.09999999999999964,1.4000000000000004
Fair or poor health status in adults,Health status,140,Demographic Characteristic,1,Marital status,6,6,Never married,18,18,"Percent of population, crude",1,2019,11.5,10.5,12.6,,2.0999999999999996
Fair or poor health status in adults,Health status,140,Demographic Characteristic,1,Marital status,6,6,Never married,18,18,"Percent of population, crude",1,2020,10.0,9.0,11.0,-1.5,2.0
Fair or poor health status in adults,Health status,140,Demographic Characteristic,1,Marital status,6,6,Never married,18,18,"Percent of population, crude",1,2021,10.0,9.1,10.9,0.0,1.8000000000000007
Fair or poor health status in adults,Health status,140,Demographic Characteristic,1,Marital status,6,6,Never married,18,18,"Percent of population, crude",1,2022,11.9,10.9,13.0,1.9000000000000004,2.0999999999999996
Fair or poor health status in adults,Health status,140,Demographic Characteristic,1,Marital status,6,6,Never married,18,18,"Percent of population, crude",1,2023,13.0,12.0,14.1,1.0999999999999996,2.0999999999999996
Fair or poor health status in adults,Health status,140,Demographic Characteristic,1,Marital status,6,6,Never married,18,18,"Percent of population, crude",1,2024,12.7,11.7,13.7,-0.3000000000000007,2.0
Fair or poor health status in adults,Health status,140,Demographic Characteristic,1,Marital status,6,6,Widowed,16,16,"Percent of population, crude",1,2019,29.6,27.5,31.8,,4.300000000000001
Fair or poor health status in adults,Health status,140,Demographic Characteristic,1,Marital status,6,6,Widowed,16,16,"Percent of population, crude",1,2020,27.6,25.3,30.0,-2.0,4.699999999999999
Fair or poor health status in adults,Health status,140,Demographic Characteristic,1,Marital status,6,6,Widowed,16,16,"Percent of population, crude",1,2021,26.0,23.9,28.2,-1.6000000000000014,4.300000000000001
Fair or poor health status in adults,Health status,140,Demographic Characteristic,1,Marital status,6,6,Widowed,16,16,"Percent of population, crude",1,2022,27.9,25.9,30.1,1.8999999999999986,4.200000000000003
Fair or poor health status in adults,Health status,140,Demographic Characteristic,1,Marital status,6,6,Widowed,16,16,"Percent of population, crude",1,2023,28.6,26.5,30.8,0.7000000000000028,4.300000000000001
Fair or poor health status in adults,Health status,140,Demographic Characteristic,1,Marital status,6,6,Widowed,16,16,"Percent of population, crude",1,2024,27.5,25.6,29.5,-1.1000000000000014,3.8999999999999986
Fair or poor health status in adults,Health status,140,Geographic Characteristic,2,Metropolitan statistical area,13,13,Large MSA,41,41,"Percent of population, crude",1,2019,13.8,13.2,14.5,,1.3000000000000007
Fair or poor health status in adults,Health status,140,Geographic Characteristic,2,Metropolitan statistical area,13,13,Large MSA,41,41,"Percent of population, crude",1,2020,12.2,11.5,12.8,-1.6000000000000014,1.3000000000000007
Fair or poor health status in adults,Health status,140,Geographic Characteristic,2,Metropolitan statistical area,13,13,Large MSA,41,41,"Percent of population, crude",1,2021,11.9,11.3,12.5,-0.29999999999999893,1.1999999999999993
Fair or poor health status in adults,Health status,140,Geographic Characteristic,2,Metropolitan statistical area,13,13,Large MSA,41,41,"Percent of population, crude",1,2022,13.1,12.5,13.8,1.1999999999999993,1.3000000000000007
Fair or poor health status in adults,Health status,140,Geographic Characteristic,2,Metropolitan statistical area,13,13,Large MSA,41,41,"Percent of population, crude",1,2023,13.8,13.2,14.4,0.7000000000000011,1.200000000000001
Fair or poor health status in adults,Health status,140,Geographic Characteristic,2,Metropolitan statistical area,13,13,Large MSA,41,41,"Percent of population, crude",1,2024,13.4,12.7,14.0,-0.40000000000000036,1.3000000000000007
Fair or poor health status in adults,Health status,140,Geographic Characteristic,2,Metropolitan statistical area,13,13,Non-MSA,43,43,"Percent of population, crude",1,2019,20.2,18.6,21.9,,3.299999999999997
Fair or poor health status in adults,Health status,140,Geographic Characteristic,2,Metropolitan statistical area,13,13,Non-MSA,43,43,"Percent of population, crude",1,2020,19.1,17.3,21.0,-1.0999999999999979,3.6999999999999993
Fair or poor health status in adults,Health status,140,Geographic Characteristic,2,Metropolitan statistical area,13,13,Non-MSA,43,43,"Percent of population, crude",1,2021,18.8,17.2,20.5,-0.3000000000000007,3.3000000000000007
Fair or poor health status in adults,Health status,140,Geographic Characteristic,2,Metropolitan statistical area,13,13,Non-MSA,43,43,"Percent of population, crude",1,2022,19.6,18.0,21.4,0.8000000000000007,3.3999999999999986
Fair or poor health status in adults,Health status,140,Geographic Characteristic,2,Metropolitan statistical area,13,13,Non-MSA,43,43,"Percent of population, crude",1,2023,19.8,18.1,21.5,0.1999999999999993,3.3999999999999986
Fair or poor health status in adults,Health status,140,Geographic Characteristic,2,Metropolitan statistical area,13,13,Non-MSA,43,43,"Percent of population, crude",1,2024,19.7,18.3,21.2,-0.10000000000000142,2.8999999999999986
Fair or poor health status in adults,Health status,140,Geographic Characteristic,2,Metropolitan statistical area,13,13,Small MSA,42,42,"Percent of population, crude",1,2019,15.5,14.6,16.5,,1.9000000000000004
Fair or poor health status in adults,Health status,140,Geographic Characteristic,2,Metropolitan statistical area,13,13,Small MSA,42,42,"Percent of population, crude",1,2020,14.5,13.5,15.5,-1.0,2.0
Fair or poor health status in adults,Health status,140,Geographic Characteristic,2,Metropolitan statistical area,13,13,Small MSA,42,42,"Percent of population, crude",1,2021,14.4,13.5,15.4,-0.09999999999999964,1.9000000000000004
Fair or poor health status in adults,Health status,140,Geographic Characteristic,2,Metropolitan statistical area,13,13,Small MSA,42,42,"Percent of population, crude",1,2022,14.7,13.8,15.7,0.29999999999999893,1.8999999999999986
Fair or poor health status in adults,Health status,140,Geographic Characteristic,2,Metropolitan statistical area,13,13,Small MSA,42,42,"Percent of population, crude",1,2023,15.5,14.6,16.5,0.8000000000000007,1.9000000000000004
Fair or poor health status in adults,Health status,140,Geographic Characteristic,2,Metropolitan statistical area,13,13,Small MSA,42,42,"Percent of population, crude",1,2024,15.4,14.4,16.3,-0.09999999999999964,1.9000000000000004
Fair or poor health status in adults,Health status,140,Demographic Characteristic,1,Nativity,7,7,Foreign-born,20,20,"Percent of population, crude",1,2019,14.7,13.4,16.0,,2.5999999999999996
Fair or poor health status in adults,Health status,140,Demographic Characteristic,1,Nativity,7,7,Foreign-born,20,20,"Percent of population, crude",1,2020,13.7,12.4,15.0,-1.0,2.5999999999999996
Fair or poor health status in adults,Health status,140,Demographic Characteristic,1,Nativity,7,7,Foreign-born,20,20,"Percent of population, crude",1,2021,13.3,12.1,14.6,-0.3999999999999986,2.5
Fair or poor health status in adults,Health status,140,Demographic Characteristic,1,Nativity,7,7,Foreign-born,20,20,"Percent of population, crude",1,2022,14.1,12.9,15.4,0.7999999999999989,2.5
Fair or poor health status in adults,Health status,140,Demographic Characteristic,1,Nativity,7,7,Foreign-born,20,20,"Percent of population, crude",1,2023,15.1,13.9,16.4,1.0,2.4999999999999982
Fair or poor health status in adults,Health status,140,Demographic Characteristic,1,Nativity,7,7,Foreign-born,20,20,"Percent of population, crude",1,2024,15.7,14.5,16.9,0.5999999999999996,2.3999999999999986
Fair or poor health status in adults,Health status,140,Demographic Characteristic,1,Nativity,7,7,U.S.-born,19,19,"Percent of population, crude",1,2019,15.1,14.6,15.7,,1.0999999999999996
Fair or poor health status in adults,Health status,140,Demographic Characteristic,1,Nativity,7,7,U.S.-born,19,19,"Percent of population, crude",1,2020,13.7,13.1,14.3,-1.4000000000000004,1.200000000000001
Fair or poor health status in adults,Health status,140,Demographic Characteristic,1,Nativity,7,7,U.S.-born,19,19,"Percent of population, crude",1,2021,13.3,12.8,13.9,-0.3999999999999986,1.0999999999999996
Fair or poor health status in adults,Health status,140,Demographic Characteristic,1,Nativity,7,7,U.S.-born,19,19,"Percent of population, crude",1,2022,14.4,13.8,14.9,1.0999999999999996,1.0999999999999996
Fair or poor health status in adults,Health status,140,Demographic Characteristic,1,Nativity,7,7,U.S.-born,19,19,"Percent of population, crude",1,2023,15.0,14.5,15.6,0.5999999999999996,1.0999999999999996
Fair or poor health status in adults,Health status,140,Demographic Characteristic,1,Nativity,7,7,U.S.-born,19,19,"Percent of population, crude",1,2024,14.6,14.1,15.2,-0.40000000000000036,1.0999999999999996
Fair or poor health status in adults,Health status,140,Socioeconomic Characteristic,3,Poverty level,21,21,100% to <200% FPL,77,77,"Percent of population, crude",1,2019,24.1,22.5,25.7,,3.1999999999999993
Fair or poor health status in adults,Health status,140,Socioeconomic Characteristic,3,Poverty level,21,21,100% to <200% FPL,77,77,"Percent of population, crude",1,2020,22.3,20.8,23.8,-1.8000000000000007,3.0
Fair or poor health status in adults,Health status,140,Socioeconomic Characteristic,3,Poverty level,21,21,100% to <200% FPL,77,77,"Percent of population, crude",1,2021,20.7,19.4,22.2,-1.6000000000000014,2.8000000000000007
Fair or poor health status in adults,Health status,140,Socioeconomic Characteristic,3,Poverty level,21,21,100% to <200% FPL,77,77,"Percent of population, crude",1,2022,23.4,21.9,24.9,2.6999999999999993,3.0
Fair or poor health status in adults,Health status,140,Socioeconomic Characteristic,3,Poverty level,21,21,100% to <200% FPL,77,77,"Percent of population, crude",1,2023,23.8,22.4,25.3,0.40000000000000213,2.900000000000002
Fair or poor health status in adults,Health status,140,Socioeconomic Characteristic,3,Poverty level,21,21,100% to <200% FPL,77,77,"Percent of population, crude",1,2024,23.5,22.0,25.0,-0.3000000000000007,3.0
Fair or poor health status in adults,Health status,140,Socioeconomic Characteristic,3,Poverty level,21,21,<100% FPL,76,76,"Percent of population, crude",1,2019,31.1,29.0,33.1,,4.100000000000001
Fair or poor health status in adults,Health status,140,Socioeconomic Characteristic,3,Poverty level,21,21,<100% FPL,76,76,"Percent of population, crude",1,2020,29.1,26.7,31.6,-2.0,4.900000000000002
Fair or poor health status in adults,Health status,140,Socioeconomic Characteristic,3,Poverty level,21,21,<100% FPL,76,76,"Percent of population, crude",1,2021,29.1,26.9,31.3,0.0,4.400000000000002
Fair or poor health status in adults,Health status,140,Socioeconomic Characteristic,3,Poverty level,21,21,<100% FPL,76,76,"Percent of population, crude",1,2022,30.4,28.3,32.6,1.2999999999999972,4.300000000000001
Fair or poor health status in adults,Health status,140,Socioeconomic Characteristic,3,Poverty level,21,21,<100% FPL,76,76,"Percent of population, crude",1,2023,29.4,27.3,31.5,-1.0,4.199999999999999
Fair or poor health status in adults,Health status,140,Socioeconomic Characteristic,3,Poverty level,21,21,<100% FPL,76,76,"Percent of population, crude",1,2024,29.1,27.1,31.1,-0.29999999999999716,4.0
Fair or poor health status in adults,Health status,140,Socioeconomic Characteristic,3,Poverty level,21,21,≥200% FPL,78,78,"Percent of population, crude",1,2019,10.4,9.9,10.9,,1.0
Fair or poor health status in adults,Health status,140,Socioeconomic Characteristic,3,Poverty level,21,21,≥200% FPL,78,78,"Percent of population, crude",1,2020,9.6,9.1,10.1,-0.8000000000000007,1.0
Fair or poor health status in adults,Health status,140,Socioeconomic Characteristic,3,Poverty level,21,21,≥200% FPL,78,78,"Percent of population, crude",1,2021,9.7,9.2,10.2,0.09999999999999964,1.0
Fair or poor health status in adults,Health status,140,Socioeconomic Characteristic,3,Poverty level,21,21,≥200% FPL,78,78,"Percent of population, crude",1,2022,10.2,9.7,10.7,0.5,1.0
Fair or poor health status in adults,Health status,140,Socioeconomic Characteristic,3,Poverty level,21,21,≥200% FPL,78,78,"Percent of population, crude",1,2023,11.0,10.5,11.5,0.8000000000000007,1.0
Fair or poor health status in adults,Health status,140,Socioeconomic Characteristic,3,Poverty level,21,21,≥200% FPL,78,78,"Percent of population, crude",1,2024,10.8,10.3,11.3,-0.1999999999999993,1.0
Fair or poor health status in adults,Health status,140,Demographic Characteristic,1,Race,8,8,American Indian and Alaska Native and White,26,26,"Percent of population, crude",1,2019,28.5,20.9,37.3,,16.4
Fair or poor health status in adults,Health status,140,Demographic Characteristic,1,Race,8,8,American Indian and Alaska Native and White,26,26,"Percent of population, crude",1,2020,25.5,18.1,34.2,-3.0,16.1
Fair or poor health status in adults,Health status,140,Demographic Characteristic,1,Race,8,8,American Indian and Alaska Native and White,26,26,"Percent of population, crude",1,2021,21.4,14.5,29.7,-4.100000000000001,15.2
Fair or poor health status in adults,Health status,140,Demographic Characteristic,1,Race,8,8,American Indian and Alaska Native and White,26,26,"Percent of population, crude",1,2022,29.9,21.9,38.9,8.5,17.0
Fair or poor health status in adults,Health status,140,Demographic Characteristic,1,Race,8,8,American Indian and Alaska Native and White,26,26,"Percent of population, crude",1,2023,22.5,15.7,30.5,-7.399999999999999,14.8
Fair or poor health status in adults,Health status,140,Demographic Characteristic,1,Race,8,8,American Indian and Alaska Native and White,26,26,"Percent of population, crude",1,2024,28.3,21.2,36.3,5.800000000000001,15.099999999999998
Fair or poor health status in adults,Health status,140,Demographic Characteristic,1,Race,8,8,American Indian and Alaska Native only,21,21,"Percent of population, crude",1,2019,25.0,17.6,33.8,,16.199999999999996
Fair or poor health status in adults,Health status,140,Demographic Characteristic,1,Race,8,8,American Indian and Alaska Native only,21,21,"Percent of population, crude",1,2020,22.4,14.3,32.3,-2.6000000000000014,17.999999999999996
Fair or poor health status in adults,Health status,140,Demographic Characteristic,1,Race,8,8,American Indian and Alaska Native only,21,21,"Percent of population, crude",1,2021,22.9,17.2,29.6,0.5,12.400000000000002
Fair or poor health status in adults,Health status,140,Demographic Characteristic,1,Race,8,8,American Indian and Alaska Native only,21,21,"Percent of population, crude",1,2022,19.1,14.4,24.6,-3.799999999999997,10.200000000000001
Fair or poor health status in adults,Health status,140,Demographic Characteristic,1,Race,8,8,American Indian and Alaska Native only,21,21,"Percent of population, crude",1,2023,19.6,15.0,24.8,0.5,9.8
Fair or poor health status in adults,Health status,140,Demographic Characteristic,1,Race,8,8,American Indian and Alaska Native only,21,21,"Percent of population, crude",1,2024,24.4,18.5,31.1,4.799999999999997,12.600000000000001
Fair or poor health status in adults,Health status,140,Demographic Characteristic,1,Race,8,8,Asian only,22,22,"Percent of population, crude",1,2019,9.3,7.6,11.2,,3.5999999999999996
Fair or poor health status in adults,Health status,140,Demographic Characteristic,1,Race,8,8,Asian only,22,22,"Percent of population, crude",1,2020,8.4,6.6,10.5,-0.9000000000000004,3.9000000000000004
Fair or poor health status in adults,Health status,140,Demographic Characteristic,1,Race,8,8,Asian only,22,22,"Percent of population, crude",1,2021,8.8,7.2,10.7,0.40000000000000036,3.499999999999999
Fair or poor health status in adults,Health status,140,Demographic Characteristic,1,Race,8,8,Asian only,22,22,"Percent of population, crude",1,2022,10.3,8.5,12.3,1.5,3.8000000000000007
Fair or poor health status in adults,Health status,140,Demographic Characteristic,1,Race,8,8,Asian only,22,22,"Percent of population, crude",1,2023,9.8,8.3,11.5,-0.5,3.1999999999999993
Fair or poor health status in adults,Health status,140,Demographic Characteristic,1,Race,8,8,Asian only,22,22,"Percent of population, crude",1,2024,11.9,10.2,13.7,2.0999999999999996,3.5
Fair or poor health status in adults,Health status,140,Demographic Characteristic,1,Race,8,8,Black and White,27,27,"Percent of population, crude",1,2022,16.6,9.0,27.1,,18.1
Fair or poor health status in adults,Health status,140,Demographic Characteristic,1,Race,8,8,Black and White,27,27,"Percent of population, crude",1,2023,11.3,5.7,19.5,-5.300000000000001,13.8
Fair or poor health status in adults,Health status,140,Demographic Characteristic,1,Race,8,8,Black and White,27,27,"Percent of population, crude",1,2024,14.9,8.8,22.9,3.5999999999999996,14.099999999999998
Fair or poor health status in adults,Health status,140,Demographic Characteristic,1,Race,8,8,Black only,23,23,"Percent of population, crude",1,2019,20.4,18.8,22.1,,3.3000000000000007
Fair or poor health status in adults,Health status,140,Demographic Characteristic,1,Race,8,8,Black only,23,23,"Percent of population, crude",1,2020,18.8,17.1,20.7,-1.5999999999999979,3.599999999999998
Fair or poor health status in adults,Health status,140,Demographic Characteristic,1,Race,8,8,Black only,23,23,"Percent of population, crude",1,2021,18.2,16.7,19.8,-0.6000000000000014,3.1000000000000014
Fair or poor health status in adults,Health status,140,Demographic Characteristic,1,Race,8,8,Black only,23,23,"Percent of population, crude",1,2022,18.8,17.2,20.5,0.6000000000000014,3.3000000000000007
Fair or poor health status in adults,Health status,140,Demographic Characteristic,1,Race,8,8,Black only,23,23,"Percent of population, crude",1,2023,18.9,17.3,20.5,0.09999999999999787,3.1999999999999993
Fair or poor health status in adults,Health status,140,Demographic Characteristic,1,Race,8,8,Black only,23,23,"Percent of population, crude",1,2024,19.9,18.3,21.6,1.0,3.3000000000000007
Fair or poor health status in adults,Health status,140,Demographic Characteristic,1,Race,8,8,Native Hawaiian or Other Pacific Islander only,24,24,"Percent of population, crude",1,2019,18.5,9.0,32.1,,23.1
Fair or poor health status in adults,Health status,140,Demographic Characteristic,1,Race,8,8,Native Hawaiian or Other Pacific Islander only,24,24,"Percent of population, crude",1,2021,12.7,6.8,21.1,-5.800000000000001,14.3
Fair or poor health status in adults,Health status,140,Demographic Characteristic,1,Race,8,8,Native Hawaiian or Other Pacific Islander only,24,24,"Percent of population, crude",1,2022,13.6,6.8,23.3,0.9000000000000004,16.5
Fair or poor health status in adults,Health status,140,Demographic Characteristic,1,Race,8,8,Native Hawaiian or Other Pacific Islander only,24,24,"Percent of population, crude",1,2023,21.8,10.8,36.9,8.200000000000001,26.099999999999998
Fair or poor health status in adults,Health status,140,Demographic Characteristic,1,Race,8,8,Native Hawaiian or Other Pacific Islander only,24,24,"Percent of population, crude",1,2024,18.3,11.3,27.3,-3.5,16.0
Fair or poor health status in adults,Health status,140,Demographic Characteristic,1,Race,8,8,White only,25,25,"Percent of population, crude",1,2019,14.2,13.6,14.8,,1.200000000000001
Fair or poor health status in adults,Health status,140,Demographic Characteristic,1,Race,8,8,White only,25,25,"Percent of population, crude",1,2020,13.0,12.4,13.6,-1.1999999999999993,1.1999999999999993
Fair or poor health status in adults,Health status,140,Demographic Characteristic,1,Race,8,8,White only,25,25,"Percent of population, crude",1,2021,12.9,12.3,13.5,-0.09999999999999964,1.1999999999999993
Fair or poor health status in adults,Health status,140,Demographic Characteristic,1,Race,8,8,White only,25,25,"Percent of population, crude",1,2022,13.6,13.0,14.2,0.6999999999999993,1.1999999999999993
Fair or poor health status in adults,Health status,140,Demographic Characteristic,1,Race,8,8,White only,25,25,"Percent of population, crude",1,2023,14.5,13.9,15.1,0.9000000000000004,1.1999999999999993
Fair or poor health status in adults,Health status,140,Demographic Characteristic,1,Race,8,8,White only,25,25,"Percent of population, crude",1,2024,13.9,13.3,14.4,-0.5999999999999996,1.0999999999999996
Fair or poor health status in adults,Health status,140,Demographic Characteristic,1,Race and Hispanic origin,9,9,"All races, Hispanic",28,28,"Percent of population, crude",1,2019,17.3,15.8,19.0,,3.1999999999999993
Fair or poor health status in adults,Health status,140,Demographic Characteristic,1,Race and Hispanic origin,9,9,"All races, Hispanic",28,28,"Percent of population, crude",1,2020,16.1,14.6,17.7,-1.1999999999999993,3.0999999999999996
Fair or poor health status in adults,Health status,140,Demographic Characteristic,1,Race and Hispanic origin,9,9,"All races, Hispanic",28,28,"Percent of population, crude",1,2021,15.4,13.9,16.9,-0.7000000000000011,2.9999999999999982
Fair or poor health status in adults,Health status,140,Demographic Characteristic,1,Race and Hispanic origin,9,9,"All races, Hispanic",28,28,"Percent of population, crude",1,2022,16.1,14.8,17.5,0.7000000000000011,2.6999999999999993
Fair or poor health status in adults,Health status,140,Demographic Characteristic,1,Race and Hispanic origin,9,9,"All races, Hispanic",28,28,"Percent of population, crude",1,2023,16.9,15.6,18.2,0.7999999999999972,2.5999999999999996
Fair or poor health status in adults,Health status,140,Demographic Characteristic,1,Race and Hispanic origin,9,9,"All races, Hispanic",28,28,"Percent of population, crude",1,2024,16.5,15.2,17.8,-0.3999999999999986,2.6000000000000014
Fair or poor health status in adults,Health status,140,Demographic Characteristic,1,Race and Hispanic origin,9,9,"All races, Hispanic, Mexican",29,29,"Percent of population, crude",1,2019,16.8,14.8,19.0,,4.199999999999999
Fair or poor health status in adults,Health status,140,Demographic Characteristic,1,Race and Hispanic origin,9,9,"All races, Hispanic, Mexican",29,29,"Percent of population, crude",1,2020,16.4,14.3,18.6,-0.40000000000000213,4.300000000000001
Fair or poor health status in adults,Health status,140,Demographic Characteristic,1,Race and Hispanic origin,9,9,"All races, Hispanic, Mexican",29,29,"Percent of population, crude",1,2021,15.7,13.8,17.7,-0.6999999999999993,3.8999999999999986
Fair or poor health status in adults,Health status,140,Demographic Characteristic,1,Race and Hispanic origin,9,9,"All races, Hispanic, Mexican",29,29,"Percent of population, crude",1,2022,16.0,14.2,17.9,0.3000000000000007,3.6999999999999993
Fair or poor health status in adults,Health status,140,Demographic Characteristic,1,Race and Hispanic origin,9,9,"All races, Hispanic, Mexican",29,29,"Percent of population, crude",1,2023,17.3,15.6,19.1,1.3000000000000007,3.5000000000000018
Fair or poor health status in adults,Health status,140,Demographic Characteristic,1,Race and Hispanic origin,9,9,"All races, Hispanic, Mexican",29,29,"Percent of population, crude",1,2024,16.9,15.2,18.7,-0.40000000000000213,3.5
Fair or poor health status in adults,Health status,140,Demographic Characteristic,1,Race and Hispanic origin,9,9,"All races, non-Hispanic",30,30,"Percent of population, crude",1,2019,14.9,14.3,15.4,,1.0999999999999996
Fair or poor health status in adults,Health status,140,Demographic Characteristic,1,Race and Hispanic origin,9,9,"All races, non-Hispanic",30,30,"Percent of population, crude",1,2020,13.4,12.8,14.0,-1.5,1.1999999999999993
Fair or poor health status in adults,Health status,140,Demographic Characteristic,1,Race and Hispanic origin,9,9,"All races, non-Hispanic",30,30,"Percent of population, crude",1,2021,13.2,12.7,13.8,-0.20000000000000107,1.1000000000000014
Fair or poor health status in adults,Health status,140,Demographic Characteristic,1,Race and Hispanic origin,9,9,"All races, non-Hispanic",30,30,"Percent of population, crude",1,2022,14.2,13.6,14.7,1.0,1.0999999999999996
Fair or poor health status in adults,Health status,140,Demographic Characteristic,1,Race and Hispanic origin,9,9,"All races, non-Hispanic",30,30,"Percent of population, crude",1,2023,14.8,14.2,15.3,0.6000000000000014,1.1000000000000014
Fair or poor health status in adults,Health status,140,Demographic Characteristic,1,Race and Hispanic origin,9,9,"All races, non-Hispanic",30,30,"Percent of population, crude",1,2024,14.5,14.0,15.0,-0.3000000000000007,1.0
Fair or poor health status in adults,Health status,140,Demographic Characteristic,1,Race and Hispanic origin,9,9,"Black only, non-Hispanic",31,31,"Percent of population, crude",1,2019,20.2,18.5,21.9,,3.3999999999999986
Fair or poor health status in adults,Health status,140,Demographic Characteristic,1,Race and Hispanic origin,9,9,"Black only, non-Hispanic",31,31,"Percent of population, crude",1,2020,18.7,17.0,20.6,-1.5,3.6000000000000014
Fair or poor health status in adults,Health status,140,Demographic Characteristic,1,Race and Hispanic origin,9,9,"Black only, non-Hispanic",31,31,"Percent of population, crude",1,2021,18.3,16.8,20.0,-0.3999999999999986,3.1999999999999993
Fair or poor health status in adults,Health status,140,Demographic Characteristic,1,Race and Hispanic origin,9,9,"Black only, non-Hispanic",31,31,"Percent of population, crude",1,2022,18.8,17.1,20.5,0.5,3.3999999999999986
Fair or poor health status in adults,Health status,140,Demographic Characteristic,1,Race and Hispanic origin,9,9,"Black only, non-Hispanic",31,31,"Percent of population, crude",1,2023,18.7,17.1,20.4,-0.10000000000000142,3.299999999999997
Fair or poor health status in adults,Health status,140,Demographic Characteristic,1,Race and Hispanic origin,9,9,"Black only, non-Hispanic",31,31,"Percent of population, crude",1,2024,20.1,18.4,21.9,1.4000000000000021,3.5
Fair or poor health status in adults,Health status,140,Demographic Characteristic,1,Race and Hispanic origin,9,9,"Other races, non-Hispanic",33,33,"Percent of population, crude",1,2019,13.0,11.4,14.7,,3.299999999999999
Fair or poor health status in adults,Health status,140,Demographic Characteristic,1,Race and Hispanic origin,9,9,"Other races, non-Hispanic",33,33,"Percent of population, crude",1,2020,10.8,9.0,12.8,-2.1999999999999993,3.8000000000000007
Fair or poor health status in adults,Health status,140,Demographic Characteristic,1,Race and Hispanic origin,9,9,"Other races, non-Hispanic",33,33,"Percent of population, crude",1,2021,11.2,9.5,13.0,0.3999999999999986,3.5
Fair or poor health status in adults,Health status,140,Demographic Characteristic,1,Race and Hispanic origin,9,9,"Other races, non-Hispanic",33,33,"Percent of population, crude",1,2022,12.5,10.9,14.3,1.3000000000000007,3.4000000000000004
Fair or poor health status in adults,Health status,140,Demographic Characteristic,1,Race and Hispanic origin,9,9,"Other races, non-Hispanic",33,33,"Percent of population, crude",1,2023,11.9,10.5,13.4,-0.5999999999999996,2.9000000000000004
Fair or poor health status in adults,Health status,140,Demographic Characteristic,1,Race and Hispanic origin,9,9,"Other races, non-Hispanic",33,33,"Percent of population, crude",1,2024,14.2,12.7,15.9,2.299999999999999,3.200000000000001
Fair or poor health status in adults,Health status,140,Demographic Characteristic,1,Race and Hispanic origin,9,9,"White only, non-Hispanic",32,32,"Percent of population, crude",1,2019,14.1,13.5,14.8,,1.3000000000000007
Fair or poor health status in adults,Health status,140,Demographic Characteristic,1,Race and Hispanic origin,9,9,"White only, non-Hispanic",32,32,"Percent of population, crude",1,2020,12.8,12.1,13.4,-1.299999999999999,1.3000000000000007
Fair or poor health status in adults,Health status,140,Demographic Characteristic,1,Race and Hispanic origin,9,9,"White only, non-Hispanic",32,32,"Percent of population, crude",1,2021,12.5,12.0,13.1,-0.3000000000000007,1.0999999999999996
Fair or poor health status in adults,Health status,140,Demographic Characteristic,1,Race and Hispanic origin,9,9,"White only, non-Hispanic",32,32,"Percent of population, crude",1,2022,13.5,12.9,14.2,1.0,1.299999999999999
Fair or poor health status in adults,Health status,140,Demographic Characteristic,1,Race and Hispanic origin,9,9,"White only, non-Hispanic",32,32,"Percent of population, crude",1,2023,14.4,13.8,15.1,0.9000000000000004,1.299999999999999
Fair or poor health status in adults,Health status,140,Demographic Characteristic,1,Race and Hispanic origin,9,9,"White only, non-Hispanic",32,32,"Percent of population, crude",1,2024,13.4,12.9,14.0,-1.0,1.0999999999999996
Fair or poor health status in adults,Health status,140,Geographic Characteristic,2,Region,14,14,Midwest,45,45,"Percent of population, crude",1,2019,13.6,12.5,14.8,,2.3000000000000007
Fair or poor health status in adults,Health status,140,Geographic Characteristic,2,Region,14,14,Midwest,45,45,"Percent of population, crude",1,2020,13.4,12.3,14.5,-0.1999999999999993,2.1999999999999993
Fair or poor health status in adults,Health status,140,Geographic Characteristic,2,Region,14,14,Midwest,45,45,"Percent of population, crude",1,2021,12.7,11.7,13.7,-0.7000000000000011,2.0
Fair or poor health status in adults,Health status,140,Geographic Characteristic,2,Region,14,14,Midwest,45,45,"Percent of population, crude",1,2022,13.3,12.3,14.5,0.6000000000000014,2.1999999999999993
Fair or poor health status in adults,Health status,140,Geographic Characteristic,2,Region,14,14,Midwest,45,45,"Percent of population, crude",1,2023,14.1,12.9,15.2,0.7999999999999989,2.299999999999999
Fair or poor health status in adults,Health status,140,Geographic Characteristic,2,Region,14,14,Midwest,45,45,"Percent of population, crude",1,2024,14.0,13.0,15.1,-0.09999999999999964,2.0999999999999996
Fair or poor health status in adults,Health status,140,Geographic Characteristic,2,Region,14,14,Northeast,44,44,"Percent of population, crude",1,2019,14.9,13.7,16.2,,2.5
Fair or poor health status in adults,Health status,140,Geographic Characteristic,2,Region,14,14,Northeast,44,44,"Percent of population, crude",1,2020,12.4,11.1,13.8,-2.5,2.700000000000001
Fair or poor health status in adults,Health status,140,Geographic Characteristic,2,Region,14,14,Northeast,44,44,"Percent of population, crude",1,2021,11.6,10.5,12.7,-0.8000000000000007,2.1999999999999993
Fair or poor health status in adults,Health status,140,Geographic Characteristic,2,Region,14,14,Northeast,44,44,"Percent of population, crude",1,2022,13.5,12.4,14.6,1.9000000000000004,2.1999999999999993
Fair or poor health status in adults,Health status,140,Geographic Characteristic,2,Region,14,14,Northeast,44,44,"Percent of population, crude",1,2023,14.2,13.0,15.5,0.6999999999999993,2.5
Fair or poor health status in adults,Health status,140,Geographic Characteristic,2,Region,14,14,Northeast,44,44,"Percent of population, crude",1,2024,14.3,13.2,15.5,0.10000000000000142,2.3000000000000007
Fair or poor health status in adults,Health status,140,Geographic Characteristic,2,Region,14,14,South,46,46,"Percent of population, crude",1,2019,16.8,16.0,17.7,,1.6999999999999993
Fair or poor health status in adults,Health status,140,Geographic Characteristic,2,Region,14,14,South,46,46,"Percent of population, crude",1,2020,15.8,14.9,16.8,-1.0,1.9000000000000004
Fair or poor health status in adults,Health status,140,Geographic Characteristic,2,Region,14,14,South,46,46,"Percent of population, crude",1,2021,15.6,14.7,16.6,-0.20000000000000107,1.9000000000000021
Fair or poor health status in adults,Health status,140,Geographic Characteristic,2,Region,14,14,South,46,46,"Percent of population, crude",1,2022,16.3,15.5,17.2,0.7000000000000011,1.6999999999999993
Fair or poor health status in adults,Health status,140,Geographic Characteristic,2,Region,14,14,South,46,46,"Percent of population, crude",1,2023,16.4,15.5,17.3,0.09999999999999787,1.8000000000000007
Fair or poor health status in adults,Health status,140,Geographic Characteristic,2,Region,14,14,South,46,46,"Percent of population, crude",1,2024,16.2,15.4,17.1,-0.1999999999999993,1.700000000000001
Fair or poor health status in adults,Health status,140,Geographic Characteristic,2,Region,14,14,West,47,47,"Percent of population, crude",1,2019,14.5,13.4,15.6,,2.1999999999999993
Fair or poor health status in adults,Health status,140,Geographic Characteristic,2,Region,14,14,West,47,47,"Percent of population, crude",1,2020,12.2,11.2,13.3,-2.3000000000000007,2.1000000000000014
Fair or poor health status in adults,Health status,140,Geographic Characteristic,2,Region,14,14,West,47,47,"Percent of population, crude",1,2021,12.6,11.6,13.6,0.40000000000000036,2.0
Fair or poor health status in adults,Health status,140,Geographic Characteristic,2,Region,14,14,West,47,47,"Percent of population, crude",1,2022,13.4,12.3,14.5,0.8000000000000007,2.1999999999999993
Fair or poor health status in adults,Health status,140,Geographic Characteristic,2,Region,14,14,West,47,47,"Percent of population, crude",1,2023,14.7,13.8,15.7,1.299999999999999,1.8999999999999986
Fair or poor health status in adults,Health status,140,Geographic Characteristic,2,Region,14,14,West,47,47,"Percent of population, crude",1,2024,13.7,12.7,14.7,-1.0,2.0
Fair or poor health status in adults,Health status,140,Demographic Characteristic,1,Sex,10,10,Female,34,34,"Percent of population, crude",1,2019,15.6,14.9,16.4,,1.4999999999999982
Fair or poor health status in adults,Health status,140,Demographic Characteristic,1,Sex,10,10,Female,34,34,"Percent of population, crude",1,2020,14.4,13.7,15.2,-1.1999999999999993,1.5
Fair or poor health status in adults,Health status,140,Demographic Characteristic,1,Sex,10,10,Female,34,34,"Percent of population, crude",1,2021,13.9,13.3,14.6,-0.5,1.299999999999999
Fair or poor health status in adults,Health status,140,Demographic Characteristic,1,Sex,10,10,Female,34,34,"Percent of population, crude",1,2022,15.2,14.5,15.9,1.299999999999999,1.4000000000000004
Fair or poor health status in adults,Health status,140,Demographic Characteristic,1,Sex,10,10,Female,34,34,"Percent of population, crude",1,2023,15.6,14.9,16.3,0.40000000000000036,1.4000000000000004
Fair or poor health status in adults,Health status,140,Demographic Characteristic,1,Sex,10,10,Female,34,34,"Percent of population, crude",1,2024,15.5,14.8,16.2,-0.09999999999999964,1.3999999999999986
Fair or poor health status in adults,Health status,140,Demographic Characteristic,1,Sex,10,10,Male,35,35,"Percent of population, crude",1,2019,14.9,14.2,15.6,,1.4000000000000004
Fair or poor health status in adults,Health status,140,Demographic Characteristic,1,Sex,10,10,Male,35,35,"Percent of population, crude",1,2020,13.2,12.5,13.9,-1.700000000000001,1.4000000000000004
Fair or poor health status in adults,Health status,140,Demographic Characteristic,1,Sex,10,10,Male,35,35,"Percent of population, crude",1,2021,13.2,12.5,13.9,0.0,1.4000000000000004
Fair or poor health status in adults,Health status,140,Demographic Characteristic,1,Sex,10,10,Male,35,35,"Percent of population, crude",1,2022,13.8,13.1,14.6,0.6000000000000014,1.5
Fair or poor health status in adults,Health status,140,Demographic Characteristic,1,Sex,10,10,Male,35,35,"Percent of population, crude",1,2023,14.7,14.0,15.4,0.8999999999999986,1.4000000000000004
Fair or poor health status in adults,Health status,140,Demographic Characteristic,1,Sex,10,10,Male,35,35,"Percent of population, crude",1,2024,14.2,13.5,14.8,-0.5,1.3000000000000007
Fair or poor health status in adults,Health status,140,Demographic Characteristic,1,Sexual orientation,11,11,Bisexual,36,36,"Percent of population, crude",1,2019,17.6,13.3,22.5,,9.2
Fair or poor health status in adults,Health status,140,Demographic Characteristic,1,Sexual orientation,11,11,Bisexual,36,36,"Percent of population, crude",1,2020,16.1,12.0,21.0,-1.5,9.0
Fair or poor health status in adults,Health status,140,Demographic Characteristic,1,Sexual orientation,11,11,Bisexual,36,36,"Percent of population, crude",1,2021,12.2,9.4,15.5,-3.900000000000002,6.1
Fair or poor health status in adults,Health status,140,Demographic Characteristic,1,Sexual orientation,11,11,Bisexual,36,36,"Percent of population, crude",1,2022,18.8,15.0,23.1,6.600000000000001,8.100000000000001
Fair or poor health status in adults,Health status,140,Demographic Characteristic,1,Sexual orientation,11,11,Bisexual,36,36,"Percent of population, crude",1,2023,18.5,14.9,22.6,-0.3000000000000007,7.700000000000001
Fair or poor health status in adults,Health status,140,Demographic Characteristic,1,Sexual orientation,11,11,Bisexual,36,36,"Percent of population, crude",1,2024,17.3,14.1,20.8,-1.1999999999999993,6.700000000000001
Fair or poor health status in adults,Health status,140,Demographic Characteristic,1,Sexual orientation,11,11,Gay or Lesbian,37,37,"Percent of population, crude",1,2019,10.9,7.9,14.6,,6.699999999999999
Fair or poor health status in adults,Health status,140,Demographic Characteristic,1,Sexual orientation,11,11,Gay or Lesbian,37,37,"Percent of population, crude",1,2020,10.9,8.0,14.4,0.0,6.4
Fair or poor health status in adults,Health status,140,Demographic Characteristic,1,Sexual orientation,11,11,Gay or Lesbian,37,37,"Percent of population, crude",1,2021,10.5,7.6,14.1,-0.40000000000000036,6.5
Fair or poor health status in adults,Health status,140,Demographic Characteristic,1,Sexual orientation,11,11,Gay or Lesbian,37,37,"Percent of population, crude",1,2022,13.6,10.4,17.5,3.0999999999999996,7.1
Fair or poor health status in adults,Health status,140,Demographic Characteristic,1,Sexual orientation,11,11,Gay or Lesbian,37,37,"Percent of population, crude",1,2023,11.3,8.4,14.7,-2.299999999999999,6.299999999999999
Fair or poor health status in adults,Health status,140,Demographic Characteristic,1,Sexual orientation,11,11,Gay or Lesbian,37,37,"Percent of population, crude",1,2024,13.0,10.2,16.2,1.6999999999999993,6.0
Fair or poor health status in adults,Health status,140,Demographic Characteristic,1,Sexual orientation,11,11,Straight,38,38,"Percent of population, crude",1,2019,14.9,14.4,15.5,,1.0999999999999996
Fair or poor health status in adults,Health status,140,Demographic Characteristic,1,Sexual orientation,11,11,Straight,38,38,"Percent of population, crude",1,2020,13.5,13.0,14.1,-1.4000000000000004,1.0999999999999996
Fair or poor health status in adults,Health status,140,Demographic Characteristic,1,Sexual orientation,11,11,Straight,38,38,"Percent of population, crude",1,2021,13.3,12.8,13.8,-0.1999999999999993,1.0
Fair or poor health status in adults,Health status,140,Demographic Characteristic,1,Sexual orientation,11,11,Straight,38,38,"Percent of population, crude",1,2022,14.1,13.5,14.6,0.7999999999999989,1.0999999999999996
Fair or poor health status in adults,Health status,140,Demographic Characteristic,1,Sexual orientation,11,11,Straight,38,38,"Percent of population, crude",1,2023,14.8,14.3,15.4,0.7000000000000011,1.0999999999999996
Fair or poor health status in adults,Health status,140,Demographic Characteristic,1,Sexual orientation,11,11,Straight,38,38,"Percent of population, crude",1,2024,14.6,14.1,15.1,-0.20000000000000107,1.0
Fair or poor health status in adults,Health status,140,Geographic Characteristic,2,Social vulnerability,15,15,High social vulnerability,51,51,"Percent of population, crude",1,2019,19.0,17.8,20.3,,2.5
Fair or poor health status in adults,Health status,140,Geographic Characteristic,2,Social vulnerability,15,15,High social vulnerability,51,51,"Percent of population, crude",1,2020,16.8,15.5,18.1,-2.1999999999999993,2.6000000000000014
Fair or poor health status in adults,Health status,140,Geographic Characteristic,2,Social vulnerability,15,15,High social vulnerability,51,51,"Percent of population, crude",1,2021,17.6,16.4,18.8,0.8000000000000007,2.400000000000002
Fair or poor health status in adults,Health status,140,Geographic Characteristic,2,Social vulnerability,15,15,High social vulnerability,51,51,"Percent of population, crude",1,2022,17.0,16.1,17.9,-0.6000000000000014,1.7999999999999972
Fair or poor health status in adults,Health status,140,Geographic Characteristic,2,Social vulnerability,15,15,High social vulnerability,51,51,"Percent of population, crude",1,2023,18.0,17.0,19.0,1.0,2.0
Fair or poor health status in adults,Health status,140,Geographic Characteristic,2,Social vulnerability,15,15,High social vulnerability,51,51,"Percent of population, crude",1,2024,17.3,16.4,18.3,-0.6999999999999993,1.9000000000000021
Fair or poor health status in adults,Health status,140,Geographic Characteristic,2,Social vulnerability,15,15,Little to no social vulnerability,48,48,"Percent of population, crude",1,2019,11.1,10.2,12.1,,1.9000000000000004
Fair or poor health status in adults,Health status,140,Geographic Characteristic,2,Social vulnerability,15,15,Little to no social vulnerability,48,48,"Percent of population, crude",1,2020,10.6,9.6,11.8,-0.5,2.200000000000001
Fair or poor health status in adults,Health status,140,Geographic Characteristic,2,Social vulnerability,15,15,Little to no social vulnerability,48,48,"Percent of population, crude",1,2021,10.5,9.5,11.5,-0.09999999999999964,2.0
Fair or poor health status in adults,Health status,140,Geographic Characteristic,2,Social vulnerability,15,15,Little to no social vulnerability,48,48,"Percent of population, crude",1,2022,10.1,9.0,11.3,-0.40000000000000036,2.3000000000000007
Fair or poor health status in adults,Health status,140,Geographic Characteristic,2,Social vulnerability,15,15,Little to no social vulnerability,48,48,"Percent of population, crude",1,2023,11.9,10.8,13.0,1.8000000000000007,2.1999999999999993
Fair or poor health status in adults,Health status,140,Geographic Characteristic,2,Social vulnerability,15,15,Little to no social vulnerability,48,48,"Percent of population, crude",1,2024,11.5,10.5,12.6,-0.40000000000000036,2.0999999999999996
Fair or poor health status in adults,Health status,140,Geographic Characteristic,2,Social vulnerability,15,15,Low social vulnerability,49,49,"Percent of population, crude",1,2019,13.3,12.3,14.3,,2.0
Fair or poor health status in adults,Health status,140,Geographic Characteristic,2,Social vulnerability,15,15,Low social vulnerability,49,49,"Percent of population, crude",1,2020,12.5,11.5,13.5,-0.8000000000000007,2.0
Fair or poor health status in adults,Health status,140,Geographic Characteristic,2,Social vulnerability,15,15,Low social vulnerability,49,49,"Percent of population, crude",1,2021,11.9,11.0,12.8,-0.5999999999999996,1.8000000000000007
Fair or poor health status in adults,Health status,140,Geographic Characteristic,2,Social vulnerability,15,15,Low social vulnerability,49,49,"Percent of population, crude",1,2022,12.3,11.4,13.3,0.40000000000000036,1.9000000000000004
Fair or poor health status in adults,Health status,140,Geographic Characteristic,2,Social vulnerability,15,15,Low social vulnerability,49,49,"Percent of population, crude",1,2023,13.3,12.4,14.3,1.0,1.9000000000000004
Fair or poor health status in adults,Health status,140,Geographic Characteristic,2,Social vulnerability,15,15,Low social vulnerability,49,49,"Percent of population, crude",1,2024,13.5,12.5,14.6,0.1999999999999993,2.0999999999999996
Fair or poor health status in adults,Health status,140,Geographic Characteristic,2,Social vulnerability,15,15,Medium social vulnerability,50,50,"Percent of population, crude",1,2019,16.5,15.6,17.5,,1.9000000000000004
Fair or poor health status in adults,Health status,140,Geographic Characteristic,2,Social vulnerability,15,15,Medium social vulnerability,50,50,"Percent of population, crude",1,2020,14.7,13.7,15.6,-1.8000000000000007,1.9000000000000004
Fair or poor health status in adults,Health status,140,Geographic Characteristic,2,Social vulnerability,15,15,Medium social vulnerability,50,50,"Percent of population, crude",1,2021,14.0,13.1,14.9,-0.6999999999999993,1.8000000000000007
Fair or poor health status in adults,Health status,140,Geographic Characteristic,2,Social vulnerability,15,15,Medium social vulnerability,50,50,"Percent of population, crude",1,2022,15.7,14.6,16.7,1.6999999999999993,2.0999999999999996
Fair or poor health status in adults,Health status,140,Geographic Characteristic,2,Social vulnerability,15,15,Medium social vulnerability,50,50,"Percent of population, crude",1,2023,14.8,13.8,15.8,-0.8999999999999986,2.0
Fair or poor health status in adults,Health status,140,Geographic Characteristic,2,Social vulnerability,15,15,Medium social vulnerability,50,50,"Percent of population, crude",1,2024,14.7,13.7,15.6,-0.10000000000000142,1.9000000000000004
Fair or poor health status in adults,Health status,140,Total,0,Total,1,1,18 years and older,1,1,"Percent of population, crude",1,2019,15.3,14.7,15.8,,1.1000000000000014
Fair or poor health status in adults,Health status,140,Total,0,Total,1,1,18 years and older,1,1,"Percent of population, crude",1,2020,13.8,13.3,14.4,-1.5,1.0999999999999996
Fair or poor health status in adults,Health status,140,Total,0,Total,1,1,18 years and older,1,1,"Percent of population, crude",1,2021,13.6,13.1,14.1,-0.20000000000000107,1.0
Fair or poor health status in adults,Health status,140,Total,0,Total,1,1,18 years and older,1,1,"Percent of population, crude",1,2022,14.5,14.0,15.0,0.9000000000000004,1.0
Fair or poor health status in adults,Health status,140,Total,0,Total,1,1,18 years and older,1,1,"Percent of population, crude",1,2023,15.1,14.6,15.7,0.5999999999999996,1.0999999999999996
Fair or poor health status in adults,Health status,140,Total,0,Total,1,1,18 years and older,1,1,"Percent of population, crude",1,2024,14.8,14.4,15.3,-0.29999999999999893,0.9000000000000004
Fair or poor health status in adults,Health status,140,Geographic Characteristic,2,Urbanicity,16,16,Large central metro,52,52,"Percent of population, crude",1,2019,15.0,14.1,16.0,,1.9000000000000004
Fair or poor health status in adults,Health status,140,Geographic Characteristic,2,Urbanicity,16,16,Large central metro,52,52,"Percent of population, crude",1,2020,13.1,12.2,14.1,-1.9000000000000004,1.9000000000000004
Fair or poor health status in adults,Health status,140,Geographic Characteristic,2,Urbanicity,16,16,Large central metro,52,52,"Percent of population, crude",1,2021,12.6,11.7,13.5,-0.5,1.8000000000000007
Fair or poor health status in adults,Health status,140,Geographic Characteristic,2,Urbanicity,16,16,Large central metro,52,52,"Percent of population, crude",1,2022,13.7,12.9,14.6,1.0999999999999996,1.6999999999999993
Fair or poor health status in adults,Health status,140,Geographic Characteristic,2,Urbanicity,16,16,Large central metro,52,52,"Percent of population, crude",1,2023,15.1,14.2,16.0,1.4000000000000004,1.8000000000000007
Fair or poor health status in adults,Health status,140,Geographic Characteristic,2,Urbanicity,16,16,Large central metro,52,52,"Percent of population, crude",1,2024,13.9,13.1,14.8,-1.1999999999999993,1.700000000000001
Fair or poor health status in adults,Health status,140,Geographic Characteristic,2,Urbanicity,16,16,Large fringe metro,53,53,"Percent of population, crude",1,2019,12.4,11.4,13.3,,1.9000000000000004
Fair or poor health status in adults,Health status,140,Geographic Characteristic,2,Urbanicity,16,16,Large fringe metro,53,53,"Percent of population, crude",1,2020,11.0,10.1,11.9,-1.4000000000000004,1.8000000000000007
Fair or poor health status in adults,Health status,140,Geographic Characteristic,2,Urbanicity,16,16,Large fringe metro,53,53,"Percent of population, crude",1,2021,10.9,10.0,11.8,-0.09999999999999964,1.8000000000000007
Fair or poor health status in adults,Health status,140,Geographic Characteristic,2,Urbanicity,16,16,Large fringe metro,53,53,"Percent of population, crude",1,2022,12.4,11.5,13.4,1.5,1.9000000000000004
Fair or poor health status in adults,Health status,140,Geographic Characteristic,2,Urbanicity,16,16,Large fringe metro,53,53,"Percent of population, crude",1,2023,12.2,11.3,13.1,-0.20000000000000107,1.799999999999999
Fair or poor health status in adults,Health status,140,Geographic Characteristic,2,Urbanicity,16,16,Large fringe metro,53,53,"Percent of population, crude",1,2024,12.5,11.6,13.5,0.3000000000000007,1.9000000000000004
Fair or poor health status in adults,Health status,140,Geographic Characteristic,2,Urbanicity,16,16,Medium and small metro,54,54,"Percent of population, crude",1,2019,15.5,14.5,16.5,,2.0
Fair or poor health status in adults,Health status,140,Geographic Characteristic,2,Urbanicity,16,16,Medium and small metro,54,54,"Percent of population, crude",1,2020,14.5,13.5,15.5,-1.0,2.0
Fair or poor health status in adults,Health status,140,Geographic Characteristic,2,Urbanicity,16,16,Medium and small metro,54,54,"Percent of population, crude",1,2021,14.5,13.5,15.4,0.0,1.9000000000000004
Fair or poor health status in adults,Health status,140,Geographic Characteristic,2,Urbanicity,16,16,Medium and small metro,54,54,"Percent of population, crude",1,2022,14.8,13.9,15.8,0.3000000000000007,1.9000000000000004
Fair or poor health status in adults,Health status,140,Geographic Characteristic,2,Urbanicity,16,16,Medium and small metro,54,54,"Percent of population, crude",1,2023,15.6,14.6,16.6,0.7999999999999989,2.0000000000000018
Fair or poor health status in adults,Health status,140,Geographic Characteristic,2,Urbanicity,16,16,Medium and small metro,54,54,"Percent of population, crude",1,2024,15.2,14.3,16.1,-0.40000000000000036,1.8000000000000007
Fair or poor health status in adults,Health status,140,Geographic Characteristic,2,Urbanicity,16,16,Nonmetropolitan,55,55,"Percent of population, crude",1,2019,20.2,18.6,21.9,,3.299999999999997
Fair or poor health status in adults,Health status,140,Geographic Characteristic,2,Urbanicity,16,16,Nonmetropolitan,55,55,"Percent of population, crude",1,2020,19.2,17.4,21.0,-1.0,3.6000000000000014
Fair or poor health status in adults,Health status,140,Geographic Characteristic,2,Urbanicity,16,16,Nonmetropolitan,55,55,"Percent of population, crude",1,2021,18.8,17.2,20.4,-0.3999999999999986,3.1999999999999993
Fair or poor health status in adults,Health status,140,Geographic Characteristic,2,Urbanicity,16,16,Nonmetropolitan,55,55,"Percent of population, crude",1,2022,19.6,18.0,21.4,0.8000000000000007,3.3999999999999986
Fair or poor health status in adults,Health status,140,Geographic Characteristic,2,Urbanicity,16,16,Nonmetropolitan,55,55,"Percent of population, crude",1,2023,19.8,18.1,21.6,0.1999999999999993,3.5
Fair or poor health status in adults,Health status,140,Geographic Characteristic,2,Urbanicity,16,16,Nonmetropolitan,55,55,"Percent of population, crude",1,2024,20.3,18.8,21.8,0.5,3.0
Fair or poor health status in adults,Health status,140,Demographic Characteristic,1,Veteran status,12,12,Non-veteran,40,40,"Percent of population, crude",1,2019,14.5,13.9,15.0,,1.0999999999999996
Fair or poor health status in adults,Health status,140,Demographic Characteristic,1,Veteran status,12,12,Non-veteran,40,40,"Percent of population, crude",1,2020,13.2,12.6,13.8,-1.3000000000000007,1.200000000000001
Fair or poor health status in adults,Health status,140,Demographic Characteristic,1,Veteran status,12,12,Non-veteran,40,40,"Percent of population, crude",1,2021,12.8,12.3,13.4,-0.3999999999999986,1.0999999999999996
Fair or poor health status in adults,Health status,140,Demographic Characteristic,1,Veteran status,12,12,Non-veteran,40,40,"Percent of population, crude",1,2022,13.9,13.4,14.5,1.0999999999999996,1.0999999999999996
Fair or poor health status in adults,Health status,140,Demographic Characteristic,1,Veteran status,12,12,Non-veteran,40,40,"Percent of population, crude",1,2023,14.5,14.0,15.1,0.5999999999999996,1.0999999999999996
Fair or poor health status in adults,Health status,140,Demographic Characteristic,1,Veteran status,12,12,Non-veteran,40,40,"Percent of population, crude",1,2024,14.2,13.7,14.8,-0.3000000000000007,1.1000000000000014
Fair or poor health status in adults,Health status,140,Demographic Characteristic,1,Veteran status,12,12,Veteran,39,39,"Percent of population, crude",1,2019,21.2,19.5,23.0,,3.5
Fair or poor health status in adults,Health status,140,Demographic Characteristic,1,Veteran status,12,12,Veteran,39,39,"Percent of population, crude",1,2020,18.7,17.0,20.4,-2.5,3.3999999999999986
Fair or poor health status in adults,Health status,140,Demographic Characteristic,1,Veteran status,12,12,Veteran,39,39,"Percent of population, crude",1,2021,19.2,17.5,21.0,0.5,3.5
Fair or poor health status in adults,Health status,140,Demographic Characteristic,1,Veteran status,12,12,Veteran,39,39,"Percent of population, crude",1,2022,19.3,17.6,21.1,0.10000000000000142,3.5
Fair or poor health status in adults,Health status,140,Demographic Characteristic,1,Veteran status,12,12,Veteran,39,39,"Percent of population, crude",1,2023,21.6,19.7,23.6,2.3000000000000007,3.900000000000002
Fair or poor health status in adults,Health status,140,Demographic Characteristic,1,Veteran status,12,12,Veteran,39,39,"Percent of population, crude",1,2024,22.2,20.3,24.1,0.5999999999999979,3.8000000000000007
Has a usual place of care among adults,Healthcare access and quality,150,Demographic Characteristic,1,Age groups with 65 years and older,2,2,18-34 years,2,2,"Percent of population, crude",1,2019,79.4,78.2,80.6,,2.3999999999999915
Has a usual place of care among adults,Healthcare access and quality,150,Demographic Characteristic,1,Age groups with 65 years and older,2,2,18-34 years,2,2,"Percent of population, crude",1,2020,79.7,78.3,81.2,0.29999999999999716,2.9000000000000057
Has a usual place of care among adults,Healthcare access and quality,150,Demographic Characteristic,1,Age groups with 65 years and older,2,2,18-34 years,2,2,"Percent of population, crude",1,2021,79.3,78.1,80.5,-0.4000000000000057,2.4000000000000057
Has a usual place of care among adults,Healthcare access and quality,150,Demographic Characteristic,1,Age groups with 65 years and older,2,2,18-34 years,2,2,"Percent of population, crude",1,2022,78.9,77.5,80.2,-0.3999999999999915,2.700000000000003
Has a usual place of care among adults,Healthcare access and quality,150,Demographic Characteristic,1,Age groups with 65 years and older,2,2,18-34 years,2,2,"Percent of population, crude",1,2023,80.0,78.7,81.2,1.0999999999999943,2.5
Has a usual place of care among adults,Healthcare access and quality,150,Demographic Characteristic,1,Age groups with 65 years and older,2,2,18-34 years,2,2,"Percent of population, crude",1,2024,81.7,80.5,82.8,1.7000000000000028,2.299999999999997
Has a usual place of care among adults,Healthcare access and quality,150,Demographic Characteristic,1,Age groups with 65 years and older,2,2,35-49 years,3,3,"Percent of population, crude",1,2019,86.1,85.1,87.1,,2.0
Has a usual place of care among adults,Healthcare access and quality,150,Demographic Characteristic,1,Age groups with 65 years and older,2,2,35-49 years,3,3,"Percent of population, crude",1,2020,87.7,86.7,88.7,1.6000000000000085,2.0
Has a usual place of care among adults,Healthcare access and quality,150,Demographic Characteristic,1,Age groups with 65 years and older,2,2,35-49 years,3,3,"Percent of population, crude",1,2021,86.3,85.3,87.3,-1.4000000000000057,2.0
Has a usual place of care among adults,Healthcare access and quality,150,Demographic Characteristic,1,Age groups with 65 years and older,2,2,35-49 years,3,3,"Percent of population, crude",1,2022,85.6,84.5,86.7,-0.7000000000000028,2.200000000000003
Has a usual place of care among adults,Healthcare access and quality,150,Demographic Characteristic,1,Age groups with 65 years and older,2,2,35-49 years,3,3,"Percent of population, crude",1,2023,85.5,84.4,86.6,-0.09999999999999432,2.1999999999999886
Has a usual place of care among adults,Healthcare access and quality,150,Demographic Characteristic,1,Age groups with 65 years and older,2,2,35-49 years,3,3,"Percent of population, crude",1,2024,86.2,85.1,87.2,0.7000000000000028,2.1000000000000085
Has a usual place of care among adults,Healthcare access and quality,150,Demographic Characteristic,1,Age groups with 65 years and older,2,2,50-64 years,4,4,"Percent of population, crude",1,2019,92.2,91.4,92.9,,1.5
Has a usual place of care among adults,Healthcare access and quality,150,Demographic Characteristic,1,Age groups with 65 years and older,2,2,50-64 years,4,4,"Percent of population, crude",1,2020,93.0,92.3,93.7,0.7999999999999972,1.4000000000000057
Has a usual place of care among adults,Healthcare access and quality,150,Demographic Characteristic,1,Age groups with 65 years and older,2,2,50-64 years,4,4,"Percent of population, crude",1,2021,92.7,91.9,93.3,-0.29999999999999716,1.3999999999999915
Has a usual place of care among adults,Healthcare access and quality,150,Demographic Characteristic,1,Age groups with 65 years and older,2,2,50-64 years,4,4,"Percent of population, crude",1,2022,92.3,91.5,93.1,-0.4000000000000057,1.5999999999999943
Has a usual place of care among adults,Healthcare access and quality,150,Demographic Characteristic,1,Age groups with 65 years and older,2,2,50-64 years,4,4,"Percent of population, crude",1,2023,91.4,90.6,92.1,-0.8999999999999915,1.5
Has a usual place of care among adults,Healthcare access and quality,150,Demographic Characteristic,1,Age groups with 65 years and older,2,2,50-64 years,4,4,"Percent of population, crude",1,2024,92.2,91.4,92.9,0.7999999999999972,1.5
Has a usual place of care among adults,Healthcare access and quality,150,Demographic Characteristic,1,Age groups with 65 years and older,2,2,65 years and older,5,5,"Percent of population, crude",1,2019,96.2,95.7,96.7,,1.0
Has a usual place of care among adults,Healthcare access and quality,150,Demographic Characteristic,1,Age groups with 65 years and older,2,2,65 years and older,5,5,"Percent of population, crude",1,2020,96.5,96.0,97.0,0.29999999999999716,1.0
Has a usual place of care among adults,Healthcare access and quality,150,Demographic Characteristic,1,Age groups with 65 years and older,2,2,65 years and older,5,5,"Percent of population, crude",1,2021,96.5,96.0,96.9,0.0,0.9000000000000057
Has a usual place of care among adults,Healthcare access and quality,150,Demographic Characteristic,1,Age groups with 65 years and older,2,2,65 years and older,5,5,"Percent of population, crude",1,2022,96.0,95.4,96.5,-0.5,1.0999999999999943
Has a usual place of care among adults,Healthcare access and quality,150,Demographic Characteristic,1,Age groups with 65 years and older,2,2,65 years and older,5,5,"Percent of population, crude",1,2023,95.7,95.1,96.1,-0.29999999999999716,1.0
Has a usual place of care among adults,Healthcare access and quality,150,Demographic Characteristic,1,Age groups with 65 years and older,2,2,65 years and older,5,5,"Percent of population, crude",1,2024,96.0,95.5,96.4,0.29999999999999716,0.9000000000000057
Has a usual place of care among adults,Healthcare access and quality,150,Demographic Characteristic,1,Age groups with 75 years and older,3,3,18-44 years,6,6,"Percent of population, crude",1,2019,81.3,80.3,82.2,,1.9000000000000057
Has a usual place of care among adults,Healthcare access and quality,150,Demographic Characteristic,1,Age groups with 75 years and older,3,3,18-44 years,6,6,"Percent of population, crude",1,2020,82.2,81.2,83.2,0.9000000000000057,2.0
Has a usual place of care among adults,Healthcare access and quality,150,Demographic Characteristic,1,Age groups with 75 years and older,3,3,18-44 years,6,6,"Percent of population, crude",1,2021,81.6,80.6,82.5,-0.6000000000000085,1.9000000000000057
Has a usual place of care among adults,Healthcare access and quality,150,Demographic Characteristic,1,Age groups with 75 years and older,3,3,18-44 years,6,6,"Percent of population, crude",1,2022,80.8,79.8,81.8,-0.7999999999999972,2.0
Has a usual place of care among adults,Healthcare access and quality,150,Demographic Characteristic,1,Age groups with 75 years and older,3,3,18-44 years,6,6,"Percent of population, crude",1,2023,81.7,80.7,82.7,0.9000000000000057,2.0
Has a usual place of care among adults,Healthcare access and quality,150,Demographic Characteristic,1,Age groups with 75 years and older,3,3,18-44 years,6,6,"Percent of population, crude",1,2024,82.8,81.9,83.7,1.0999999999999943,1.7999999999999972
Has a usual place of care among adults,Healthcare access and quality,150,Demographic Characteristic,1,Age groups with 75 years and older,3,3,45-64 years,7,7,"Percent of population, crude",1,2019,91.4,90.7,92.1,,1.3999999999999915
Has a usual place of care among adults,Healthcare access and quality,150,Demographic Characteristic,1,Age groups with 75 years and older,3,3,45-64 years,7,7,"Percent of population, crude",1,2020,92.3,91.6,92.9,0.8999999999999915,1.3000000000000114
Has a usual place of care among adults,Healthcare access and quality,150,Demographic Characteristic,1,Age groups with 75 years and older,3,3,45-64 years,7,7,"Percent of population, crude",1,2021,91.5,90.8,92.2,-0.7999999999999972,1.4000000000000057
Has a usual place of care among adults,Healthcare access and quality,150,Demographic Characteristic,1,Age groups with 75 years and older,3,3,45-64 years,7,7,"Percent of population, crude",1,2022,91.5,90.8,92.2,0.0,1.4000000000000057
Has a usual place of care among adults,Healthcare access and quality,150,Demographic Characteristic,1,Age groups with 75 years and older,3,3,45-64 years,7,7,"Percent of population, crude",1,2023,90.5,89.7,91.2,-1.0,1.5
Has a usual place of care among adults,Healthcare access and quality,150,Demographic Characteristic,1,Age groups with 75 years and older,3,3,45-64 years,7,7,"Percent of population, crude",1,2024,91.5,90.8,92.2,1.0,1.4000000000000057
Has a usual place of care among adults,Healthcare access and quality,150,Demographic Characteristic,1,Age groups with 75 years and older,3,3,65-74 years,8,8,"Percent of population, crude",1,2019,95.9,95.2,96.6,,1.3999999999999915
Has a usual place of care among adults,Healthcare access and quality,150,Demographic Characteristic,1,Age groups with 75 years and older,3,3,65-74 years,8,8,"Percent of population, crude",1,2020,95.9,95.1,96.6,0.0,1.5
Has a usual place of care among adults,Healthcare access and quality,150,Demographic Characteristic,1,Age groups with 75 years and older,3,3,65-74 years,8,8,"Percent of population, crude",1,2021,96.2,95.5,96.7,0.29999999999999716,1.2000000000000028
Has a usual place of care among adults,Healthcare access and quality,150,Demographic Characteristic,1,Age groups with 75 years and older,3,3,65-74 years,8,8,"Percent of population, crude",1,2022,95.6,94.8,96.3,-0.6000000000000085,1.5
Has a usual place of care among adults,Healthcare access and quality,150,Demographic Characteristic,1,Age groups with 75 years and older,3,3,65-74 years,8,8,"Percent of population, crude",1,2023,95.1,94.4,95.7,-0.5,1.2999999999999972
Has a usual place of care among adults,Healthcare access and quality,150,Demographic Characteristic,1,Age groups with 75 years and older,3,3,65-74 years,8,8,"Percent of population, crude",1,2024,95.8,95.1,96.3,0.7000000000000028,1.2000000000000028
Has a usual place of care among adults,Healthcare access and quality,150,Demographic Characteristic,1,Age groups with 75 years and older,3,3,75 years and older,9,9,"Percent of population, crude",1,2019,96.6,95.9,97.3,,1.3999999999999915
Has a usual place of care among adults,Healthcare access and quality,150,Demographic Characteristic,1,Age groups with 75 years and older,3,3,75 years and older,9,9,"Percent of population, crude",1,2020,97.5,96.9,98.1,0.9000000000000057,1.1999999999999886
Has a usual place of care among adults,Healthcare access and quality,150,Demographic Characteristic,1,Age groups with 75 years and older,3,3,75 years and older,9,9,"Percent of population, crude",1,2021,97.0,96.2,97.6,-0.5,1.3999999999999915
Has a usual place of care among adults,Healthcare access and quality,150,Demographic Characteristic,1,Age groups with 75 years and older,3,3,75 years and older,9,9,"Percent of population, crude",1,2022,96.6,95.8,97.3,-0.4000000000000057,1.5
Has a usual place of care among adults,Healthcare access and quality,150,Demographic Characteristic,1,Age groups with 75 years and older,3,3,75 years and older,9,9,"Percent of population, crude",1,2023,96.4,95.7,97.1,-0.19999999999998863,1.3999999999999915
Has a usual place of care among adults,Healthcare access and quality,150,Demographic Characteristic,1,Age groups with 75 years and older,3,3,75 years and older,9,9,"Percent of population, crude",1,2024,96.3,95.6,96.9,-0.10000000000000853,1.3000000000000114
Has a usual place of care among adults,Healthcare access and quality,150,Demographic Characteristic,1,Disability status,4,4,With disability,10,10,"Percent of population, crude",1,2019,91.6,90.3,92.7,,2.4000000000000057
Has a usual place of care among adults,Healthcare access and quality,150,Demographic Characteristic,1,Disability status,4,4,With disability,10,10,"Percent of population, crude",1,2020,91.9,90.0,93.5,0.30000000000001137,3.5
Has a usual place of care among adults,Healthcare access and quality,150,Demographic Characteristic,1,Disability status,4,4,With disability,10,10,"Percent of population, crude",1,2021,92.3,90.9,93.5,0.3999999999999915,2.5999999999999943
Has a usual place of care among adults,Healthcare access and quality,150,Demographic Characteristic,1,Disability status,4,4,With disability,10,10,"Percent of population, crude",1,2022,91.3,90.0,92.5,-1.0,2.5
Has a usual place of care among adults,Healthcare access and quality,150,Demographic Characteristic,1,Disability status,4,4,With disability,10,10,"Percent of population, crude",1,2023,91.7,90.3,93.0,0.4000000000000057,2.700000000000003
Has a usual place of care among adults,Healthcare access and quality,150,Demographic Characteristic,1,Disability status,4,4,With disability,10,10,"Percent of population, crude",1,2024,91.3,89.9,92.5,-0.4000000000000057,2.5999999999999943
Has a usual place of care among adults,Healthcare access and quality,150,Demographic Characteristic,1,Disability status,4,4,Without disability,11,11,"Percent of population, crude",1,2019,87.4,86.8,87.9,,1.1000000000000085
Has a usual place of care among adults,Healthcare access and quality,150,Demographic Characteristic,1,Disability status,4,4,Without disability,11,11,"Percent of population, crude",1,2020,88.3,87.7,88.9,0.8999999999999915,1.2000000000000028
Has a usual place of care among adults,Healthcare access and quality,150,Demographic Characteristic,1,Disability status,4,4,Without disability,11,11,"Percent of population, crude",1,2021,87.7,87.1,88.3,-0.5999999999999943,1.2000000000000028
Has a usual place of care among adults,Healthcare access and quality,150,Demographic Characteristic,1,Disability status,4,4,Without disability,11,11,"Percent of population, crude",1,2022,87.2,86.6,87.9,-0.5,1.3000000000000114
Has a usual place of care among adults,Healthcare access and quality,150,Demographic Characteristic,1,Disability status,4,4,Without disability,11,11,"Percent of population, crude",1,2023,87.2,86.6,87.8,0.0,1.2000000000000028
Has a usual place of care among adults,Healthcare access and quality,150,Demographic Characteristic,1,Disability status,4,4,Without disability,11,11,"Percent of population, crude",1,2024,88.3,87.7,88.8,1.0999999999999943,1.0999999999999943
Has a usual place of care among adults,Healthcare access and quality,150,Socioeconomic Characteristic,3,Education,17,17,College degree or higher,59,59,"Percent of population, crude",1,2019,91.4,90.7,92.1,,1.3999999999999915
Has a usual place of care among adults,Healthcare access and quality,150,Socioeconomic Characteristic,3,Education,17,17,College degree or higher,59,59,"Percent of population, crude",1,2020,91.8,91.1,92.4,0.3999999999999915,1.3000000000000114
Has a usual place of care among adults,Healthcare access and quality,150,Socioeconomic Characteristic,3,Education,17,17,College degree or higher,59,59,"Percent of population, crude",1,2021,91.0,90.3,91.7,-0.7999999999999972,1.4000000000000057
Has a usual place of care among adults,Healthcare access and quality,150,Socioeconomic Characteristic,3,Education,17,17,College degree or higher,59,59,"Percent of population, crude",1,2022,91.2,90.5,91.9,0.20000000000000284,1.4000000000000057
Has a usual place of care among adults,Healthcare access and quality,150,Socioeconomic Characteristic,3,Education,17,17,College degree or higher,59,59,"Percent of population, crude",1,2023,91.1,90.5,91.8,-0.10000000000000853,1.2999999999999972
Has a usual place of care among adults,Healthcare access and quality,150,Socioeconomic Characteristic,3,Education,17,17,College degree or higher,59,59,"Percent of population, crude",1,2024,92.3,91.7,92.9,1.2000000000000028,1.2000000000000028
Has a usual place of care among adults,Healthcare access and quality,150,Socioeconomic Characteristic,3,Education,17,17,High school diploma or GED,57,57,"Percent of population, crude",1,2019,86.2,85.1,87.2,,2.1000000000000085
Has a usual place of care among adults,Healthcare access and quality,150,Socioeconomic Characteristic,3,Education,17,17,High school diploma or GED,57,57,"Percent of population, crude",1,2020,87.6,86.4,88.7,1.3999999999999915,2.299999999999997
Has a usual place of care among adults,Healthcare access and quality,150,Socioeconomic Characteristic,3,Education,17,17,High school diploma or GED,57,57,"Percent of population, crude",1,2021,86.8,85.7,87.9,-0.7999999999999972,2.200000000000003
Has a usual place of care among adults,Healthcare access and quality,150,Socioeconomic Characteristic,3,Education,17,17,High school diploma or GED,57,57,"Percent of population, crude",1,2022,85.9,84.7,87.1,-0.8999999999999915,2.3999999999999915
Has a usual place of care among adults,Healthcare access and quality,150,Socioeconomic Characteristic,3,Education,17,17,High school diploma or GED,57,57,"Percent of population, crude",1,2023,86.5,85.3,87.6,0.5999999999999943,2.299999999999997
Has a usual place of care among adults,Healthcare access and quality,150,Socioeconomic Characteristic,3,Education,17,17,High school diploma or GED,57,57,"Percent of population, crude",1,2024,87.0,85.9,88.0,0.5,2.0999999999999943
Has a usual place of care among adults,Healthcare access and quality,150,Socioeconomic Characteristic,3,Education,17,17,No high school diploma or GED,56,56,"Percent of population, crude",1,2019,81.5,79.3,83.5,,4.200000000000003
Has a usual place of care among adults,Healthcare access and quality,150,Socioeconomic Characteristic,3,Education,17,17,No high school diploma or GED,56,56,"Percent of population, crude",1,2020,84.7,82.5,86.8,3.200000000000003,4.299999999999997
Has a usual place of care among adults,Healthcare access and quality,150,Socioeconomic Characteristic,3,Education,17,17,No high school diploma or GED,56,56,"Percent of population, crude",1,2021,84.8,82.8,86.6,0.09999999999999432,3.799999999999997
Has a usual place of care among adults,Healthcare access and quality,150,Socioeconomic Characteristic,3,Education,17,17,No high school diploma or GED,56,56,"Percent of population, crude",1,2022,82.3,80.1,84.3,-2.5,4.200000000000003
Has a usual place of care among adults,Healthcare access and quality,150,Socioeconomic Characteristic,3,Education,17,17,No high school diploma or GED,56,56,"Percent of population, crude",1,2023,82.3,80.1,84.3,0.0,4.200000000000003
Has a usual place of care among adults,Healthcare access and quality,150,Socioeconomic Characteristic,3,Education,17,17,No high school diploma or GED,56,56,"Percent of population, crude",1,2024,81.5,79.3,83.5,-0.7999999999999972,4.200000000000003
Has a usual place of care among adults,Healthcare access and quality,150,Socioeconomic Characteristic,3,Education,17,17,Some college,58,58,"Percent of population, crude",1,2019,90.2,89.4,90.9,,1.5
Has a usual place of care among adults,Healthcare access and quality,150,Socioeconomic Characteristic,3,Education,17,17,Some college,58,58,"Percent of population, crude",1,2020,91.2,90.4,92.1,1.0,1.6999999999999886
Has a usual place of care among adults,Healthcare access and quality,150,Socioeconomic Characteristic,3,Education,17,17,Some college,58,58,"Percent of population, crude",1,2021,90.0,89.1,90.9,-1.2000000000000028,1.8000000000000114
Has a usual place of care among adults,Healthcare access and quality,150,Socioeconomic Characteristic,3,Education,17,17,Some college,58,58,"Percent of population, crude",1,2022,90.1,89.2,91.0,0.09999999999999432,1.7999999999999972
Has a usual place of care among adults,Healthcare access and quality,150,Socioeconomic Characteristic,3,Education,17,17,Some college,58,58,"Percent of population, crude",1,2023,89.3,88.4,90.1,-0.7999999999999972,1.6999999999999886
Has a usual place of care among adults,Healthcare access and quality,150,Socioeconomic Characteristic,3,Education,17,17,Some college,58,58,"Percent of population, crude",1,2024,91.2,90.4,92.0,1.9000000000000057,1.5999999999999943
Has a usual place of care among adults,Healthcare access and quality,150,Socioeconomic Characteristic,3,Employment status,18,18,Employed,60,60,"Percent of population, crude",1,2019,85.8,85.2,86.5,,1.2999999999999972
Has a usual place of care among adults,Healthcare access and quality,150,Socioeconomic Characteristic,3,Employment status,18,18,Employed,60,60,"Percent of population, crude",1,2020,87.1,86.4,87.9,1.2999999999999972,1.5
Has a usual place of care among adults,Healthcare access and quality,150,Socioeconomic Characteristic,3,Employment status,18,18,Employed,60,60,"Percent of population, crude",1,2021,86.1,85.4,86.8,-1.0,1.3999999999999915
Has a usual place of care among adults,Healthcare access and quality,150,Socioeconomic Characteristic,3,Employment status,18,18,Employed,60,60,"Percent of population, crude",1,2022,86.1,85.3,86.8,0.0,1.5
Has a usual place of care among adults,Healthcare access and quality,150,Socioeconomic Characteristic,3,Employment status,18,18,Employed,60,60,"Percent of population, crude",1,2023,86.0,85.3,86.7,-0.09999999999999432,1.4000000000000057
Has a usual place of care among adults,Healthcare access and quality,150,Socioeconomic Characteristic,3,Employment status,18,18,Employed,60,60,"Percent of population, crude",1,2024,86.9,86.2,87.5,0.9000000000000057,1.2999999999999972
Has a usual place of care among adults,Healthcare access and quality,150,Socioeconomic Characteristic,3,Employment status,18,18,Employed - Full-time,61,61,"Percent of population, crude",1,2019,85.7,84.9,86.4,,1.5
Has a usual place of care among adults,Healthcare access and quality,150,Socioeconomic Characteristic,3,Employment status,18,18,Employed - Full-time,61,61,"Percent of population, crude",1,2020,87.0,86.2,87.8,1.2999999999999972,1.5999999999999943
Has a usual place of care among adults,Healthcare access and quality,150,Socioeconomic Characteristic,3,Employment status,18,18,Employed - Full-time,61,61,"Percent of population, crude",1,2021,85.9,85.1,86.7,-1.0999999999999943,1.6000000000000085
Has a usual place of care among adults,Healthcare access and quality,150,Socioeconomic Characteristic,3,Employment status,18,18,Employed - Full-time,61,61,"Percent of population, crude",1,2022,85.8,84.9,86.7,-0.10000000000000853,1.7999999999999972
Has a usual place of care among adults,Healthcare access and quality,150,Socioeconomic Characteristic,3,Employment status,18,18,Employed - Full-time,61,61,"Percent of population, crude",1,2023,85.6,84.8,86.3,-0.20000000000000284,1.5
Has a usual place of care among adults,Healthcare access and quality,150,Socioeconomic Characteristic,3,Employment status,18,18,Employed - Full-time,61,61,"Percent of population, crude",1,2024,86.6,85.8,87.3,1.0,1.5
Has a usual place of care among adults,Healthcare access and quality,150,Socioeconomic Characteristic,3,Employment status,18,18,Employed - Part-time,62,62,"Percent of population, crude",1,2019,86.6,84.8,88.2,,3.4000000000000057
Has a usual place of care among adults,Healthcare access and quality,150,Socioeconomic Characteristic,3,Employment status,18,18,Employed - Part-time,62,62,"Percent of population, crude",1,2020,88.4,86.5,90.0,1.8000000000000114,3.5
Has a usual place of care among adults,Healthcare access and quality,150,Socioeconomic Characteristic,3,Employment status,18,18,Employed - Part-time,62,62,"Percent of population, crude",1,2021,87.0,85.4,88.4,-1.4000000000000057,3.0
Has a usual place of care among adults,Healthcare access and quality,150,Socioeconomic Characteristic,3,Employment status,18,18,Employed - Part-time,62,62,"Percent of population, crude",1,2022,87.3,85.7,88.8,0.29999999999999716,3.0999999999999943
Has a usual place of care among adults,Healthcare access and quality,150,Socioeconomic Characteristic,3,Employment status,18,18,Employed - Part-time,62,62,"Percent of population, crude",1,2023,87.8,86.3,89.2,0.5,2.9000000000000057
Has a usual place of care among adults,Healthcare access and quality,150,Socioeconomic Characteristic,3,Employment status,18,18,Employed - Part-time,62,62,"Percent of population, crude",1,2024,88.1,86.7,89.4,0.29999999999999716,2.700000000000003
Has a usual place of care among adults,Healthcare access and quality,150,Socioeconomic Characteristic,3,Employment status,18,18,Not employed,63,63,"Percent of population, crude",1,2019,91.6,90.9,92.3,,1.3999999999999915
Has a usual place of care among adults,Healthcare access and quality,150,Socioeconomic Characteristic,3,Employment status,18,18,Not employed,63,63,"Percent of population, crude",1,2020,91.2,90.4,92.0,-0.3999999999999915,1.5999999999999943
Has a usual place of care among adults,Healthcare access and quality,150,Socioeconomic Characteristic,3,Employment status,18,18,Not employed,63,63,"Percent of population, crude",1,2021,91.3,90.6,92.0,0.09999999999999432,1.4000000000000057
Has a usual place of care among adults,Healthcare access and quality,150,Socioeconomic Characteristic,3,Employment status,18,18,Not employed,63,63,"Percent of population, crude",1,2022,90.8,90.0,91.5,-0.5,1.5
Has a usual place of care among adults,Healthcare access and quality,150,Socioeconomic Characteristic,3,Employment status,18,18,Not employed,63,63,"Percent of population, crude",1,2023,90.9,90.2,91.7,0.10000000000000853,1.5
Has a usual place of care among adults,Healthcare access and quality,150,Socioeconomic Characteristic,3,Employment status,18,18,Not employed,63,63,"Percent of population, crude",1,2024,91.8,91.1,92.4,0.8999999999999915,1.3000000000000114
Has a usual place of care among adults,Healthcare access and quality,150,Socioeconomic Characteristic,3,Employment status,18,18,Not employed - Has never worked,65,65,"Percent of population, crude",1,2019,89.2,85.8,92.0,,6.200000000000003
Has a usual place of care among adults,Healthcare access and quality,150,Socioeconomic Characteristic,3,Employment status,18,18,Not employed - Has never worked,65,65,"Percent of population, crude",1,2020,87.9,83.9,91.3,-1.2999999999999972,7.3999999999999915
Has a usual place of care among adults,Healthcare access and quality,150,Socioeconomic Characteristic,3,Employment status,18,18,Not employed - Has never worked,65,65,"Percent of population, crude",1,2021,90.9,87.3,93.7,3.0,6.400000000000006
Has a usual place of care among adults,Healthcare access and quality,150,Socioeconomic Characteristic,3,Employment status,18,18,Not employed - Has never worked,65,65,"Percent of population, crude",1,2022,88.5,84.0,92.2,-2.4000000000000057,8.200000000000003
Has a usual place of care among adults,Healthcare access and quality,150,Socioeconomic Characteristic,3,Employment status,18,18,Not employed - Has never worked,65,65,"Percent of population, crude",1,2023,89.0,85.3,92.1,0.5,6.799999999999997
Has a usual place of care among adults,Healthcare access and quality,150,Socioeconomic Characteristic,3,Employment status,18,18,Not employed - Has never worked,65,65,"Percent of population, crude",1,2024,89.1,85.5,92.1,0.09999999999999432,6.599999999999994
Has a usual place of care among adults,Healthcare access and quality,150,Socioeconomic Characteristic,3,Employment status,18,18,Not employed - Has worked previously,64,64,"Percent of population, crude",1,2019,91.9,91.2,92.6,,1.3999999999999915
Has a usual place of care among adults,Healthcare access and quality,150,Socioeconomic Characteristic,3,Employment status,18,18,Not employed - Has worked previously,64,64,"Percent of population, crude",1,2020,91.5,90.6,92.3,-0.4000000000000057,1.7000000000000028
Has a usual place of care among adults,Healthcare access and quality,150,Socioeconomic Characteristic,3,Employment status,18,18,Not employed - Has worked previously,64,64,"Percent of population, crude",1,2021,91.4,90.7,92.1,-0.09999999999999432,1.3999999999999915
Has a usual place of care among adults,Healthcare access and quality,150,Socioeconomic Characteristic,3,Employment status,18,18,Not employed - Has worked previously,64,64,"Percent of population, crude",1,2022,91.0,90.2,91.7,-0.4000000000000057,1.5
Has a usual place of care among adults,Healthcare access and quality,150,Socioeconomic Characteristic,3,Employment status,18,18,Not employed - Has worked previously,64,64,"Percent of population, crude",1,2023,91.1,90.3,91.8,0.09999999999999432,1.5
Has a usual place of care among adults,Healthcare access and quality,150,Socioeconomic Characteristic,3,Employment status,18,18,Not employed - Has worked previously,64,64,"Percent of population, crude",1,2024,92.0,91.3,92.7,0.9000000000000057,1.4000000000000057
Has a usual place of care among adults,Healthcare access and quality,150,Demographic Characteristic,1,Functioning difficulties status,5,5,With functioning difficulties,12,12,"Percent of population, crude",1,2019,89.6,88.9,90.3,,1.3999999999999915
Has a usual place of care among adults,Healthcare access and quality,150,Demographic Characteristic,1,Functioning difficulties status,5,5,With functioning difficulties,12,12,"Percent of population, crude",1,2020,89.9,89.1,90.7,0.30000000000001137,1.6000000000000085
Has a usual place of care among adults,Healthcare access and quality,150,Demographic Characteristic,1,Functioning difficulties status,5,5,With functioning difficulties,12,12,"Percent of population, crude",1,2021,89.8,89.1,90.5,-0.10000000000000853,1.4000000000000057
Has a usual place of care among adults,Healthcare access and quality,150,Demographic Characteristic,1,Functioning difficulties status,5,5,With functioning difficulties,12,12,"Percent of population, crude",1,2022,89.3,88.6,90.1,-0.5,1.5
Has a usual place of care among adults,Healthcare access and quality,150,Demographic Characteristic,1,Functioning difficulties status,5,5,With functioning difficulties,12,12,"Percent of population, crude",1,2023,88.9,88.2,89.6,-0.3999999999999915,1.3999999999999915
Has a usual place of care among adults,Healthcare access and quality,150,Demographic Characteristic,1,Functioning difficulties status,5,5,With functioning difficulties,12,12,"Percent of population, crude",1,2024,89.4,88.8,90.1,0.5,1.2999999999999972
Has a usual place of care among adults,Healthcare access and quality,150,Demographic Characteristic,1,Functioning difficulties status,5,5,Without functioning difficulties,13,13,"Percent of population, crude",1,2019,86.5,85.8,87.2,,1.4000000000000057
Has a usual place of care among adults,Healthcare access and quality,150,Demographic Characteristic,1,Functioning difficulties status,5,5,Without functioning difficulties,13,13,"Percent of population, crude",1,2020,87.7,87.0,88.4,1.2000000000000028,1.4000000000000057
Has a usual place of care among adults,Healthcare access and quality,150,Demographic Characteristic,1,Functioning difficulties status,5,5,Without functioning difficulties,13,13,"Percent of population, crude",1,2021,86.8,86.1,87.5,-0.9000000000000057,1.4000000000000057
Has a usual place of care among adults,Healthcare access and quality,150,Demographic Characteristic,1,Functioning difficulties status,5,5,Without functioning difficulties,13,13,"Percent of population, crude",1,2022,86.2,85.4,87.0,-0.5999999999999943,1.5999999999999943
Has a usual place of care among adults,Healthcare access and quality,150,Demographic Characteristic,1,Functioning difficulties status,5,5,Without functioning difficulties,13,13,"Percent of population, crude",1,2023,86.5,85.7,87.2,0.29999999999999716,1.5
Has a usual place of care among adults,Healthcare access and quality,150,Demographic Characteristic,1,Functioning difficulties status,5,5,Without functioning difficulties,13,13,"Percent of population, crude",1,2024,87.8,87.1,88.5,1.2999999999999972,1.4000000000000057
Has a usual place of care among adults,Healthcare access and quality,150,Socioeconomic Characteristic,3,Health insurance coverage: 65 years and older,19,19,Medicare Advantage,68,68,"Percent of population, crude",1,2019,97.2,96.4,97.9,,1.5
Has a usual place of care among adults,Healthcare access and quality,150,Socioeconomic Characteristic,3,Health insurance coverage: 65 years and older,19,19,Medicare Advantage,68,68,"Percent of population, crude",1,2020,97.8,97.0,98.4,0.5999999999999943,1.4000000000000057
Has a usual place of care among adults,Healthcare access and quality,150,Socioeconomic Characteristic,3,Health insurance coverage: 65 years and older,19,19,Medicare Advantage,68,68,"Percent of population, crude",1,2021,97.1,96.3,97.8,-0.7000000000000028,1.5
Has a usual place of care among adults,Healthcare access and quality,150,Socioeconomic Characteristic,3,Health insurance coverage: 65 years and older,19,19,Medicare Advantage,68,68,"Percent of population, crude",1,2022,96.9,96.0,97.7,-0.19999999999998863,1.7000000000000028
Has a usual place of care among adults,Healthcare access and quality,150,Socioeconomic Characteristic,3,Health insurance coverage: 65 years and older,19,19,Medicare Advantage,68,68,"Percent of population, crude",1,2023,96.5,95.8,97.2,-0.4000000000000057,1.4000000000000057
Has a usual place of care among adults,Healthcare access and quality,150,Socioeconomic Characteristic,3,Health insurance coverage: 65 years and older,19,19,Medicare Advantage,68,68,"Percent of population, crude",1,2024,96.8,96.1,97.4,0.29999999999999716,1.3000000000000114
Has a usual place of care among adults,Healthcare access and quality,150,Socioeconomic Characteristic,3,Health insurance coverage: 65 years and older,19,19,Medicare and Medicaid,67,67,"Percent of population, crude",1,2019,95.3,92.4,97.3,,4.8999999999999915
Has a usual place of care among adults,Healthcare access and quality,150,Socioeconomic Characteristic,3,Health insurance coverage: 65 years and older,19,19,Medicare and Medicaid,67,67,"Percent of population, crude",1,2020,95.3,92.4,97.3,0.0,4.8999999999999915
Has a usual place of care among adults,Healthcare access and quality,150,Socioeconomic Characteristic,3,Health insurance coverage: 65 years and older,19,19,Medicare and Medicaid,67,67,"Percent of population, crude",1,2021,95.8,93.5,97.5,0.5,4.0
Has a usual place of care among adults,Healthcare access and quality,150,Socioeconomic Characteristic,3,Health insurance coverage: 65 years and older,19,19,Medicare and Medicaid,67,67,"Percent of population, crude",1,2022,93.8,91.0,95.9,-2.0,4.900000000000006
Has a usual place of care among adults,Healthcare access and quality,150,Socioeconomic Characteristic,3,Health insurance coverage: 65 years and older,19,19,Medicare and Medicaid,67,67,"Percent of population, crude",1,2023,92.8,90.1,95.0,-1.0,4.900000000000006
Has a usual place of care among adults,Healthcare access and quality,150,Socioeconomic Characteristic,3,Health insurance coverage: 65 years and older,19,19,Medicare and Medicaid,67,67,"Percent of population, crude",1,2024,94.0,91.7,95.8,1.2000000000000028,4.099999999999994
Has a usual place of care among adults,Healthcare access and quality,150,Socioeconomic Characteristic,3,Health insurance coverage: 65 years and older,19,19,Medicare only excluding Medicare Advantage,69,69,"Percent of population, crude",1,2019,91.6,89.4,93.5,,4.099999999999994
Has a usual place of care among adults,Healthcare access and quality,150,Socioeconomic Characteristic,3,Health insurance coverage: 65 years and older,19,19,Medicare only excluding Medicare Advantage,69,69,"Percent of population, crude",1,2020,92.5,89.6,94.7,0.9000000000000057,5.1000000000000085
Has a usual place of care among adults,Healthcare access and quality,150,Socioeconomic Characteristic,3,Health insurance coverage: 65 years and older,19,19,Medicare only excluding Medicare Advantage,69,69,"Percent of population, crude",1,2021,93.3,91.5,94.8,0.7999999999999972,3.299999999999997
Has a usual place of care among adults,Healthcare access and quality,150,Socioeconomic Characteristic,3,Health insurance coverage: 65 years and older,19,19,Medicare only excluding Medicare Advantage,69,69,"Percent of population, crude",1,2022,93.6,91.7,95.1,0.29999999999999716,3.3999999999999915
Has a usual place of care among adults,Healthcare access and quality,150,Socioeconomic Characteristic,3,Health insurance coverage: 65 years and older,19,19,Medicare only excluding Medicare Advantage,69,69,"Percent of population, crude",1,2023,93.1,91.1,94.8,-0.5,3.700000000000003
Has a usual place of care among adults,Healthcare access and quality,150,Socioeconomic Characteristic,3,Health insurance coverage: 65 years and older,19,19,Medicare only excluding Medicare Advantage,69,69,"Percent of population, crude",1,2024,93.0,91.0,94.7,-0.09999999999999432,3.700000000000003
Has a usual place of care among adults,Healthcare access and quality,150,Socioeconomic Characteristic,3,Health insurance coverage: 65 years and older,19,19,Other government coverage,70,70,"Percent of population, crude",1,2019,96.0,93.4,97.9,,4.5
Has a usual place of care among adults,Healthcare access and quality,150,Socioeconomic Characteristic,3,Health insurance coverage: 65 years and older,19,19,Other government coverage,70,70,"Percent of population, crude",1,2020,97.0,94.9,98.4,1.0,3.5
Has a usual place of care among adults,Healthcare access and quality,150,Socioeconomic Characteristic,3,Health insurance coverage: 65 years and older,19,19,Other government coverage,70,70,"Percent of population, crude",1,2021,98.1,96.7,99.0,1.0999999999999943,2.299999999999997
Has a usual place of care among adults,Healthcare access and quality,150,Socioeconomic Characteristic,3,Health insurance coverage: 65 years and older,19,19,Other government coverage,70,70,"Percent of population, crude",1,2022,96.7,95.0,98.0,-1.3999999999999915,3.0
Has a usual place of care among adults,Healthcare access and quality,150,Socioeconomic Characteristic,3,Health insurance coverage: 65 years and older,19,19,Other government coverage,70,70,"Percent of population, crude",1,2023,97.8,96.6,98.7,1.0999999999999943,2.1000000000000085
Has a usual place of care among adults,Healthcare access and quality,150,Socioeconomic Characteristic,3,Health insurance coverage: 65 years and older,19,19,Other government coverage,70,70,"Percent of population, crude",1,2024,97.9,96.7,98.8,0.10000000000000853,2.0999999999999943
Has a usual place of care among adults,Healthcare access and quality,150,Socioeconomic Characteristic,3,Health insurance coverage: 65 years and older,19,19,Private,66,66,"Percent of population, crude",1,2019,97.8,97.2,98.3,,1.0999999999999943
Has a usual place of care among adults,Healthcare access and quality,150,Socioeconomic Characteristic,3,Health insurance coverage: 65 years and older,19,19,Private,66,66,"Percent of population, crude",1,2020,97.5,96.8,98.0,-0.29999999999999716,1.2000000000000028
Has a usual place of care among adults,Healthcare access and quality,150,Socioeconomic Characteristic,3,Health insurance coverage: 65 years and older,19,19,Private,66,66,"Percent of population, crude",1,2021,97.1,96.4,97.6,-0.4000000000000057,1.1999999999999886
Has a usual place of care among adults,Healthcare access and quality,150,Socioeconomic Characteristic,3,Health insurance coverage: 65 years and older,19,19,Private,66,66,"Percent of population, crude",1,2022,96.9,96.1,97.6,-0.19999999999998863,1.5
Has a usual place of care among adults,Healthcare access and quality,150,Socioeconomic Characteristic,3,Health insurance coverage: 65 years and older,19,19,Private,66,66,"Percent of population, crude",1,2023,96.5,95.7,97.1,-0.4000000000000057,1.3999999999999915
Has a usual place of care among adults,Healthcare access and quality,150,Socioeconomic Characteristic,3,Health insurance coverage: 65 years and older,19,19,Private,66,66,"Percent of population, crude",1,2024,96.9,96.2,97.6,0.4000000000000057,1.3999999999999915
Has a usual place of care among adults,Healthcare access and quality,150,Socioeconomic Characteristic,3,Health insurance coverage: 65 years and older,19,19,Uninsured,71,71,"Percent of population, crude",1,2020,67.8,52.8,80.6,,27.799999999999997
Has a usual place of care among adults,Healthcare access and quality,150,Socioeconomic Characteristic,3,Health insurance coverage: Younger than 65 years,20,20,Medicaid or other state programs,73,73,"Percent of population, crude",1,2019,86.8,85.2,88.3,,3.0999999999999943
Has a usual place of care among adults,Healthcare access and quality,150,Socioeconomic Characteristic,3,Health insurance coverage: Younger than 65 years,20,20,Medicaid or other state programs,73,73,"Percent of population, crude",1,2020,88.6,86.6,90.5,1.7999999999999972,3.9000000000000057
Has a usual place of care among adults,Healthcare access and quality,150,Socioeconomic Characteristic,3,Health insurance coverage: Younger than 65 years,20,20,Medicaid or other state programs,73,73,"Percent of population, crude",1,2021,88.0,86.3,89.4,-0.5999999999999943,3.1000000000000085
Has a usual place of care among adults,Healthcare access and quality,150,Socioeconomic Characteristic,3,Health insurance coverage: Younger than 65 years,20,20,Medicaid or other state programs,73,73,"Percent of population, crude",1,2022,87.5,85.9,88.9,-0.5,3.0
Has a usual place of care among adults,Healthcare access and quality,150,Socioeconomic Characteristic,3,Health insurance coverage: Younger than 65 years,20,20,Medicaid or other state programs,73,73,"Percent of population, crude",1,2023,88.1,86.6,89.5,0.5999999999999943,2.9000000000000057
Has a usual place of care among adults,Healthcare access and quality,150,Socioeconomic Characteristic,3,Health insurance coverage: Younger than 65 years,20,20,Medicaid or other state programs,73,73,"Percent of population, crude",1,2024,88.6,87.1,90.0,0.5,2.9000000000000057
Has a usual place of care among adults,Healthcare access and quality,150,Socioeconomic Characteristic,3,Health insurance coverage: Younger than 65 years,20,20,Other government coverage,74,74,"Percent of population, crude",1,2019,92.4,90.4,94.1,,3.6999999999999886
Has a usual place of care among adults,Healthcare access and quality,150,Socioeconomic Characteristic,3,Health insurance coverage: Younger than 65 years,20,20,Other government coverage,74,74,"Percent of population, crude",1,2020,93.2,90.7,95.3,0.7999999999999972,4.599999999999994
Has a usual place of care among adults,Healthcare access and quality,150,Socioeconomic Characteristic,3,Health insurance coverage: Younger than 65 years,20,20,Other government coverage,74,74,"Percent of population, crude",1,2021,93.0,90.5,95.0,-0.20000000000000284,4.5
Has a usual place of care among adults,Healthcare access and quality,150,Socioeconomic Characteristic,3,Health insurance coverage: Younger than 65 years,20,20,Other government coverage,74,74,"Percent of population, crude",1,2022,91.9,89.5,93.9,-1.0999999999999943,4.400000000000006
Has a usual place of care among adults,Healthcare access and quality,150,Socioeconomic Characteristic,3,Health insurance coverage: Younger than 65 years,20,20,Other government coverage,74,74,"Percent of population, crude",1,2023,91.9,89.3,94.1,0.0,4.799999999999997
Has a usual place of care among adults,Healthcare access and quality,150,Socioeconomic Characteristic,3,Health insurance coverage: Younger than 65 years,20,20,Other government coverage,74,74,"Percent of population, crude",1,2024,92.9,90.4,95.0,1.0,4.599999999999994
Has a usual place of care among adults,Healthcare access and quality,150,Socioeconomic Characteristic,3,Health insurance coverage: Younger than 65 years,20,20,Private,72,72,"Percent of population, crude",1,2019,90.4,89.8,91.0,,1.2000000000000028
Has a usual place of care among adults,Healthcare access and quality,150,Socioeconomic Characteristic,3,Health insurance coverage: Younger than 65 years,20,20,Private,72,72,"Percent of population, crude",1,2020,90.4,89.7,91.0,0.0,1.2999999999999972
Has a usual place of care among adults,Healthcare access and quality,150,Socioeconomic Characteristic,3,Health insurance coverage: Younger than 65 years,20,20,Private,72,72,"Percent of population, crude",1,2021,89.7,89.1,90.4,-0.7000000000000028,1.3000000000000114
Has a usual place of care among adults,Healthcare access and quality,150,Socioeconomic Characteristic,3,Health insurance coverage: Younger than 65 years,20,20,Private,72,72,"Percent of population, crude",1,2022,89.5,88.8,90.2,-0.20000000000000284,1.4000000000000057
Has a usual place of care among adults,Healthcare access and quality,150,Socioeconomic Characteristic,3,Health insurance coverage: Younger than 65 years,20,20,Private,72,72,"Percent of population, crude",1,2023,88.7,88.0,89.4,-0.7999999999999972,1.4000000000000057
Has a usual place of care among adults,Healthcare access and quality,150,Socioeconomic Characteristic,3,Health insurance coverage: Younger than 65 years,20,20,Private,72,72,"Percent of population, crude",1,2024,90.1,89.5,90.7,1.3999999999999915,1.2000000000000028
Has a usual place of care among adults,Healthcare access and quality,150,Socioeconomic Characteristic,3,Health insurance coverage: Younger than 65 years,20,20,Uninsured,75,75,"Percent of population, crude",1,2019,59.2,57.0,61.5,,4.5
Has a usual place of care among adults,Healthcare access and quality,150,Socioeconomic Characteristic,3,Health insurance coverage: Younger than 65 years,20,20,Uninsured,75,75,"Percent of population, crude",1,2020,62.8,60.1,65.4,3.5999999999999943,5.300000000000004
Has a usual place of care among adults,Healthcare access and quality,150,Socioeconomic Characteristic,3,Health insurance coverage: Younger than 65 years,20,20,Uninsured,75,75,"Percent of population, crude",1,2021,59.1,56.6,61.6,-3.6999999999999957,5.0
Has a usual place of care among adults,Healthcare access and quality,150,Socioeconomic Characteristic,3,Health insurance coverage: Younger than 65 years,20,20,Uninsured,75,75,"Percent of population, crude",1,2022,56.9,54.2,59.5,-2.200000000000003,5.299999999999997
Has a usual place of care among adults,Healthcare access and quality,150,Socioeconomic Characteristic,3,Health insurance coverage: Younger than 65 years,20,20,Uninsured,75,75,"Percent of population, crude",1,2023,57.2,54.6,59.8,0.30000000000000426,5.199999999999996
Has a usual place of care among adults,Healthcare access and quality,150,Socioeconomic Characteristic,3,Health insurance coverage: Younger than 65 years,20,20,Uninsured,75,75,"Percent of population, crude",1,2024,59.3,56.6,61.9,2.0999999999999943,5.299999999999997
Has a usual place of care among adults,Healthcare access and quality,150,Demographic Characteristic,1,Marital status,6,6,Divorced or separated,15,15,"Percent of population, crude",1,2019,88.6,87.3,89.8,,2.5
Has a usual place of care among adults,Healthcare access and quality,150,Demographic Characteristic,1,Marital status,6,6,Divorced or separated,15,15,"Percent of population, crude",1,2020,88.7,87.3,90.0,0.10000000000000853,2.700000000000003
Has a usual place of care among adults,Healthcare access and quality,150,Demographic Characteristic,1,Marital status,6,6,Divorced or separated,15,15,"Percent of population, crude",1,2021,88.9,87.5,90.1,0.20000000000000284,2.5999999999999943
Has a usual place of care among adults,Healthcare access and quality,150,Demographic Characteristic,1,Marital status,6,6,Divorced or separated,15,15,"Percent of population, crude",1,2022,88.8,87.5,90.0,-0.10000000000000853,2.5
Has a usual place of care among adults,Healthcare access and quality,150,Demographic Characteristic,1,Marital status,6,6,Divorced or separated,15,15,"Percent of population, crude",1,2023,88.5,87.2,89.7,-0.29999999999999716,2.5
Has a usual place of care among adults,Healthcare access and quality,150,Demographic Characteristic,1,Marital status,6,6,Divorced or separated,15,15,"Percent of population, crude",1,2024,89.2,87.9,90.4,0.7000000000000028,2.5
Has a usual place of care among adults,Healthcare access and quality,150,Demographic Characteristic,1,Marital status,6,6,Living with a partner,17,17,"Percent of population, crude",1,2019,77.4,75.0,79.7,,4.700000000000003
Has a usual place of care among adults,Healthcare access and quality,150,Demographic Characteristic,1,Marital status,6,6,Living with a partner,17,17,"Percent of population, crude",1,2020,79.1,76.5,81.4,1.6999999999999886,4.900000000000006
Has a usual place of care among adults,Healthcare access and quality,150,Demographic Characteristic,1,Marital status,6,6,Living with a partner,17,17,"Percent of population, crude",1,2021,78.1,75.8,80.2,-1.0,4.400000000000006
Has a usual place of care among adults,Healthcare access and quality,150,Demographic Characteristic,1,Marital status,6,6,Living with a partner,17,17,"Percent of population, crude",1,2022,76.7,74.2,79.2,-1.3999999999999915,5.0
Has a usual place of care among adults,Healthcare access and quality,150,Demographic Characteristic,1,Marital status,6,6,Living with a partner,17,17,"Percent of population, crude",1,2023,80.1,77.9,82.2,3.3999999999999915,4.299999999999997
Has a usual place of care among adults,Healthcare access and quality,150,Demographic Characteristic,1,Marital status,6,6,Living with a partner,17,17,"Percent of population, crude",1,2024,81.3,79.2,83.2,1.2000000000000028,4.0
Has a usual place of care among adults,Healthcare access and quality,150,Demographic Characteristic,1,Marital status,6,6,Married,14,14,"Percent of population, crude",1,2019,91.3,90.7,91.9,,1.2000000000000028
Has a usual place of care among adults,Healthcare access and quality,150,Demographic Characteristic,1,Marital status,6,6,Married,14,14,"Percent of population, crude",1,2020,92.5,91.9,93.1,1.2000000000000028,1.1999999999999886
Has a usual place of care among adults,Healthcare access and quality,150,Demographic Characteristic,1,Marital status,6,6,Married,14,14,"Percent of population, crude",1,2021,91.7,91.1,92.3,-0.7999999999999972,1.2000000000000028
Has a usual place of care among adults,Healthcare access and quality,150,Demographic Characteristic,1,Marital status,6,6,Married,14,14,"Percent of population, crude",1,2022,91.7,91.1,92.3,0.0,1.2000000000000028
Has a usual place of care among adults,Healthcare access and quality,150,Demographic Characteristic,1,Marital status,6,6,Married,14,14,"Percent of population, crude",1,2023,91.2,90.5,91.8,-0.5,1.2999999999999972
Has a usual place of care among adults,Healthcare access and quality,150,Demographic Characteristic,1,Marital status,6,6,Married,14,14,"Percent of population, crude",1,2024,91.9,91.4,92.5,0.7000000000000028,1.0999999999999943
Has a usual place of care among adults,Healthcare access and quality,150,Demographic Characteristic,1,Marital status,6,6,Never married,18,18,"Percent of population, crude",1,2019,82.2,80.9,83.4,,2.5
Has a usual place of care among adults,Healthcare access and quality,150,Demographic Characteristic,1,Marital status,6,6,Never married,18,18,"Percent of population, crude",1,2020,82.1,80.6,83.6,-0.10000000000000853,3.0
Has a usual place of care among adults,Healthcare access and quality,150,Demographic Characteristic,1,Marital status,6,6,Never married,18,18,"Percent of population, crude",1,2021,81.9,80.6,83.2,-0.19999999999998863,2.6000000000000085
Has a usual place of care among adults,Healthcare access and quality,150,Demographic Characteristic,1,Marital status,6,6,Never married,18,18,"Percent of population, crude",1,2022,81.4,80.0,82.7,-0.5,2.700000000000003
Has a usual place of care among adults,Healthcare access and quality,150,Demographic Characteristic,1,Marital status,6,6,Never married,18,18,"Percent of population, crude",1,2023,81.6,80.2,82.9,0.19999999999998863,2.700000000000003
Has a usual place of care among adults,Healthcare access and quality,150,Demographic Characteristic,1,Marital status,6,6,Never married,18,18,"Percent of population, crude",1,2024,82.5,81.3,83.7,0.9000000000000057,2.4000000000000057
Has a usual place of care among adults,Healthcare access and quality,150,Demographic Characteristic,1,Marital status,6,6,Widowed,16,16,"Percent of population, crude",1,2019,93.9,92.5,95.1,,2.5999999999999943
Has a usual place of care among adults,Healthcare access and quality,150,Demographic Characteristic,1,Marital status,6,6,Widowed,16,16,"Percent of population, crude",1,2020,95.4,94.1,96.5,1.5,2.4000000000000057
Has a usual place of care among adults,Healthcare access and quality,150,Demographic Characteristic,1,Marital status,6,6,Widowed,16,16,"Percent of population, crude",1,2021,95.0,93.9,96.1,-0.4000000000000057,2.1999999999999886
Has a usual place of care among adults,Healthcare access and quality,150,Demographic Characteristic,1,Marital status,6,6,Widowed,16,16,"Percent of population, crude",1,2022,94.2,92.9,95.3,-0.7999999999999972,2.3999999999999915
Has a usual place of care among adults,Healthcare access and quality,150,Demographic Characteristic,1,Marital status,6,6,Widowed,16,16,"Percent of population, crude",1,2023,94.2,93.1,95.2,0.0,2.1000000000000085
Has a usual place of care among adults,Healthcare access and quality,150,Demographic Characteristic,1,Marital status,6,6,Widowed,16,16,"Percent of population, crude",1,2024,94.5,93.4,95.5,0.29999999999999716,2.0999999999999943
Has a usual place of care among adults,Healthcare access and quality,150,Geographic Characteristic,2,Metropolitan statistical area,13,13,Large MSA,41,41,"Percent of population, crude",1,2019,87.1,86.4,87.8,,1.3999999999999915
Has a usual place of care among adults,Healthcare access and quality,150,Geographic Characteristic,2,Metropolitan statistical area,13,13,Large MSA,41,41,"Percent of population, crude",1,2020,88.2,87.5,88.9,1.1000000000000085,1.4000000000000057
Has a usual place of care among adults,Healthcare access and quality,150,Geographic Characteristic,2,Metropolitan statistical area,13,13,Large MSA,41,41,"Percent of population, crude",1,2021,87.6,86.9,88.3,-0.6000000000000085,1.3999999999999915
Has a usual place of care among adults,Healthcare access and quality,150,Geographic Characteristic,2,Metropolitan statistical area,13,13,Large MSA,41,41,"Percent of population, crude",1,2022,86.6,85.8,87.4,-1.0,1.6000000000000085
Has a usual place of care among adults,Healthcare access and quality,150,Geographic Characteristic,2,Metropolitan statistical area,13,13,Large MSA,41,41,"Percent of population, crude",1,2023,87.8,87.1,88.4,1.2000000000000028,1.3000000000000114
Has a usual place of care among adults,Healthcare access and quality,150,Geographic Characteristic,2,Metropolitan statistical area,13,13,Large MSA,41,41,"Percent of population, crude",1,2024,88.0,87.3,88.7,0.20000000000000284,1.4000000000000057
Has a usual place of care among adults,Healthcare access and quality,150,Geographic Characteristic,2,Metropolitan statistical area,13,13,Non-MSA,43,43,"Percent of population, crude",1,2019,88.9,87.6,90.1,,2.5
Has a usual place of care among adults,Healthcare access and quality,150,Geographic Characteristic,2,Metropolitan statistical area,13,13,Non-MSA,43,43,"Percent of population, crude",1,2020,89.6,88.1,91.0,0.6999999999999886,2.9000000000000057
Has a usual place of care among adults,Healthcare access and quality,150,Geographic Characteristic,2,Metropolitan statistical area,13,13,Non-MSA,43,43,"Percent of population, crude",1,2021,90.6,89.2,91.8,1.0,2.5999999999999943
Has a usual place of care among adults,Healthcare access and quality,150,Geographic Characteristic,2,Metropolitan statistical area,13,13,Non-MSA,43,43,"Percent of population, crude",1,2022,90.7,89.4,92.0,0.10000000000000853,2.5999999999999943
Has a usual place of care among adults,Healthcare access and quality,150,Geographic Characteristic,2,Metropolitan statistical area,13,13,Non-MSA,43,43,"Percent of population, crude",1,2023,90.3,88.9,91.7,-0.4000000000000057,2.799999999999997
Has a usual place of care among adults,Healthcare access and quality,150,Geographic Characteristic,2,Metropolitan statistical area,13,13,Non-MSA,43,43,"Percent of population, crude",1,2024,91.1,89.9,92.1,0.7999999999999972,2.1999999999999886
Has a usual place of care among adults,Healthcare access and quality,150,Geographic Characteristic,2,Metropolitan statistical area,13,13,Small MSA,42,42,"Percent of population, crude",1,2019,88.3,87.3,89.3,,2.0
Has a usual place of care among adults,Healthcare access and quality,150,Geographic Characteristic,2,Metropolitan statistical area,13,13,Small MSA,42,42,"Percent of population, crude",1,2020,88.9,87.8,89.9,0.6000000000000085,2.1000000000000085
Has a usual place of care among adults,Healthcare access and quality,150,Geographic Characteristic,2,Metropolitan statistical area,13,13,Small MSA,42,42,"Percent of population, crude",1,2021,87.9,86.8,88.9,-1.0,2.1000000000000085
Has a usual place of care among adults,Healthcare access and quality,150,Geographic Characteristic,2,Metropolitan statistical area,13,13,Small MSA,42,42,"Percent of population, crude",1,2022,88.1,86.8,89.3,0.19999999999998863,2.5
Has a usual place of care among adults,Healthcare access and quality,150,Geographic Characteristic,2,Metropolitan statistical area,13,13,Small MSA,42,42,"Percent of population, crude",1,2023,86.0,84.8,87.2,-2.0999999999999943,2.4000000000000057
Has a usual place of care among adults,Healthcare access and quality,150,Geographic Characteristic,2,Metropolitan statistical area,13,13,Small MSA,42,42,"Percent of population, crude",1,2024,88.5,87.5,89.4,2.5,1.9000000000000057
Has a usual place of care among adults,Healthcare access and quality,150,Demographic Characteristic,1,Nativity,7,7,Foreign-born,20,20,"Percent of population, crude",1,2019,83.7,82.2,85.2,,3.0
Has a usual place of care among adults,Healthcare access and quality,150,Demographic Characteristic,1,Nativity,7,7,Foreign-born,20,20,"Percent of population, crude",1,2020,86.0,84.6,87.3,2.299999999999997,2.700000000000003
Has a usual place of care among adults,Healthcare access and quality,150,Demographic Characteristic,1,Nativity,7,7,Foreign-born,20,20,"Percent of population, crude",1,2021,85.4,84.0,86.6,-0.5999999999999943,2.5999999999999943
Has a usual place of care among adults,Healthcare access and quality,150,Demographic Characteristic,1,Nativity,7,7,Foreign-born,20,20,"Percent of population, crude",1,2022,83.8,82.4,85.2,-1.6000000000000085,2.799999999999997
Has a usual place of care among adults,Healthcare access and quality,150,Demographic Characteristic,1,Nativity,7,7,Foreign-born,20,20,"Percent of population, crude",1,2023,83.3,81.8,84.6,-0.5,2.799999999999997
Has a usual place of care among adults,Healthcare access and quality,150,Demographic Characteristic,1,Nativity,7,7,Foreign-born,20,20,"Percent of population, crude",1,2024,83.7,82.3,85.0,0.4000000000000057,2.700000000000003
Has a usual place of care among adults,Healthcare access and quality,150,Demographic Characteristic,1,Nativity,7,7,U.S.-born,19,19,"Percent of population, crude",1,2019,88.9,88.3,89.4,,1.1000000000000085
Has a usual place of care among adults,Healthcare access and quality,150,Demographic Characteristic,1,Nativity,7,7,U.S.-born,19,19,"Percent of population, crude",1,2020,89.3,88.7,89.9,0.3999999999999915,1.2000000000000028
Has a usual place of care among adults,Healthcare access and quality,150,Demographic Characteristic,1,Nativity,7,7,U.S.-born,19,19,"Percent of population, crude",1,2021,88.7,88.2,89.3,-0.5999999999999943,1.0999999999999943
Has a usual place of care among adults,Healthcare access and quality,150,Demographic Characteristic,1,Nativity,7,7,U.S.-born,19,19,"Percent of population, crude",1,2022,88.7,88.1,89.3,0.0,1.2000000000000028
Has a usual place of care among adults,Healthcare access and quality,150,Demographic Characteristic,1,Nativity,7,7,U.S.-born,19,19,"Percent of population, crude",1,2023,88.9,88.3,89.4,0.20000000000000284,1.1000000000000085
Has a usual place of care among adults,Healthcare access and quality,150,Demographic Characteristic,1,Nativity,7,7,U.S.-born,19,19,"Percent of population, crude",1,2024,89.9,89.4,90.4,1.0,1.0
Has a usual place of care among adults,Healthcare access and quality,150,Socioeconomic Characteristic,3,Poverty level,21,21,100% to <200% FPL,77,77,"Percent of population, crude",1,2019,82.7,81.3,84.0,,2.700000000000003
Has a usual place of care among adults,Healthcare access and quality,150,Socioeconomic Characteristic,3,Poverty level,21,21,100% to <200% FPL,77,77,"Percent of population, crude",1,2020,84.8,83.3,86.3,2.0999999999999943,3.0
Has a usual place of care among adults,Healthcare access and quality,150,Socioeconomic Characteristic,3,Poverty level,21,21,100% to <200% FPL,77,77,"Percent of population, crude",1,2021,84.1,82.5,85.5,-0.7000000000000028,3.0
Has a usual place of care among adults,Healthcare access and quality,150,Socioeconomic Characteristic,3,Poverty level,21,21,100% to <200% FPL,77,77,"Percent of population, crude",1,2022,82.6,80.9,84.1,-1.5,3.1999999999999886
Has a usual place of care among adults,Healthcare access and quality,150,Socioeconomic Characteristic,3,Poverty level,21,21,100% to <200% FPL,77,77,"Percent of population, crude",1,2023,83.3,81.8,84.7,0.7000000000000028,2.9000000000000057
Has a usual place of care among adults,Healthcare access and quality,150,Socioeconomic Characteristic,3,Poverty level,21,21,100% to <200% FPL,77,77,"Percent of population, crude",1,2024,84.3,82.9,85.6,1.0,2.6999999999999886
Has a usual place of care among adults,Healthcare access and quality,150,Socioeconomic Characteristic,3,Poverty level,21,21,<100% FPL,76,76,"Percent of population, crude",1,2019,79.8,77.7,81.8,,4.099999999999994
Has a usual place of care among adults,Healthcare access and quality,150,Socioeconomic Characteristic,3,Poverty level,21,21,<100% FPL,76,76,"Percent of population, crude",1,2020,81.9,79.5,84.0,2.1000000000000085,4.5
Has a usual place of care among adults,Healthcare access and quality,150,Socioeconomic Characteristic,3,Poverty level,21,21,<100% FPL,76,76,"Percent of population, crude",1,2021,81.5,79.4,83.5,-0.4000000000000057,4.099999999999994
Has a usual place of care among adults,Healthcare access and quality,150,Socioeconomic Characteristic,3,Poverty level,21,21,<100% FPL,76,76,"Percent of population, crude",1,2022,80.2,78.1,82.1,-1.2999999999999972,4.0
Has a usual place of care among adults,Healthcare access and quality,150,Socioeconomic Characteristic,3,Poverty level,21,21,<100% FPL,76,76,"Percent of population, crude",1,2023,81.1,79.1,83.1,0.8999999999999915,4.0
Has a usual place of care among adults,Healthcare access and quality,150,Socioeconomic Characteristic,3,Poverty level,21,21,<100% FPL,76,76,"Percent of population, crude",1,2024,81.6,79.7,83.4,0.5,3.700000000000003
Has a usual place of care among adults,Healthcare access and quality,150,Socioeconomic Characteristic,3,Poverty level,21,21,≥200% FPL,78,78,"Percent of population, crude",1,2019,90.4,89.8,90.9,,1.1000000000000085
Has a usual place of care among adults,Healthcare access and quality,150,Socioeconomic Characteristic,3,Poverty level,21,21,≥200% FPL,78,78,"Percent of population, crude",1,2020,90.5,89.9,91.1,0.09999999999999432,1.1999999999999886
Has a usual place of care among adults,Healthcare access and quality,150,Socioeconomic Characteristic,3,Poverty level,21,21,≥200% FPL,78,78,"Percent of population, crude",1,2021,90.0,89.4,90.5,-0.5,1.0999999999999943
Has a usual place of care among adults,Healthcare access and quality,150,Socioeconomic Characteristic,3,Poverty level,21,21,≥200% FPL,78,78,"Percent of population, crude",1,2022,89.9,89.2,90.5,-0.09999999999999432,1.2999999999999972
Has a usual place of care among adults,Healthcare access and quality,150,Socioeconomic Characteristic,3,Poverty level,21,21,≥200% FPL,78,78,"Percent of population, crude",1,2023,89.6,89.0,90.1,-0.30000000000001137,1.0999999999999943
Has a usual place of care among adults,Healthcare access and quality,150,Socioeconomic Characteristic,3,Poverty level,21,21,≥200% FPL,78,78,"Percent of population, crude",1,2024,90.5,90.0,91.0,0.9000000000000057,1.0
Has a usual place of care among adults,Healthcare access and quality,150,Demographic Characteristic,1,Race,8,8,American Indian and Alaska Native and White,26,26,"Percent of population, crude",1,2019,81.6,74.8,87.2,,12.400000000000006
Has a usual place of care among adults,Healthcare access and quality,150,Demographic Characteristic,1,Race,8,8,American Indian and Alaska Native and White,26,26,"Percent of population, crude",1,2020,75.7,65.4,84.2,-5.8999999999999915,18.799999999999997
Has a usual place of care among adults,Healthcare access and quality,150,Demographic Characteristic,1,Race,8,8,American Indian and Alaska Native and White,26,26,"Percent of population, crude",1,2021,84.6,76.8,90.6,8.899999999999991,13.799999999999997
Has a usual place of care among adults,Healthcare access and quality,150,Demographic Characteristic,1,Race,8,8,American Indian and Alaska Native and White,26,26,"Percent of population, crude",1,2022,87.4,80.1,92.7,2.8000000000000114,12.600000000000009
Has a usual place of care among adults,Healthcare access and quality,150,Demographic Characteristic,1,Race,8,8,American Indian and Alaska Native and White,26,26,"Percent of population, crude",1,2023,87.1,79.5,92.7,-0.30000000000001137,13.200000000000003
Has a usual place of care among adults,Healthcare access and quality,150,Demographic Characteristic,1,Race,8,8,American Indian and Alaska Native and White,26,26,"Percent of population, crude",1,2024,90.9,85.2,94.9,3.8000000000000114,9.700000000000003
Has a usual place of care among adults,Healthcare access and quality,150,Demographic Characteristic,1,Race,8,8,American Indian and Alaska Native only,21,21,"Percent of population, crude",1,2020,87.9,80.2,93.4,,13.200000000000003
Has a usual place of care among adults,Healthcare access and quality,150,Demographic Characteristic,1,Race,8,8,American Indian and Alaska Native only,21,21,"Percent of population, crude",1,2022,87.7,79.8,93.3,-0.20000000000000284,13.5
Has a usual place of care among adults,Healthcare access and quality,150,Demographic Characteristic,1,Race,8,8,American Indian and Alaska Native only,21,21,"Percent of population, crude",1,2023,82.7,73.9,89.5,-5.0,15.599999999999994
Has a usual place of care among adults,Healthcare access and quality,150,Demographic Characteristic,1,Race,8,8,American Indian and Alaska Native only,21,21,"Percent of population, crude",1,2024,84.0,75.6,90.4,1.2999999999999972,14.800000000000011
Has a usual place of care among adults,Healthcare access and quality,150,Demographic Characteristic,1,Race,8,8,Asian only,22,22,"Percent of population, crude",1,2019,89.5,87.5,91.3,,3.799999999999997
Has a usual place of care among adults,Healthcare access and quality,150,Demographic Characteristic,1,Race,8,8,Asian only,22,22,"Percent of population, crude",1,2020,90.3,88.3,92.0,0.7999999999999972,3.700000000000003
Has a usual place of care among adults,Healthcare access and quality,150,Demographic Characteristic,1,Race,8,8,Asian only,22,22,"Percent of population, crude",1,2021,88.2,86.1,90.0,-2.0999999999999943,3.9000000000000057
Has a usual place of care among adults,Healthcare access and quality,150,Demographic Characteristic,1,Race,8,8,Asian only,22,22,"Percent of population, crude",1,2022,88.7,86.8,90.4,0.5,3.6000000000000085
Has a usual place of care among adults,Healthcare access and quality,150,Demographic Characteristic,1,Race,8,8,Asian only,22,22,"Percent of population, crude",1,2023,87.8,85.8,89.6,-0.9000000000000057,3.799999999999997
Has a usual place of care among adults,Healthcare access and quality,150,Demographic Characteristic,1,Race,8,8,Asian only,22,22,"Percent of population, crude",1,2024,88.8,87.0,90.5,1.0,3.5
Has a usual place of care among adults,Healthcare access and quality,150,Demographic Characteristic,1,Race,8,8,Black and White,27,27,"Percent of population, crude",1,2019,77.1,63.1,87.7,,24.6
Has a usual place of care among adults,Healthcare access and quality,150,Demographic Characteristic,1,Race,8,8,Black and White,27,27,"Percent of population, crude",1,2021,70.6,59.5,80.2,-6.5,20.700000000000003
Has a usual place of care among adults,Healthcare access and quality,150,Demographic Characteristic,1,Race,8,8,Black and White,27,27,"Percent of population, crude",1,2022,78.7,67.1,87.8,8.100000000000009,20.700000000000003
Has a usual place of care among adults,Healthcare access and quality,150,Demographic Characteristic,1,Race,8,8,Black and White,27,27,"Percent of population, crude",1,2023,76.3,66.8,84.2,-2.4000000000000057,17.400000000000006
Has a usual place of care among adults,Healthcare access and quality,150,Demographic Characteristic,1,Race,8,8,Black and White,27,27,"Percent of population, crude",1,2024,81.4,72.0,88.7,5.1000000000000085,16.700000000000003
Has a usual place of care among adults,Healthcare access and quality,150,Demographic Characteristic,1,Race,8,8,Black only,23,23,"Percent of population, crude",1,2019,85.6,83.9,87.1,,3.1999999999999886
Has a usual place of care among adults,Healthcare access and quality,150,Demographic Characteristic,1,Race,8,8,Black only,23,23,"Percent of population, crude",1,2020,86.2,84.4,87.9,0.6000000000000085,3.5
Has a usual place of care among adults,Healthcare access and quality,150,Demographic Characteristic,1,Race,8,8,Black only,23,23,"Percent of population, crude",1,2021,85.9,84.2,87.4,-0.29999999999999716,3.200000000000003
Has a usual place of care among adults,Healthcare access and quality,150,Demographic Characteristic,1,Race,8,8,Black only,23,23,"Percent of population, crude",1,2022,86.3,84.6,87.8,0.3999999999999915,3.200000000000003
Has a usual place of care among adults,Healthcare access and quality,150,Demographic Characteristic,1,Race,8,8,Black only,23,23,"Percent of population, crude",1,2023,85.3,83.6,87.0,-1.0,3.4000000000000057
Has a usual place of care among adults,Healthcare access and quality,150,Demographic Characteristic,1,Race,8,8,Black only,23,23,"Percent of population, crude",1,2024,86.7,85.2,88.2,1.4000000000000057,3.0
Has a usual place of care among adults,Healthcare access and quality,150,Demographic Characteristic,1,Race,8,8,Native Hawaiian or Other Pacific Islander only,24,24,"Percent of population, crude",1,2021,81.8,68.3,91.3,,23.0
Has a usual place of care among adults,Healthcare access and quality,150,Demographic Characteristic,1,Race,8,8,Native Hawaiian or Other Pacific Islander only,24,24,"Percent of population, crude",1,2022,80.4,69.9,88.4,-1.3999999999999915,18.5
Has a usual place of care among adults,Healthcare access and quality,150,Demographic Characteristic,1,Race,8,8,Native Hawaiian or Other Pacific Islander only,24,24,"Percent of population, crude",1,2023,82.9,70.6,91.7,2.5,21.10000000000001
Has a usual place of care among adults,Healthcare access and quality,150,Demographic Characteristic,1,Race,8,8,Native Hawaiian or Other Pacific Islander only,24,24,"Percent of population, crude",1,2024,78.2,67.5,86.7,-4.700000000000003,19.200000000000003
Has a usual place of care among adults,Healthcare access and quality,150,Demographic Characteristic,1,Race,8,8,White only,25,25,"Percent of population, crude",1,2019,88.7,88.2,89.3,,1.0999999999999943
Has a usual place of care among adults,Healthcare access and quality,150,Demographic Characteristic,1,Race,8,8,White only,25,25,"Percent of population, crude",1,2020,89.7,89.1,90.3,1.0,1.2000000000000028
Has a usual place of care among adults,Healthcare access and quality,150,Demographic Characteristic,1,Race,8,8,White only,25,25,"Percent of population, crude",1,2021,89.1,88.5,89.7,-0.6000000000000085,1.2000000000000028
Has a usual place of care among adults,Healthcare access and quality,150,Demographic Characteristic,1,Race,8,8,White only,25,25,"Percent of population, crude",1,2022,88.7,88.0,89.3,-0.3999999999999915,1.2999999999999972
Has a usual place of care among adults,Healthcare access and quality,150,Demographic Characteristic,1,Race,8,8,White only,25,25,"Percent of population, crude",1,2023,88.8,88.2,89.4,0.09999999999999432,1.2000000000000028
Has a usual place of care among adults,Healthcare access and quality,150,Demographic Characteristic,1,Race,8,8,White only,25,25,"Percent of population, crude",1,2024,90.0,89.4,90.5,1.2000000000000028,1.0999999999999943
Has a usual place of care among adults,Healthcare access and quality,150,Demographic Characteristic,1,Race and Hispanic origin,9,9,"All races, Hispanic",28,28,"Percent of population, crude",1,2019,81.0,79.3,82.6,,3.299999999999997
Has a usual place of care among adults,Healthcare access and quality,150,Demographic Characteristic,1,Race and Hispanic origin,9,9,"All races, Hispanic",28,28,"Percent of population, crude",1,2020,83.0,81.3,84.6,2.0,3.299999999999997
Has a usual place of care among adults,Healthcare access and quality,150,Demographic Characteristic,1,Race and Hispanic origin,9,9,"All races, Hispanic",28,28,"Percent of population, crude",1,2021,82.6,81.1,84.0,-0.4000000000000057,2.9000000000000057
Has a usual place of care among adults,Healthcare access and quality,150,Demographic Characteristic,1,Race and Hispanic origin,9,9,"All races, Hispanic",28,28,"Percent of population, crude",1,2022,80.3,78.6,82.0,-2.299999999999997,3.4000000000000057
Has a usual place of care among adults,Healthcare access and quality,150,Demographic Characteristic,1,Race and Hispanic origin,9,9,"All races, Hispanic",28,28,"Percent of population, crude",1,2023,81.6,80.1,83.1,1.2999999999999972,3.0
Has a usual place of care among adults,Healthcare access and quality,150,Demographic Characteristic,1,Race and Hispanic origin,9,9,"All races, Hispanic",28,28,"Percent of population, crude",1,2024,81.9,80.4,83.4,0.30000000000001137,3.0
Has a usual place of care among adults,Healthcare access and quality,150,Demographic Characteristic,1,Race and Hispanic origin,9,9,"All races, Hispanic, Mexican",29,29,"Percent of population, crude",1,2019,80.2,77.9,82.2,,4.299999999999997
Has a usual place of care among adults,Healthcare access and quality,150,Demographic Characteristic,1,Race and Hispanic origin,9,9,"All races, Hispanic, Mexican",29,29,"Percent of population, crude",1,2020,81.9,79.4,84.2,1.7000000000000028,4.799999999999997
Has a usual place of care among adults,Healthcare access and quality,150,Demographic Characteristic,1,Race and Hispanic origin,9,9,"All races, Hispanic, Mexican",29,29,"Percent of population, crude",1,2021,82.1,80.2,83.8,0.19999999999998863,3.5999999999999943
Has a usual place of care among adults,Healthcare access and quality,150,Demographic Characteristic,1,Race and Hispanic origin,9,9,"All races, Hispanic, Mexican",29,29,"Percent of population, crude",1,2022,80.0,77.5,82.3,-2.0999999999999943,4.799999999999997
Has a usual place of care among adults,Healthcare access and quality,150,Demographic Characteristic,1,Race and Hispanic origin,9,9,"All races, Hispanic, Mexican",29,29,"Percent of population, crude",1,2023,81.5,79.3,83.6,1.5,4.299999999999997
Has a usual place of care among adults,Healthcare access and quality,150,Demographic Characteristic,1,Race and Hispanic origin,9,9,"All races, Hispanic, Mexican",29,29,"Percent of population, crude",1,2024,81.5,79.5,83.4,0.0,3.9000000000000057
Has a usual place of care among adults,Healthcare access and quality,150,Demographic Characteristic,1,Race and Hispanic origin,9,9,"All races, non-Hispanic",30,30,"Percent of population, crude",1,2019,89.1,88.6,89.6,,1.0
Has a usual place of care among adults,Healthcare access and quality,150,Demographic Characteristic,1,Race and Hispanic origin,9,9,"All races, non-Hispanic",30,30,"Percent of population, crude",1,2020,89.7,89.2,90.3,0.6000000000000085,1.0999999999999943
Has a usual place of care among adults,Healthcare access and quality,150,Demographic Characteristic,1,Race and Hispanic origin,9,9,"All races, non-Hispanic",30,30,"Percent of population, crude",1,2021,89.2,88.7,89.8,-0.5,1.0999999999999943
Has a usual place of care among adults,Healthcare access and quality,150,Demographic Characteristic,1,Race and Hispanic origin,9,9,"All races, non-Hispanic",30,30,"Percent of population, crude",1,2022,89.1,88.6,89.7,-0.10000000000000853,1.1000000000000085
Has a usual place of care among adults,Healthcare access and quality,150,Demographic Characteristic,1,Race and Hispanic origin,9,9,"All races, non-Hispanic",30,30,"Percent of population, crude",1,2023,88.9,88.3,89.4,-0.19999999999998863,1.1000000000000085
Has a usual place of care among adults,Healthcare access and quality,150,Demographic Characteristic,1,Race and Hispanic origin,9,9,"All races, non-Hispanic",30,30,"Percent of population, crude",1,2024,90.0,89.5,90.5,1.0999999999999943,1.0
Has a usual place of care among adults,Healthcare access and quality,150,Demographic Characteristic,1,Race and Hispanic origin,9,9,"Black only, non-Hispanic",31,31,"Percent of population, crude",1,2019,85.7,84.0,87.3,,3.299999999999997
Has a usual place of care among adults,Healthcare access and quality,150,Demographic Characteristic,1,Race and Hispanic origin,9,9,"Black only, non-Hispanic",31,31,"Percent of population, crude",1,2020,86.3,84.4,88.0,0.5999999999999943,3.5999999999999943
Has a usual place of care among adults,Healthcare access and quality,150,Demographic Characteristic,1,Race and Hispanic origin,9,9,"Black only, non-Hispanic",31,31,"Percent of population, crude",1,2021,85.8,84.1,87.4,-0.5,3.3000000000000114
Has a usual place of care among adults,Healthcare access and quality,150,Demographic Characteristic,1,Race and Hispanic origin,9,9,"Black only, non-Hispanic",31,31,"Percent of population, crude",1,2022,86.4,84.7,88.0,0.6000000000000085,3.299999999999997
Has a usual place of care among adults,Healthcare access and quality,150,Demographic Characteristic,1,Race and Hispanic origin,9,9,"Black only, non-Hispanic",31,31,"Percent of population, crude",1,2023,85.5,83.7,87.1,-0.9000000000000057,3.3999999999999915
Has a usual place of care among adults,Healthcare access and quality,150,Demographic Characteristic,1,Race and Hispanic origin,9,9,"Black only, non-Hispanic",31,31,"Percent of population, crude",1,2024,87.0,85.4,88.4,1.5,3.0
Has a usual place of care among adults,Healthcare access and quality,150,Demographic Characteristic,1,Race and Hispanic origin,9,9,"Other races, non-Hispanic",33,33,"Percent of population, crude",1,2019,88.2,86.5,89.8,,3.299999999999997
Has a usual place of care among adults,Healthcare access and quality,150,Demographic Characteristic,1,Race and Hispanic origin,9,9,"Other races, non-Hispanic",33,33,"Percent of population, crude",1,2020,88.7,86.9,90.4,0.5,3.5
Has a usual place of care among adults,Healthcare access and quality,150,Demographic Characteristic,1,Race and Hispanic origin,9,9,"Other races, non-Hispanic",33,33,"Percent of population, crude",1,2021,87.2,85.3,89.0,-1.5,3.700000000000003
Has a usual place of care among adults,Healthcare access and quality,150,Demographic Characteristic,1,Race and Hispanic origin,9,9,"Other races, non-Hispanic",33,33,"Percent of population, crude",1,2022,88.0,86.2,89.7,0.7999999999999972,3.5
Has a usual place of care among adults,Healthcare access and quality,150,Demographic Characteristic,1,Race and Hispanic origin,9,9,"Other races, non-Hispanic",33,33,"Percent of population, crude",1,2023,86.7,84.9,88.3,-1.2999999999999972,3.3999999999999915
Has a usual place of care among adults,Healthcare access and quality,150,Demographic Characteristic,1,Race and Hispanic origin,9,9,"Other races, non-Hispanic",33,33,"Percent of population, crude",1,2024,87.8,86.2,89.3,1.0999999999999943,3.0999999999999943
Has a usual place of care among adults,Healthcare access and quality,150,Demographic Characteristic,1,Race and Hispanic origin,9,9,"White only, non-Hispanic",32,32,"Percent of population, crude",1,2019,89.8,89.3,90.4,,1.1000000000000085
Has a usual place of care among adults,Healthcare access and quality,150,Demographic Characteristic,1,Race and Hispanic origin,9,9,"White only, non-Hispanic",32,32,"Percent of population, crude",1,2020,90.5,89.9,91.1,0.7000000000000028,1.1999999999999886
Has a usual place of care among adults,Healthcare access and quality,150,Demographic Characteristic,1,Race and Hispanic origin,9,9,"White only, non-Hispanic",32,32,"Percent of population, crude",1,2021,90.1,89.5,90.7,-0.4000000000000057,1.2000000000000028
Has a usual place of care among adults,Healthcare access and quality,150,Demographic Characteristic,1,Race and Hispanic origin,9,9,"White only, non-Hispanic",32,32,"Percent of population, crude",1,2022,89.8,89.2,90.4,-0.29999999999999716,1.2000000000000028
Has a usual place of care among adults,Healthcare access and quality,150,Demographic Characteristic,1,Race and Hispanic origin,9,9,"White only, non-Hispanic",32,32,"Percent of population, crude",1,2023,89.8,89.2,90.4,0.0,1.2000000000000028
Has a usual place of care among adults,Healthcare access and quality,150,Demographic Characteristic,1,Race and Hispanic origin,9,9,"White only, non-Hispanic",32,32,"Percent of population, crude",1,2024,90.9,90.4,91.5,1.1000000000000085,1.0999999999999943
Has a usual place of care among adults,Healthcare access and quality,150,Geographic Characteristic,2,Region,14,14,Midwest,45,45,"Percent of population, crude",1,2019,89.0,87.9,90.0,,2.0999999999999943
Has a usual place of care among adults,Healthcare access and quality,150,Geographic Characteristic,2,Region,14,14,Midwest,45,45,"Percent of population, crude",1,2020,88.5,87.3,89.7,-0.5,2.4000000000000057
Has a usual place of care among adults,Healthcare access and quality,150,Geographic Characteristic,2,Region,14,14,Midwest,45,45,"Percent of population, crude",1,2021,89.3,88.2,90.3,0.7999999999999972,2.0999999999999943
Has a usual place of care among adults,Healthcare access and quality,150,Geographic Characteristic,2,Region,14,14,Midwest,45,45,"Percent of population, crude",1,2022,89.1,87.8,90.3,-0.20000000000000284,2.5
Has a usual place of care among adults,Healthcare access and quality,150,Geographic Characteristic,2,Region,14,14,Midwest,45,45,"Percent of population, crude",1,2023,89.4,88.2,90.4,0.30000000000001137,2.200000000000003
Has a usual place of care among adults,Healthcare access and quality,150,Geographic Characteristic,2,Region,14,14,Midwest,45,45,"Percent of population, crude",1,2024,89.6,88.6,90.6,0.19999999999998863,2.0
Has a usual place of care among adults,Healthcare access and quality,150,Geographic Characteristic,2,Region,14,14,Northeast,44,44,"Percent of population, crude",1,2019,90.9,89.9,92.0,,2.0999999999999943
Has a usual place of care among adults,Healthcare access and quality,150,Geographic Characteristic,2,Region,14,14,Northeast,44,44,"Percent of population, crude",1,2020,92.4,91.2,93.4,1.5,2.200000000000003
Has a usual place of care among adults,Healthcare access and quality,150,Geographic Characteristic,2,Region,14,14,Northeast,44,44,"Percent of population, crude",1,2021,91.3,90.0,92.4,-1.1000000000000085,2.4000000000000057
Has a usual place of care among adults,Healthcare access and quality,150,Geographic Characteristic,2,Region,14,14,Northeast,44,44,"Percent of population, crude",1,2022,92.1,91.0,93.1,0.7999999999999972,2.0999999999999943
Has a usual place of care among adults,Healthcare access and quality,150,Geographic Characteristic,2,Region,14,14,Northeast,44,44,"Percent of population, crude",1,2023,90.7,89.6,91.7,-1.3999999999999915,2.1000000000000085
Has a usual place of care among adults,Healthcare access and quality,150,Geographic Characteristic,2,Region,14,14,Northeast,44,44,"Percent of population, crude",1,2024,91.9,90.8,92.9,1.2000000000000028,2.1000000000000085
Has a usual place of care among adults,Healthcare access and quality,150,Geographic Characteristic,2,Region,14,14,South,46,46,"Percent of population, crude",1,2019,84.6,83.7,85.5,,1.7999999999999972
Has a usual place of care among adults,Healthcare access and quality,150,Geographic Characteristic,2,Region,14,14,South,46,46,"Percent of population, crude",1,2020,86.5,85.4,87.5,1.9000000000000057,2.0999999999999943
Has a usual place of care among adults,Healthcare access and quality,150,Geographic Characteristic,2,Region,14,14,South,46,46,"Percent of population, crude",1,2021,86.3,85.4,87.2,-0.20000000000000284,1.7999999999999972
Has a usual place of care among adults,Healthcare access and quality,150,Geographic Characteristic,2,Region,14,14,South,46,46,"Percent of population, crude",1,2022,84.6,83.5,85.7,-1.7000000000000028,2.200000000000003
Has a usual place of care among adults,Healthcare access and quality,150,Geographic Characteristic,2,Region,14,14,South,46,46,"Percent of population, crude",1,2023,85.1,84.0,86.1,0.5,2.0999999999999943
Has a usual place of care among adults,Healthcare access and quality,150,Geographic Characteristic,2,Region,14,14,South,46,46,"Percent of population, crude",1,2024,86.4,85.5,87.3,1.3000000000000114,1.7999999999999972
Has a usual place of care among adults,Healthcare access and quality,150,Geographic Characteristic,2,Region,14,14,West,47,47,"Percent of population, crude",1,2019,89.3,88.3,90.2,,1.9000000000000057
Has a usual place of care among adults,Healthcare access and quality,150,Geographic Characteristic,2,Region,14,14,West,47,47,"Percent of population, crude",1,2020,89.3,88.2,90.4,0.0,2.200000000000003
Has a usual place of care among adults,Healthcare access and quality,150,Geographic Characteristic,2,Region,14,14,West,47,47,"Percent of population, crude",1,2021,87.7,86.5,88.8,-1.5999999999999943,2.299999999999997
Has a usual place of care among adults,Healthcare access and quality,150,Geographic Characteristic,2,Region,14,14,West,47,47,"Percent of population, crude",1,2022,87.8,86.5,88.9,0.09999999999999432,2.4000000000000057
Has a usual place of care among adults,Healthcare access and quality,150,Geographic Characteristic,2,Region,14,14,West,47,47,"Percent of population, crude",1,2023,87.9,86.7,89.0,0.10000000000000853,2.299999999999997
Has a usual place of care among adults,Healthcare access and quality,150,Geographic Characteristic,2,Region,14,14,West,47,47,"Percent of population, crude",1,2024,88.7,87.7,89.6,0.7999999999999972,1.8999999999999915
Has a usual place of care among adults,Healthcare access and quality,150,Demographic Characteristic,1,Sex,10,10,Female,34,34,"Percent of population, crude",1,2019,91.1,90.5,91.7,,1.2000000000000028
Has a usual place of care among adults,Healthcare access and quality,150,Demographic Characteristic,1,Sex,10,10,Female,34,34,"Percent of population, crude",1,2020,91.2,90.5,91.9,0.10000000000000853,1.4000000000000057
Has a usual place of care among adults,Healthcare access and quality,150,Demographic Characteristic,1,Sex,10,10,Female,34,34,"Percent of population, crude",1,2021,91.4,90.8,92.0,0.20000000000000284,1.2000000000000028
Has a usual place of care among adults,Healthcare access and quality,150,Demographic Characteristic,1,Sex,10,10,Female,34,34,"Percent of population, crude",1,2022,90.9,90.3,91.6,-0.5,1.2999999999999972
Has a usual place of care among adults,Healthcare access and quality,150,Demographic Characteristic,1,Sex,10,10,Female,34,34,"Percent of population, crude",1,2023,90.7,90.0,91.3,-0.20000000000000284,1.2999999999999972
Has a usual place of care among adults,Healthcare access and quality,150,Demographic Characteristic,1,Sex,10,10,Female,34,34,"Percent of population, crude",1,2024,91.9,91.3,92.4,1.2000000000000028,1.1000000000000085
Has a usual place of care among adults,Healthcare access and quality,150,Demographic Characteristic,1,Sex,10,10,Male,35,35,"Percent of population, crude",1,2019,84.1,83.3,84.9,,1.6000000000000085
Has a usual place of care among adults,Healthcare access and quality,150,Demographic Characteristic,1,Sex,10,10,Male,35,35,"Percent of population, crude",1,2020,85.8,84.9,86.7,1.7000000000000028,1.7999999999999972
Has a usual place of care among adults,Healthcare access and quality,150,Demographic Characteristic,1,Sex,10,10,Male,35,35,"Percent of population, crude",1,2021,84.6,83.7,85.4,-1.2000000000000028,1.7000000000000028
Has a usual place of care among adults,Healthcare access and quality,150,Demographic Characteristic,1,Sex,10,10,Male,35,35,"Percent of population, crude",1,2022,84.1,83.2,85.0,-0.5,1.7999999999999972
Has a usual place of care among adults,Healthcare access and quality,150,Demographic Characteristic,1,Sex,10,10,Male,35,35,"Percent of population, crude",1,2023,84.4,83.6,85.2,0.30000000000001137,1.6000000000000085
Has a usual place of care among adults,Healthcare access and quality,150,Demographic Characteristic,1,Sex,10,10,Male,35,35,"Percent of population, crude",1,2024,85.1,84.3,85.8,0.6999999999999886,1.5
Has a usual place of care among adults,Healthcare access and quality,150,Demographic Characteristic,1,Sexual orientation,11,11,Bisexual,36,36,"Percent of population, crude",1,2019,82.3,77.1,86.7,,9.600000000000009
Has a usual place of care among adults,Healthcare access and quality,150,Demographic Characteristic,1,Sexual orientation,11,11,Bisexual,36,36,"Percent of population, crude",1,2020,79.1,72.5,84.7,-3.200000000000003,12.200000000000003
Has a usual place of care among adults,Healthcare access and quality,150,Demographic Characteristic,1,Sexual orientation,11,11,Bisexual,36,36,"Percent of population, crude",1,2021,76.3,71.7,80.5,-2.799999999999997,8.799999999999997
Has a usual place of care among adults,Healthcare access and quality,150,Demographic Characteristic,1,Sexual orientation,11,11,Bisexual,36,36,"Percent of population, crude",1,2022,84.2,80.4,87.6,7.900000000000006,7.199999999999989
Has a usual place of care among adults,Healthcare access and quality,150,Demographic Characteristic,1,Sexual orientation,11,11,Bisexual,36,36,"Percent of population, crude",1,2023,83.6,79.7,86.9,-0.6000000000000085,7.200000000000003
Has a usual place of care among adults,Healthcare access and quality,150,Demographic Characteristic,1,Sexual orientation,11,11,Bisexual,36,36,"Percent of population, crude",1,2024,85.5,81.9,88.7,1.9000000000000057,6.799999999999997
Has a usual place of care among adults,Healthcare access and quality,150,Demographic Characteristic,1,Sexual orientation,11,11,Gay or Lesbian,37,37,"Percent of population, crude",1,2019,87.9,83.7,91.4,,7.700000000000003
Has a usual place of care among adults,Healthcare access and quality,150,Demographic Characteristic,1,Sexual orientation,11,11,Gay or Lesbian,37,37,"Percent of population, crude",1,2020,83.5,76.8,88.9,-4.400000000000006,12.100000000000009
Has a usual place of care among adults,Healthcare access and quality,150,Demographic Characteristic,1,Sexual orientation,11,11,Gay or Lesbian,37,37,"Percent of population, crude",1,2021,89.2,85.8,92.1,5.700000000000003,6.299999999999997
Has a usual place of care among adults,Healthcare access and quality,150,Demographic Characteristic,1,Sexual orientation,11,11,Gay or Lesbian,37,37,"Percent of population, crude",1,2022,88.3,84.9,91.1,-0.9000000000000057,6.199999999999989
Has a usual place of care among adults,Healthcare access and quality,150,Demographic Characteristic,1,Sexual orientation,11,11,Gay or Lesbian,37,37,"Percent of population, crude",1,2023,90.0,86.5,92.8,1.7000000000000028,6.299999999999997
Has a usual place of care among adults,Healthcare access and quality,150,Demographic Characteristic,1,Sexual orientation,11,11,Gay or Lesbian,37,37,"Percent of population, crude",1,2024,88.3,84.5,91.4,-1.7000000000000028,6.900000000000006
Has a usual place of care among adults,Healthcare access and quality,150,Demographic Characteristic,1,Sexual orientation,11,11,Straight,38,38,"Percent of population, crude",1,2019,88.0,87.5,88.5,,1.0
Has a usual place of care among adults,Healthcare access and quality,150,Demographic Characteristic,1,Sexual orientation,11,11,Straight,38,38,"Percent of population, crude",1,2020,89.0,88.5,89.6,1.0,1.0999999999999943
Has a usual place of care among adults,Healthcare access and quality,150,Demographic Characteristic,1,Sexual orientation,11,11,Straight,38,38,"Percent of population, crude",1,2021,88.5,88.0,89.1,-0.5,1.0999999999999943
Has a usual place of care among adults,Healthcare access and quality,150,Demographic Characteristic,1,Sexual orientation,11,11,Straight,38,38,"Percent of population, crude",1,2022,88.0,87.4,88.6,-0.5,1.1999999999999886
Has a usual place of care among adults,Healthcare access and quality,150,Demographic Characteristic,1,Sexual orientation,11,11,Straight,38,38,"Percent of population, crude",1,2023,87.9,87.4,88.5,-0.09999999999999432,1.0999999999999943
Has a usual place of care among adults,Healthcare access and quality,150,Demographic Characteristic,1,Sexual orientation,11,11,Straight,38,38,"Percent of population, crude",1,2024,88.8,88.3,89.3,0.8999999999999915,1.0
Has a usual place of care among adults,Healthcare access and quality,150,Geographic Characteristic,2,Social vulnerability,15,15,High social vulnerability,51,51,"Percent of population, crude",1,2019,86.2,85.1,87.2,,2.1000000000000085
Has a usual place of care among adults,Healthcare access and quality,150,Geographic Characteristic,2,Social vulnerability,15,15,High social vulnerability,51,51,"Percent of population, crude",1,2020,86.8,85.5,88.0,0.5999999999999943,2.5
Has a usual place of care among adults,Healthcare access and quality,150,Geographic Characteristic,2,Social vulnerability,15,15,High social vulnerability,51,51,"Percent of population, crude",1,2021,86.9,85.7,88.1,0.10000000000000853,2.3999999999999915
Has a usual place of care among adults,Healthcare access and quality,150,Geographic Characteristic,2,Social vulnerability,15,15,High social vulnerability,51,51,"Percent of population, crude",1,2022,85.1,83.9,86.2,-1.8000000000000114,2.299999999999997
Has a usual place of care among adults,Healthcare access and quality,150,Geographic Characteristic,2,Social vulnerability,15,15,High social vulnerability,51,51,"Percent of population, crude",1,2023,84.6,83.4,85.6,-0.5,2.1999999999999886
Has a usual place of care among adults,Healthcare access and quality,150,Geographic Characteristic,2,Social vulnerability,15,15,High social vulnerability,51,51,"Percent of population, crude",1,2024,85.9,84.9,86.8,1.3000000000000114,1.8999999999999915
Has a usual place of care among adults,Healthcare access and quality,150,Geographic Characteristic,2,Social vulnerability,15,15,Little to no social vulnerability,48,48,"Percent of population, crude",1,2019,90.6,89.5,91.6,,2.0999999999999943
Has a usual place of care among adults,Healthcare access and quality,150,Geographic Characteristic,2,Social vulnerability,15,15,Little to no social vulnerability,48,48,"Percent of population, crude",1,2020,91.7,90.5,92.7,1.1000000000000085,2.200000000000003
Has a usual place of care among adults,Healthcare access and quality,150,Geographic Characteristic,2,Social vulnerability,15,15,Little to no social vulnerability,48,48,"Percent of population, crude",1,2021,91.2,90.1,92.2,-0.5,2.1000000000000085
Has a usual place of care among adults,Healthcare access and quality,150,Geographic Characteristic,2,Social vulnerability,15,15,Little to no social vulnerability,48,48,"Percent of population, crude",1,2022,91.3,90.0,92.5,0.09999999999999432,2.5
Has a usual place of care among adults,Healthcare access and quality,150,Geographic Characteristic,2,Social vulnerability,15,15,Little to no social vulnerability,48,48,"Percent of population, crude",1,2023,90.6,89.3,91.7,-0.7000000000000028,2.4000000000000057
Has a usual place of care among adults,Healthcare access and quality,150,Geographic Characteristic,2,Social vulnerability,15,15,Little to no social vulnerability,48,48,"Percent of population, crude",1,2024,91.6,90.5,92.7,1.0,2.200000000000003
Has a usual place of care among adults,Healthcare access and quality,150,Geographic Characteristic,2,Social vulnerability,15,15,Low social vulnerability,49,49,"Percent of population, crude",1,2019,88.4,87.3,89.4,,2.1000000000000085
Has a usual place of care among adults,Healthcare access and quality,150,Geographic Characteristic,2,Social vulnerability,15,15,Low social vulnerability,49,49,"Percent of population, crude",1,2020,89.0,88.0,90.0,0.5999999999999943,2.0
Has a usual place of care among adults,Healthcare access and quality,150,Geographic Characteristic,2,Social vulnerability,15,15,Low social vulnerability,49,49,"Percent of population, crude",1,2021,88.5,87.4,89.5,-0.5,2.0999999999999943
Has a usual place of care among adults,Healthcare access and quality,150,Geographic Characteristic,2,Social vulnerability,15,15,Low social vulnerability,49,49,"Percent of population, crude",1,2022,89.7,88.7,90.6,1.2000000000000028,1.8999999999999915
Has a usual place of care among adults,Healthcare access and quality,150,Geographic Characteristic,2,Social vulnerability,15,15,Low social vulnerability,49,49,"Percent of population, crude",1,2023,90.2,89.1,91.1,0.5,2.0
Has a usual place of care among adults,Healthcare access and quality,150,Geographic Characteristic,2,Social vulnerability,15,15,Low social vulnerability,49,49,"Percent of population, crude",1,2024,90.4,89.4,91.3,0.20000000000000284,1.8999999999999915
Has a usual place of care among adults,Healthcare access and quality,150,Geographic Characteristic,2,Social vulnerability,15,15,Medium social vulnerability,50,50,"Percent of population, crude",1,2019,86.8,85.8,87.7,,1.9000000000000057
Has a usual place of care among adults,Healthcare access and quality,150,Geographic Characteristic,2,Social vulnerability,15,15,Medium social vulnerability,50,50,"Percent of population, crude",1,2020,87.9,86.8,88.9,1.1000000000000085,2.1000000000000085
Has a usual place of care among adults,Healthcare access and quality,150,Geographic Characteristic,2,Social vulnerability,15,15,Medium social vulnerability,50,50,"Percent of population, crude",1,2021,86.8,85.8,87.8,-1.1000000000000085,2.0
Has a usual place of care among adults,Healthcare access and quality,150,Geographic Characteristic,2,Social vulnerability,15,15,Medium social vulnerability,50,50,"Percent of population, crude",1,2022,87.1,85.8,88.2,0.29999999999999716,2.4000000000000057
Has a usual place of care among adults,Healthcare access and quality,150,Geographic Characteristic,2,Social vulnerability,15,15,Medium social vulnerability,50,50,"Percent of population, crude",1,2023,87.6,86.5,88.6,0.5,2.0999999999999943
Has a usual place of care among adults,Healthcare access and quality,150,Geographic Characteristic,2,Social vulnerability,15,15,Medium social vulnerability,50,50,"Percent of population, crude",1,2024,88.7,87.7,89.6,1.1000000000000085,1.8999999999999915
Has a usual place of care among adults,Healthcare access and quality,150,Total,0,Total,1,1,18 years and older,1,1,"Percent of population, crude",1,2019,87.8,87.2,88.3,,1.0999999999999943
Has a usual place of care among adults,Healthcare access and quality,150,Total,0,Total,1,1,18 years and older,1,1,"Percent of population, crude",1,2020,88.6,88.0,89.2,0.7999999999999972,1.2000000000000028
Has a usual place of care among adults,Healthcare access and quality,150,Total,0,Total,1,1,18 years and older,1,1,"Percent of population, crude",1,2021,88.1,87.6,88.6,-0.5,1.0
Has a usual place of care among adults,Healthcare access and quality,150,Total,0,Total,1,1,18 years and older,1,1,"Percent of population, crude",1,2022,87.6,87.0,88.2,-0.5,1.2000000000000028
Has a usual place of care among adults,Healthcare access and quality,150,Total,0,Total,1,1,18 years and older,1,1,"Percent of population, crude",1,2023,87.6,87.0,88.1,0.0,1.0999999999999943
Has a usual place of care among adults,Healthcare access and quality,150,Total,0,Total,1,1,18 years and older,1,1,"Percent of population, crude",1,2024,88.6,88.1,89.0,1.0,0.9000000000000057
Has a usual place of care among adults,Healthcare access and quality,150,Geographic Characteristic,2,Urbanicity,16,16,Large central metro,52,52,"Percent of population, crude",1,2019,86.0,85.0,87.0,,2.0
Has a usual place of care among adults,Healthcare access and quality,150,Geographic Characteristic,2,Urbanicity,16,16,Large central metro,52,52,"Percent of population, crude",1,2020,86.9,85.9,88.0,0.9000000000000057,2.0999999999999943
Has a usual place of care among adults,Healthcare access and quality,150,Geographic Characteristic,2,Urbanicity,16,16,Large central metro,52,52,"Percent of population, crude",1,2021,86.1,85.2,87.1,-0.8000000000000114,1.8999999999999915
Has a usual place of care among adults,Healthcare access and quality,150,Geographic Characteristic,2,Urbanicity,16,16,Large central metro,52,52,"Percent of population, crude",1,2022,85.2,84.1,86.3,-0.8999999999999915,2.200000000000003
Has a usual place of care among adults,Healthcare access and quality,150,Geographic Characteristic,2,Urbanicity,16,16,Large central metro,52,52,"Percent of population, crude",1,2023,86.1,85.2,87.0,0.8999999999999915,1.7999999999999972
Has a usual place of care among adults,Healthcare access and quality,150,Geographic Characteristic,2,Urbanicity,16,16,Large central metro,52,52,"Percent of population, crude",1,2024,86.6,85.6,87.5,0.5,1.9000000000000057
Has a usual place of care among adults,Healthcare access and quality,150,Geographic Characteristic,2,Urbanicity,16,16,Large fringe metro,53,53,"Percent of population, crude",1,2019,88.6,87.6,89.6,,2.0
Has a usual place of care among adults,Healthcare access and quality,150,Geographic Characteristic,2,Urbanicity,16,16,Large fringe metro,53,53,"Percent of population, crude",1,2020,89.9,88.8,90.9,1.3000000000000114,2.1000000000000085
Has a usual place of care among adults,Healthcare access and quality,150,Geographic Characteristic,2,Urbanicity,16,16,Large fringe metro,53,53,"Percent of population, crude",1,2021,89.7,88.7,90.6,-0.20000000000000284,1.8999999999999915
Has a usual place of care among adults,Healthcare access and quality,150,Geographic Characteristic,2,Urbanicity,16,16,Large fringe metro,53,53,"Percent of population, crude",1,2022,88.2,87.2,89.2,-1.5,2.0
Has a usual place of care among adults,Healthcare access and quality,150,Geographic Characteristic,2,Urbanicity,16,16,Large fringe metro,53,53,"Percent of population, crude",1,2023,89.8,88.8,90.7,1.5999999999999943,1.9000000000000057
Has a usual place of care among adults,Healthcare access and quality,150,Geographic Characteristic,2,Urbanicity,16,16,Large fringe metro,53,53,"Percent of population, crude",1,2024,89.8,88.8,90.7,0.0,1.9000000000000057
Has a usual place of care among adults,Healthcare access and quality,150,Geographic Characteristic,2,Urbanicity,16,16,Medium and small metro,54,54,"Percent of population, crude",1,2019,88.3,87.3,89.2,,1.9000000000000057
Has a usual place of care among adults,Healthcare access and quality,150,Geographic Characteristic,2,Urbanicity,16,16,Medium and small metro,54,54,"Percent of population, crude",1,2020,88.8,87.7,89.9,0.5,2.200000000000003
Has a usual place of care among adults,Healthcare access and quality,150,Geographic Characteristic,2,Urbanicity,16,16,Medium and small metro,54,54,"Percent of population, crude",1,2021,87.9,86.8,88.9,-0.8999999999999915,2.1000000000000085
Has a usual place of care among adults,Healthcare access and quality,150,Geographic Characteristic,2,Urbanicity,16,16,Medium and small metro,54,54,"Percent of population, crude",1,2022,88.1,86.9,89.4,0.19999999999998863,2.5
Has a usual place of care among adults,Healthcare access and quality,150,Geographic Characteristic,2,Urbanicity,16,16,Medium and small metro,54,54,"Percent of population, crude",1,2023,86.0,84.8,87.2,-2.0999999999999943,2.4000000000000057
Has a usual place of care among adults,Healthcare access and quality,150,Geographic Characteristic,2,Urbanicity,16,16,Medium and small metro,54,54,"Percent of population, crude",1,2024,88.4,87.4,89.4,2.4000000000000057,2.0
Has a usual place of care among adults,Healthcare access and quality,150,Geographic Characteristic,2,Urbanicity,16,16,Nonmetropolitan,55,55,"Percent of population, crude",1,2019,88.9,87.6,90.1,,2.5
Has a usual place of care among adults,Healthcare access and quality,150,Geographic Characteristic,2,Urbanicity,16,16,Nonmetropolitan,55,55,"Percent of population, crude",1,2020,89.6,88.1,91.0,0.6999999999999886,2.9000000000000057
Has a usual place of care among adults,Healthcare access and quality,150,Geographic Characteristic,2,Urbanicity,16,16,Nonmetropolitan,55,55,"Percent of population, crude",1,2021,90.6,89.2,91.8,1.0,2.5999999999999943
Has a usual place of care among adults,Healthcare access and quality,150,Geographic Characteristic,2,Urbanicity,16,16,Nonmetropolitan,55,55,"Percent of population, crude",1,2022,90.7,89.4,92.0,0.10000000000000853,2.5999999999999943
Has a usual place of care among adults,Healthcare access and quality,150,Geographic Characteristic,2,Urbanicity,16,16,Nonmetropolitan,55,55,"Percent of population, crude",1,2023,90.4,88.9,91.7,-0.29999999999999716,2.799999999999997
Has a usual place of care among adults,Healthcare access and quality,150,Geographic Characteristic,2,Urbanicity,16,16,Nonmetropolitan,55,55,"Percent of population, crude",1,2024,91.2,90.0,92.2,0.7999999999999972,2.200000000000003
Has a usual place of care among adults,Healthcare access and quality,150,Demographic Characteristic,1,Veteran status,12,12,Non-veteran,40,40,"Percent of population, crude",1,2019,87.5,86.9,88.0,,1.0999999999999943
Has a usual place of care among adults,Healthcare access and quality,150,Demographic Characteristic,1,Veteran status,12,12,Non-veteran,40,40,"Percent of population, crude",1,2020,88.3,87.7,88.9,0.7999999999999972,1.2000000000000028
Has a usual place of care among adults,Healthcare access and quality,150,Demographic Characteristic,1,Veteran status,12,12,Non-veteran,40,40,"Percent of population, crude",1,2021,87.7,87.2,88.3,-0.5999999999999943,1.0999999999999943
Has a usual place of care among adults,Healthcare access and quality,150,Demographic Characteristic,1,Veteran status,12,12,Non-veteran,40,40,"Percent of population, crude",1,2022,87.5,86.8,88.1,-0.20000000000000284,1.2999999999999972
Has a usual place of care among adults,Healthcare access and quality,150,Demographic Characteristic,1,Veteran status,12,12,Non-veteran,40,40,"Percent of population, crude",1,2023,87.4,86.8,88.0,-0.09999999999999432,1.2000000000000028
Has a usual place of care among adults,Healthcare access and quality,150,Demographic Characteristic,1,Veteran status,12,12,Non-veteran,40,40,"Percent of population, crude",1,2024,88.3,87.8,88.8,0.8999999999999915,1.0
Has a usual place of care among adults,Healthcare access and quality,150,Demographic Characteristic,1,Veteran status,12,12,Veteran,39,39,"Percent of population, crude",1,2019,92.4,91.0,93.7,,2.700000000000003
Has a usual place of care among adults,Healthcare access and quality,150,Demographic Characteristic,1,Veteran status,12,12,Veteran,39,39,"Percent of population, crude",1,2020,92.9,91.3,94.3,0.5,3.0
Has a usual place of care among adults,Healthcare access and quality,150,Demographic Characteristic,1,Veteran status,12,12,Veteran,39,39,"Percent of population, crude",1,2021,92.7,91.3,94.0,-0.20000000000000284,2.700000000000003
Has a usual place of care among adults,Healthcare access and quality,150,Demographic Characteristic,1,Veteran status,12,12,Veteran,39,39,"Percent of population, crude",1,2022,92.0,90.4,93.3,-0.7000000000000028,2.8999999999999915
Has a usual place of care among adults,Healthcare access and quality,150,Demographic Characteristic,1,Veteran status,12,12,Veteran,39,39,"Percent of population, crude",1,2023,92.5,91.2,93.7,0.5,2.5
Has a usual place of care among adults,Healthcare access and quality,150,Demographic Characteristic,1,Veteran status,12,12,Veteran,39,39,"Percent of population, crude",1,2024,93.0,91.7,94.2,0.5,2.5
Uninsured at time of interview among adults,Health insurance,120,Demographic Characteristic,1,Age groups with 65 years and older,2,2,18-34 years,2,2,"Percent of population, crude",1,2019,17.5,16.3,18.6,,2.3000000000000007
Uninsured at time of interview among adults,Health insurance,120,Demographic Characteristic,1,Age groups with 65 years and older,2,2,18-34 years,2,2,"Percent of population, crude",1,2020,16.6,15.2,18.0,-0.8999999999999986,2.8000000000000007
Uninsured at time of interview among adults,Health insurance,120,Demographic Characteristic,1,Age groups with 65 years and older,2,2,18-34 years,2,2,"Percent of population, crude",1,2021,14.7,13.6,15.9,-1.9000000000000021,2.3000000000000007
Uninsured at time of interview among adults,Health insurance,120,Demographic Characteristic,1,Age groups with 65 years and older,2,2,18-34 years,2,2,"Percent of population, crude",1,2022,14.8,13.7,16.0,0.10000000000000142,2.3000000000000007
Uninsured at time of interview among adults,Health insurance,120,Demographic Characteristic,1,Age groups with 65 years and older,2,2,18-34 years,2,2,"Percent of population, crude",1,2023,12.5,11.5,13.5,-2.3000000000000007,2.0
Uninsured at time of interview among adults,Health insurance,120,Demographic Characteristic,1,Age groups with 65 years and older,2,2,18-34 years,2,2,"Percent of population, crude",1,2024,14.6,13.5,15.6,2.0999999999999996,2.0999999999999996
Uninsured at time of interview among adults,Health insurance,120,Demographic Characteristic,1,Age groups with 65 years and older,2,2,35-49 years,3,3,"Percent of population, crude",1,2019,15.1,14.0,16.3,,2.3000000000000007
Uninsured at time of interview among adults,Health insurance,120,Demographic Characteristic,1,Age groups with 65 years and older,2,2,35-49 years,3,3,"Percent of population, crude",1,2020,15.3,14.1,16.6,0.20000000000000107,2.5000000000000018
Uninsured at time of interview among adults,Health insurance,120,Demographic Characteristic,1,Age groups with 65 years and older,2,2,35-49 years,3,3,"Percent of population, crude",1,2021,14.1,13.1,15.2,-1.200000000000001,2.0999999999999996
Uninsured at time of interview among adults,Health insurance,120,Demographic Characteristic,1,Age groups with 65 years and older,2,2,35-49 years,3,3,"Percent of population, crude",1,2022,14.0,12.8,15.1,-0.09999999999999964,2.299999999999999
Uninsured at time of interview among adults,Health insurance,120,Demographic Characteristic,1,Age groups with 65 years and older,2,2,35-49 years,3,3,"Percent of population, crude",1,2023,11.9,10.9,13.0,-2.0999999999999996,2.0999999999999996
Uninsured at time of interview among adults,Health insurance,120,Demographic Characteristic,1,Age groups with 65 years and older,2,2,35-49 years,3,3,"Percent of population, crude",1,2024,12.2,11.2,13.3,0.29999999999999893,2.1000000000000014
Uninsured at time of interview among adults,Health insurance,120,Demographic Characteristic,1,Age groups with 65 years and older,2,2,50-64 years,4,4,"Percent of population, crude",1,2019,10.5,9.6,11.4,,1.8000000000000007
Uninsured at time of interview among adults,Health insurance,120,Demographic Characteristic,1,Age groups with 65 years and older,2,2,50-64 years,4,4,"Percent of population, crude",1,2020,9.5,8.6,10.5,-1.0,1.9000000000000004
Uninsured at time of interview among adults,Health insurance,120,Demographic Characteristic,1,Age groups with 65 years and older,2,2,50-64 years,4,4,"Percent of population, crude",1,2021,8.8,8.1,9.6,-0.6999999999999993,1.5
Uninsured at time of interview among adults,Health insurance,120,Demographic Characteristic,1,Age groups with 65 years and older,2,2,50-64 years,4,4,"Percent of population, crude",1,2022,8.1,7.3,8.9,-0.7000000000000011,1.6000000000000005
Uninsured at time of interview among adults,Health insurance,120,Demographic Characteristic,1,Age groups with 65 years and older,2,2,50-64 years,4,4,"Percent of population, crude",1,2023,7.6,6.8,8.3,-0.5,1.5000000000000009
Uninsured at time of interview among adults,Health insurance,120,Demographic Characteristic,1,Age groups with 65 years and older,2,2,50-64 years,4,4,"Percent of population, crude",1,2024,7.5,6.8,8.4,-0.09999999999999964,1.6000000000000005
Uninsured at time of interview among adults,Health insurance,120,Demographic Characteristic,1,Age groups with 75 years and older,3,3,18-44 years,6,6,"Percent of population, crude",1,2019,17.0,16.1,17.9,,1.7999999999999972
Uninsured at time of interview among adults,Health insurance,120,Demographic Characteristic,1,Age groups with 75 years and older,3,3,18-44 years,6,6,"Percent of population, crude",1,2020,16.3,15.3,17.5,-0.6999999999999993,2.1999999999999993
Uninsured at time of interview among adults,Health insurance,120,Demographic Characteristic,1,Age groups with 75 years and older,3,3,18-44 years,6,6,"Percent of population, crude",1,2021,14.4,13.6,15.3,-1.9000000000000004,1.700000000000001
Uninsured at time of interview among adults,Health insurance,120,Demographic Characteristic,1,Age groups with 75 years and older,3,3,18-44 years,6,6,"Percent of population, crude",1,2022,14.7,13.8,15.7,0.29999999999999893,1.8999999999999986
Uninsured at time of interview among adults,Health insurance,120,Demographic Characteristic,1,Age groups with 75 years and older,3,3,18-44 years,6,6,"Percent of population, crude",1,2023,12.5,11.7,13.3,-2.1999999999999993,1.6000000000000014
Uninsured at time of interview among adults,Health insurance,120,Demographic Characteristic,1,Age groups with 75 years and older,3,3,18-44 years,6,6,"Percent of population, crude",1,2024,13.8,13.0,14.7,1.3000000000000007,1.6999999999999993
Uninsured at time of interview among adults,Health insurance,120,Demographic Characteristic,1,Age groups with 75 years and older,3,3,45-64 years,7,7,"Percent of population, crude",1,2019,11.1,10.3,11.9,,1.5999999999999996
Uninsured at time of interview among adults,Health insurance,120,Demographic Characteristic,1,Age groups with 75 years and older,3,3,45-64 years,7,7,"Percent of population, crude",1,2020,10.6,9.8,11.5,-0.5,1.6999999999999993
Uninsured at time of interview among adults,Health insurance,120,Demographic Characteristic,1,Age groups with 75 years and older,3,3,45-64 years,7,7,"Percent of population, crude",1,2021,10.2,9.4,11.0,-0.40000000000000036,1.5999999999999996
Uninsured at time of interview among adults,Health insurance,120,Demographic Characteristic,1,Age groups with 75 years and older,3,3,45-64 years,7,7,"Percent of population, crude",1,2022,9.1,8.4,10.0,-1.0999999999999996,1.5999999999999996
Uninsured at time of interview among adults,Health insurance,120,Demographic Characteristic,1,Age groups with 75 years and older,3,3,45-64 years,7,7,"Percent of population, crude",1,2023,8.3,7.7,9.1,-0.7999999999999989,1.3999999999999995
Uninsured at time of interview among adults,Health insurance,120,Demographic Characteristic,1,Age groups with 75 years and older,3,3,45-64 years,7,7,"Percent of population, crude",1,2024,8.5,7.7,9.2,0.1999999999999993,1.4999999999999991
Uninsured at time of interview among adults,Health insurance,120,Demographic Characteristic,1,Disability status,4,4,With disability,10,10,"Percent of population, crude",1,2019,11.5,9.5,13.7,,4.199999999999999
Uninsured at time of interview among adults,Health insurance,120,Demographic Characteristic,1,Disability status,4,4,With disability,10,10,"Percent of population, crude",1,2020,9.5,7.2,12.2,-2.0,4.999999999999999
Uninsured at time of interview among adults,Health insurance,120,Demographic Characteristic,1,Disability status,4,4,With disability,10,10,"Percent of population, crude",1,2021,9.7,7.8,12.0,0.1999999999999993,4.2
Uninsured at time of interview among adults,Health insurance,120,Demographic Characteristic,1,Disability status,4,4,With disability,10,10,"Percent of population, crude",1,2022,9.0,7.2,11.2,-0.6999999999999993,3.999999999999999
Uninsured at time of interview among adults,Health insurance,120,Demographic Characteristic,1,Disability status,4,4,With disability,10,10,"Percent of population, crude",1,2023,8.0,6.4,9.9,-1.0,3.5
Uninsured at time of interview among adults,Health insurance,120,Demographic Characteristic,1,Disability status,4,4,With disability,10,10,"Percent of population, crude",1,2024,9.4,7.6,11.5,1.4000000000000004,3.9000000000000004
Uninsured at time of interview among adults,Health insurance,120,Demographic Characteristic,1,Disability status,4,4,Without disability,11,11,"Percent of population, crude",1,2019,14.7,14.1,15.4,,1.3000000000000007
Uninsured at time of interview among adults,Health insurance,120,Demographic Characteristic,1,Disability status,4,4,Without disability,11,11,"Percent of population, crude",1,2020,14.2,13.4,15.0,-0.5,1.5999999999999996
Uninsured at time of interview among adults,Health insurance,120,Demographic Characteristic,1,Disability status,4,4,Without disability,11,11,"Percent of population, crude",1,2021,12.8,12.2,13.5,-1.3999999999999986,1.3000000000000007
Uninsured at time of interview among adults,Health insurance,120,Demographic Characteristic,1,Disability status,4,4,Without disability,11,11,"Percent of population, crude",1,2022,12.7,12.0,13.4,-0.10000000000000142,1.4000000000000004
Uninsured at time of interview among adults,Health insurance,120,Demographic Characteristic,1,Disability status,4,4,Without disability,11,11,"Percent of population, crude",1,2023,11.0,10.4,11.6,-1.6999999999999993,1.1999999999999993
Uninsured at time of interview among adults,Health insurance,120,Demographic Characteristic,1,Disability status,4,4,Without disability,11,11,"Percent of population, crude",1,2024,11.8,11.2,12.4,0.8000000000000007,1.200000000000001
Uninsured at time of interview among adults,Health insurance,120,Socioeconomic Characteristic,3,Education,17,17,College degree or higher,59,59,"Percent of population, crude",1,2019,5.3,4.7,5.9,,1.2000000000000002
Uninsured at time of interview among adults,Health insurance,120,Socioeconomic Characteristic,3,Education,17,17,College degree or higher,59,59,"Percent of population, crude",1,2020,5.3,4.7,5.9,0.0,1.2000000000000002
Uninsured at time of interview among adults,Health insurance,120,Socioeconomic Characteristic,3,Education,17,17,College degree or higher,59,59,"Percent of population, crude",1,2021,4.7,4.2,5.3,-0.5999999999999996,1.0999999999999996
Uninsured at time of interview among adults,Health insurance,120,Socioeconomic Characteristic,3,Education,17,17,College degree or higher,59,59,"Percent of population, crude",1,2022,4.4,3.9,5.1,-0.2999999999999998,1.1999999999999997
Uninsured at time of interview among adults,Health insurance,120,Socioeconomic Characteristic,3,Education,17,17,College degree or higher,59,59,"Percent of population, crude",1,2023,4.2,3.7,4.7,-0.20000000000000018,1.0
Uninsured at time of interview among adults,Health insurance,120,Socioeconomic Characteristic,3,Education,17,17,College degree or higher,59,59,"Percent of population, crude",1,2024,4.3,3.8,4.9,0.09999999999999964,1.1000000000000005
Uninsured at time of interview among adults,Health insurance,120,Socioeconomic Characteristic,3,Education,17,17,High school diploma or GED,57,57,"Percent of population, crude",1,2019,18.8,17.4,20.2,,2.8000000000000007
Uninsured at time of interview among adults,Health insurance,120,Socioeconomic Characteristic,3,Education,17,17,High school diploma or GED,57,57,"Percent of population, crude",1,2020,18.2,16.6,19.8,-0.6000000000000014,3.1999999999999993
Uninsured at time of interview among adults,Health insurance,120,Socioeconomic Characteristic,3,Education,17,17,High school diploma or GED,57,57,"Percent of population, crude",1,2021,18.0,16.6,19.5,-0.1999999999999993,2.8999999999999986
Uninsured at time of interview among adults,Health insurance,120,Socioeconomic Characteristic,3,Education,17,17,High school diploma or GED,57,57,"Percent of population, crude",1,2022,18.2,16.8,19.6,0.1999999999999993,2.8000000000000007
Uninsured at time of interview among adults,Health insurance,120,Socioeconomic Characteristic,3,Education,17,17,High school diploma or GED,57,57,"Percent of population, crude",1,2023,14.7,13.5,16.0,-3.5,2.5
Uninsured at time of interview among adults,Health insurance,120,Socioeconomic Characteristic,3,Education,17,17,High school diploma or GED,57,57,"Percent of population, crude",1,2024,15.2,13.9,16.7,0.5,2.799999999999999
Uninsured at time of interview among adults,Health insurance,120,Socioeconomic Characteristic,3,Education,17,17,No high school diploma or GED,56,56,"Percent of population, crude",1,2019,35.3,32.3,38.5,,6.200000000000003
Uninsured at time of interview among adults,Health insurance,120,Socioeconomic Characteristic,3,Education,17,17,No high school diploma or GED,56,56,"Percent of population, crude",1,2020,31.6,28.2,35.1,-3.6999999999999957,6.900000000000002
Uninsured at time of interview among adults,Health insurance,120,Socioeconomic Characteristic,3,Education,17,17,No high school diploma or GED,56,56,"Percent of population, crude",1,2021,36.9,33.5,40.4,5.299999999999997,6.899999999999999
Uninsured at time of interview among adults,Health insurance,120,Socioeconomic Characteristic,3,Education,17,17,No high school diploma or GED,56,56,"Percent of population, crude",1,2022,32.7,29.5,36.1,-4.199999999999996,6.600000000000001
Uninsured at time of interview among adults,Health insurance,120,Socioeconomic Characteristic,3,Education,17,17,No high school diploma or GED,56,56,"Percent of population, crude",1,2023,30.1,27.2,33.1,-2.6000000000000014,5.900000000000002
Uninsured at time of interview among adults,Health insurance,120,Socioeconomic Characteristic,3,Education,17,17,No high school diploma or GED,56,56,"Percent of population, crude",1,2024,31.8,28.8,35.0,1.6999999999999993,6.199999999999999
Uninsured at time of interview among adults,Health insurance,120,Socioeconomic Characteristic,3,Education,17,17,Some college,58,58,"Percent of population, crude",1,2019,12.4,11.3,13.5,,2.1999999999999993
Uninsured at time of interview among adults,Health insurance,120,Socioeconomic Characteristic,3,Education,17,17,Some college,58,58,"Percent of population, crude",1,2020,12.5,11.4,13.7,0.09999999999999964,2.299999999999999
Uninsured at time of interview among adults,Health insurance,120,Socioeconomic Characteristic,3,Education,17,17,Some college,58,58,"Percent of population, crude",1,2021,11.1,10.1,12.2,-1.4000000000000004,2.0999999999999996
Uninsured at time of interview among adults,Health insurance,120,Socioeconomic Characteristic,3,Education,17,17,Some college,58,58,"Percent of population, crude",1,2022,10.5,9.5,11.6,-0.5999999999999996,2.0999999999999996
Uninsured at time of interview among adults,Health insurance,120,Socioeconomic Characteristic,3,Education,17,17,Some college,58,58,"Percent of population, crude",1,2023,9.2,8.2,10.1,-1.3000000000000007,1.9000000000000004
Uninsured at time of interview among adults,Health insurance,120,Socioeconomic Characteristic,3,Education,17,17,Some college,58,58,"Percent of population, crude",1,2024,9.5,8.6,10.5,0.3000000000000007,1.9000000000000004
Uninsured at time of interview among adults,Health insurance,120,Socioeconomic Characteristic,3,Employment status,18,18,Employed,60,60,"Percent of population, crude",1,2019,13.9,13.2,14.6,,1.4000000000000004
Uninsured at time of interview among adults,Health insurance,120,Socioeconomic Characteristic,3,Employment status,18,18,Employed,60,60,"Percent of population, crude",1,2020,12.6,11.8,13.4,-1.3000000000000007,1.5999999999999996
Uninsured at time of interview among adults,Health insurance,120,Socioeconomic Characteristic,3,Employment status,18,18,Employed,60,60,"Percent of population, crude",1,2021,11.6,10.8,12.3,-1.0,1.5
Uninsured at time of interview among adults,Health insurance,120,Socioeconomic Characteristic,3,Employment status,18,18,Employed,60,60,"Percent of population, crude",1,2022,11.5,10.8,12.3,-0.09999999999999964,1.5
Uninsured at time of interview among adults,Health insurance,120,Socioeconomic Characteristic,3,Employment status,18,18,Employed,60,60,"Percent of population, crude",1,2023,9.8,9.2,10.4,-1.6999999999999993,1.200000000000001
Uninsured at time of interview among adults,Health insurance,120,Socioeconomic Characteristic,3,Employment status,18,18,Employed,60,60,"Percent of population, crude",1,2024,11.1,10.4,11.8,1.299999999999999,1.4000000000000004
Uninsured at time of interview among adults,Health insurance,120,Socioeconomic Characteristic,3,Employment status,18,18,Employed - Full-time,61,61,"Percent of population, crude",1,2019,13.1,12.3,13.9,,1.5999999999999996
Uninsured at time of interview among adults,Health insurance,120,Socioeconomic Characteristic,3,Employment status,18,18,Employed - Full-time,61,61,"Percent of population, crude",1,2020,11.6,10.8,12.5,-1.5,1.6999999999999993
Uninsured at time of interview among adults,Health insurance,120,Socioeconomic Characteristic,3,Employment status,18,18,Employed - Full-time,61,61,"Percent of population, crude",1,2021,10.9,10.2,11.7,-0.6999999999999993,1.5
Uninsured at time of interview among adults,Health insurance,120,Socioeconomic Characteristic,3,Employment status,18,18,Employed - Full-time,61,61,"Percent of population, crude",1,2022,10.8,10.1,11.6,-0.09999999999999964,1.5
Uninsured at time of interview among adults,Health insurance,120,Socioeconomic Characteristic,3,Employment status,18,18,Employed - Full-time,61,61,"Percent of population, crude",1,2023,9.3,8.6,9.9,-1.5,1.3000000000000007
Uninsured at time of interview among adults,Health insurance,120,Socioeconomic Characteristic,3,Employment status,18,18,Employed - Full-time,61,61,"Percent of population, crude",1,2024,10.2,9.5,11.0,0.8999999999999986,1.5
Uninsured at time of interview among adults,Health insurance,120,Socioeconomic Characteristic,3,Employment status,18,18,Employed - Part-time,62,62,"Percent of population, crude",1,2019,17.5,15.5,19.7,,4.199999999999999
Uninsured at time of interview among adults,Health insurance,120,Socioeconomic Characteristic,3,Employment status,18,18,Employed - Part-time,62,62,"Percent of population, crude",1,2020,17.1,15.0,19.4,-0.3999999999999986,4.399999999999999
Uninsured at time of interview among adults,Health insurance,120,Socioeconomic Characteristic,3,Employment status,18,18,Employed - Part-time,62,62,"Percent of population, crude",1,2021,14.4,12.6,16.5,-2.700000000000001,3.9000000000000004
Uninsured at time of interview among adults,Health insurance,120,Socioeconomic Characteristic,3,Employment status,18,18,Employed - Part-time,62,62,"Percent of population, crude",1,2022,14.9,13.0,16.9,0.5,3.8999999999999986
Uninsured at time of interview among adults,Health insurance,120,Socioeconomic Characteristic,3,Employment status,18,18,Employed - Part-time,62,62,"Percent of population, crude",1,2023,11.9,10.4,13.6,-3.0,3.1999999999999993
Uninsured at time of interview among adults,Health insurance,120,Socioeconomic Characteristic,3,Employment status,18,18,Employed - Part-time,62,62,"Percent of population, crude",1,2024,14.9,13.2,16.7,3.0,3.5
Uninsured at time of interview among adults,Health insurance,120,Socioeconomic Characteristic,3,Employment status,18,18,Not employed,63,63,"Percent of population, crude",1,2019,15.8,14.5,17.2,,2.6999999999999993
Uninsured at time of interview among adults,Health insurance,120,Socioeconomic Characteristic,3,Employment status,18,18,Not employed,63,63,"Percent of population, crude",1,2020,17.1,15.5,18.8,1.3000000000000007,3.3000000000000007
Uninsured at time of interview among adults,Health insurance,120,Socioeconomic Characteristic,3,Employment status,18,18,Not employed,63,63,"Percent of population, crude",1,2021,15.5,14.1,16.9,-1.6000000000000014,2.799999999999999
Uninsured at time of interview among adults,Health insurance,120,Socioeconomic Characteristic,3,Employment status,18,18,Not employed,63,63,"Percent of population, crude",1,2022,14.4,13.0,15.9,-1.0999999999999996,2.9000000000000004
Uninsured at time of interview among adults,Health insurance,120,Socioeconomic Characteristic,3,Employment status,18,18,Not employed,63,63,"Percent of population, crude",1,2023,13.5,12.3,14.9,-0.9000000000000004,2.5999999999999996
Uninsured at time of interview among adults,Health insurance,120,Socioeconomic Characteristic,3,Employment status,18,18,Not employed,63,63,"Percent of population, crude",1,2024,13.6,12.3,14.9,0.09999999999999964,2.5999999999999996
Uninsured at time of interview among adults,Health insurance,120,Socioeconomic Characteristic,3,Employment status,18,18,Not employed - Has never worked,65,65,"Percent of population, crude",1,2019,17.7,13.6,22.4,,8.799999999999999
Uninsured at time of interview among adults,Health insurance,120,Socioeconomic Characteristic,3,Employment status,18,18,Not employed - Has never worked,65,65,"Percent of population, crude",1,2020,18.9,13.6,25.2,1.1999999999999993,11.6
Uninsured at time of interview among adults,Health insurance,120,Socioeconomic Characteristic,3,Employment status,18,18,Not employed - Has never worked,65,65,"Percent of population, crude",1,2021,13.4,9.6,18.0,-5.499999999999998,8.4
Uninsured at time of interview among adults,Health insurance,120,Socioeconomic Characteristic,3,Employment status,18,18,Not employed - Has never worked,65,65,"Percent of population, crude",1,2022,14.6,10.4,19.8,1.1999999999999993,9.4
Uninsured at time of interview among adults,Health insurance,120,Socioeconomic Characteristic,3,Employment status,18,18,Not employed - Has never worked,65,65,"Percent of population, crude",1,2023,13.7,9.9,18.3,-0.9000000000000004,8.4
Uninsured at time of interview among adults,Health insurance,120,Socioeconomic Characteristic,3,Employment status,18,18,Not employed - Has never worked,65,65,"Percent of population, crude",1,2024,12.9,9.5,16.9,-0.7999999999999989,7.399999999999999
Uninsured at time of interview among adults,Health insurance,120,Socioeconomic Characteristic,3,Employment status,18,18,Not employed - Has worked previously,64,64,"Percent of population, crude",1,2019,15.4,14.0,16.8,,2.8000000000000007
Uninsured at time of interview among adults,Health insurance,120,Socioeconomic Characteristic,3,Employment status,18,18,Not employed - Has worked previously,64,64,"Percent of population, crude",1,2020,16.9,15.3,18.6,1.4999999999999982,3.3000000000000007
Uninsured at time of interview among adults,Health insurance,120,Socioeconomic Characteristic,3,Employment status,18,18,Not employed - Has worked previously,64,64,"Percent of population, crude",1,2021,15.7,14.3,17.2,-1.1999999999999993,2.8999999999999986
Uninsured at time of interview among adults,Health insurance,120,Socioeconomic Characteristic,3,Employment status,18,18,Not employed - Has worked previously,64,64,"Percent of population, crude",1,2022,14.3,12.9,15.9,-1.3999999999999986,3.0
Uninsured at time of interview among adults,Health insurance,120,Socioeconomic Characteristic,3,Employment status,18,18,Not employed - Has worked previously,64,64,"Percent of population, crude",1,2023,13.6,12.3,14.9,-0.7000000000000011,2.5999999999999996
Uninsured at time of interview among adults,Health insurance,120,Socioeconomic Characteristic,3,Employment status,18,18,Not employed - Has worked previously,64,64,"Percent of population, crude",1,2024,13.7,12.4,15.1,0.09999999999999964,2.6999999999999993
Uninsured at time of interview among adults,Health insurance,120,Demographic Characteristic,1,Functioning difficulties status,5,5,With functioning difficulties,12,12,"Percent of population, crude",1,2019,14.7,13.7,15.8,,2.1000000000000014
Uninsured at time of interview among adults,Health insurance,120,Demographic Characteristic,1,Functioning difficulties status,5,5,With functioning difficulties,12,12,"Percent of population, crude",1,2020,14.1,12.9,15.4,-0.5999999999999996,2.5
Uninsured at time of interview among adults,Health insurance,120,Demographic Characteristic,1,Functioning difficulties status,5,5,With functioning difficulties,12,12,"Percent of population, crude",1,2021,12.8,11.7,13.9,-1.299999999999999,2.200000000000001
Uninsured at time of interview among adults,Health insurance,120,Demographic Characteristic,1,Functioning difficulties status,5,5,With functioning difficulties,12,12,"Percent of population, crude",1,2022,12.1,11.1,13.1,-0.7000000000000011,2.0
Uninsured at time of interview among adults,Health insurance,120,Demographic Characteristic,1,Functioning difficulties status,5,5,With functioning difficulties,12,12,"Percent of population, crude",1,2023,9.9,9.1,10.7,-2.1999999999999993,1.5999999999999996
Uninsured at time of interview among adults,Health insurance,120,Demographic Characteristic,1,Functioning difficulties status,5,5,With functioning difficulties,12,12,"Percent of population, crude",1,2024,11.7,10.8,12.7,1.799999999999999,1.8999999999999986
Uninsured at time of interview among adults,Health insurance,120,Demographic Characteristic,1,Functioning difficulties status,5,5,Without functioning difficulties,13,13,"Percent of population, crude",1,2019,14.4,13.6,15.3,,1.700000000000001
Uninsured at time of interview among adults,Health insurance,120,Demographic Characteristic,1,Functioning difficulties status,5,5,Without functioning difficulties,13,13,"Percent of population, crude",1,2020,13.8,12.9,14.8,-0.5999999999999996,1.9000000000000004
Uninsured at time of interview among adults,Health insurance,120,Demographic Characteristic,1,Functioning difficulties status,5,5,Without functioning difficulties,13,13,"Percent of population, crude",1,2021,12.6,11.8,13.3,-1.200000000000001,1.5
Uninsured at time of interview among adults,Health insurance,120,Demographic Characteristic,1,Functioning difficulties status,5,5,Without functioning difficulties,13,13,"Percent of population, crude",1,2022,12.6,11.9,13.5,0.0,1.5999999999999996
Uninsured at time of interview among adults,Health insurance,120,Demographic Characteristic,1,Functioning difficulties status,5,5,Without functioning difficulties,13,13,"Percent of population, crude",1,2023,11.4,10.6,12.1,-1.1999999999999993,1.5
Uninsured at time of interview among adults,Health insurance,120,Demographic Characteristic,1,Functioning difficulties status,5,5,Without functioning difficulties,13,13,"Percent of population, crude",1,2024,11.6,10.9,12.4,0.1999999999999993,1.5
Uninsured at time of interview among adults,Health insurance,120,Socioeconomic Characteristic,3,Health insurance coverage: Younger than 65 years,20,20,Uninsured,75,75,"Percent of population, crude",1,2019,100.0,99.9,100.0,,0.09999999999999432
Uninsured at time of interview among adults,Health insurance,120,Socioeconomic Characteristic,3,Health insurance coverage: Younger than 65 years,20,20,Uninsured,75,75,"Percent of population, crude",1,2020,100.0,99.8,100.0,0.0,0.20000000000000284
Uninsured at time of interview among adults,Health insurance,120,Socioeconomic Characteristic,3,Health insurance coverage: Younger than 65 years,20,20,Uninsured,75,75,"Percent of population, crude",1,2021,100.0,99.8,100.0,0.0,0.20000000000000284
Uninsured at time of interview among adults,Health insurance,120,Socioeconomic Characteristic,3,Health insurance coverage: Younger than 65 years,20,20,Uninsured,75,75,"Percent of population, crude",1,2022,100.0,99.8,100.0,0.0,0.20000000000000284
Uninsured at time of interview among adults,Health insurance,120,Socioeconomic Characteristic,3,Health insurance coverage: Younger than 65 years,20,20,Uninsured,75,75,"Percent of population, crude",1,2023,100.0,99.8,100.0,0.0,0.20000000000000284
Uninsured at time of interview among adults,Health insurance,120,Socioeconomic Characteristic,3,Health insurance coverage: Younger than 65 years,20,20,Uninsured,75,75,"Percent of population, crude",1,2024,100.0,99.8,100.0,0.0,0.20000000000000284
Uninsured at time of interview among adults,Health insurance,120,Demographic Characteristic,1,Marital status,6,6,Divorced or separated,15,15,"Percent of population, crude",1,2019,17.0,15.2,18.9,,3.6999999999999993
Uninsured at time of interview among adults,Health insurance,120,Demographic Characteristic,1,Marital status,6,6,Divorced or separated,15,15,"Percent of population, crude",1,2020,16.1,14.2,18.0,-0.8999999999999986,3.8000000000000007
Uninsured at time of interview among adults,Health insurance,120,Demographic Characteristic,1,Marital status,6,6,Divorced or separated,15,15,"Percent of population, crude",1,2021,13.6,12.1,15.3,-2.5000000000000018,3.200000000000001
Uninsured at time of interview among adults,Health insurance,120,Demographic Characteristic,1,Marital status,6,6,Divorced or separated,15,15,"Percent of population, crude",1,2022,12.5,10.9,14.3,-1.0999999999999996,3.4000000000000004
Uninsured at time of interview among adults,Health insurance,120,Demographic Characteristic,1,Marital status,6,6,Divorced or separated,15,15,"Percent of population, crude",1,2023,13.0,11.3,14.9,0.5,3.5999999999999996
Uninsured at time of interview among adults,Health insurance,120,Demographic Characteristic,1,Marital status,6,6,Divorced or separated,15,15,"Percent of population, crude",1,2024,12.3,10.6,14.3,-0.6999999999999993,3.700000000000001
Uninsured at time of interview among adults,Health insurance,120,Demographic Characteristic,1,Marital status,6,6,Living with a partner,17,17,"Percent of population, crude",1,2019,25.6,23.2,28.2,,5.0
Uninsured at time of interview among adults,Health insurance,120,Demographic Characteristic,1,Marital status,6,6,Living with a partner,17,17,"Percent of population, crude",1,2020,21.5,19.1,24.1,-4.100000000000001,5.0
Uninsured at time of interview among adults,Health insurance,120,Demographic Characteristic,1,Marital status,6,6,Living with a partner,17,17,"Percent of population, crude",1,2021,19.2,17.0,21.5,-2.3000000000000007,4.5
Uninsured at time of interview among adults,Health insurance,120,Demographic Characteristic,1,Marital status,6,6,Living with a partner,17,17,"Percent of population, crude",1,2022,20.9,18.6,23.3,1.6999999999999993,4.699999999999999
Uninsured at time of interview among adults,Health insurance,120,Demographic Characteristic,1,Marital status,6,6,Living with a partner,17,17,"Percent of population, crude",1,2023,17.3,15.2,19.5,-3.599999999999998,4.300000000000001
Uninsured at time of interview among adults,Health insurance,120,Demographic Characteristic,1,Marital status,6,6,Living with a partner,17,17,"Percent of population, crude",1,2024,17.0,15.1,19.1,-0.3000000000000007,4.000000000000002
Uninsured at time of interview among adults,Health insurance,120,Demographic Characteristic,1,Marital status,6,6,Married,14,14,"Percent of population, crude",1,2019,10.7,9.9,11.5,,1.5999999999999996
Uninsured at time of interview among adults,Health insurance,120,Demographic Characteristic,1,Marital status,6,6,Married,14,14,"Percent of population, crude",1,2020,10.5,9.6,11.5,-0.1999999999999993,1.9000000000000004
Uninsured at time of interview among adults,Health insurance,120,Demographic Characteristic,1,Marital status,6,6,Married,14,14,"Percent of population, crude",1,2021,9.7,8.9,10.6,-0.8000000000000007,1.6999999999999993
Uninsured at time of interview among adults,Health insurance,120,Demographic Characteristic,1,Marital status,6,6,Married,14,14,"Percent of population, crude",1,2022,9.1,8.3,9.9,-0.5999999999999996,1.5999999999999996
Uninsured at time of interview among adults,Health insurance,120,Demographic Characteristic,1,Marital status,6,6,Married,14,14,"Percent of population, crude",1,2023,7.7,7.1,8.4,-1.3999999999999995,1.3000000000000007
Uninsured at time of interview among adults,Health insurance,120,Demographic Characteristic,1,Marital status,6,6,Married,14,14,"Percent of population, crude",1,2024,8.8,8.1,9.6,1.1000000000000005,1.5
Uninsured at time of interview among adults,Health insurance,120,Demographic Characteristic,1,Marital status,6,6,Never married,18,18,"Percent of population, crude",1,2019,15.7,14.5,17.0,,2.5
Uninsured at time of interview among adults,Health insurance,120,Demographic Characteristic,1,Marital status,6,6,Never married,18,18,"Percent of population, crude",1,2020,16.0,14.5,17.5,0.3000000000000007,3.0
Uninsured at time of interview among adults,Health insurance,120,Demographic Characteristic,1,Marital status,6,6,Never married,18,18,"Percent of population, crude",1,2021,14.7,13.5,16.0,-1.3000000000000007,2.5
Uninsured at time of interview among adults,Health insurance,120,Demographic Characteristic,1,Marital status,6,6,Never married,18,18,"Percent of population, crude",1,2022,14.2,12.9,15.6,-0.5,2.6999999999999993
Uninsured at time of interview among adults,Health insurance,120,Demographic Characteristic,1,Marital status,6,6,Never married,18,18,"Percent of population, crude",1,2023,12.5,11.4,13.6,-1.6999999999999993,2.1999999999999993
Uninsured at time of interview among adults,Health insurance,120,Demographic Characteristic,1,Marital status,6,6,Never married,18,18,"Percent of population, crude",1,2024,14.7,13.5,15.9,2.1999999999999993,2.4000000000000004
Uninsured at time of interview among adults,Health insurance,120,Demographic Characteristic,1,Marital status,6,6,Widowed,16,16,"Percent of population, crude",1,2019,15.6,11.4,20.6,,9.200000000000001
Uninsured at time of interview among adults,Health insurance,120,Demographic Characteristic,1,Marital status,6,6,Widowed,16,16,"Percent of population, crude",1,2020,17.1,11.4,24.0,1.5000000000000018,12.6
Uninsured at time of interview among adults,Health insurance,120,Demographic Characteristic,1,Marital status,6,6,Widowed,16,16,"Percent of population, crude",1,2021,13.7,9.5,18.7,-3.400000000000002,9.2
Uninsured at time of interview among adults,Health insurance,120,Demographic Characteristic,1,Marital status,6,6,Widowed,16,16,"Percent of population, crude",1,2022,12.6,9.1,16.8,-1.0999999999999996,7.700000000000001
Uninsured at time of interview among adults,Health insurance,120,Demographic Characteristic,1,Marital status,6,6,Widowed,16,16,"Percent of population, crude",1,2023,11.4,8.0,15.7,-1.1999999999999993,7.699999999999999
Uninsured at time of interview among adults,Health insurance,120,Demographic Characteristic,1,Marital status,6,6,Widowed,16,16,"Percent of population, crude",1,2024,10.1,6.9,14.2,-1.3000000000000007,7.299999999999999
Uninsured at time of interview among adults,Health insurance,120,Geographic Characteristic,2,Metropolitan statistical area,13,13,Large MSA,41,41,"Percent of population, crude",1,2019,14.1,13.3,15.0,,1.6999999999999993
Uninsured at time of interview among adults,Health insurance,120,Geographic Characteristic,2,Metropolitan statistical area,13,13,Large MSA,41,41,"Percent of population, crude",1,2020,13.1,12.2,14.1,-1.0,1.9000000000000004
Uninsured at time of interview among adults,Health insurance,120,Geographic Characteristic,2,Metropolitan statistical area,13,13,Large MSA,41,41,"Percent of population, crude",1,2021,12.1,11.3,12.9,-1.0,1.5999999999999996
Uninsured at time of interview among adults,Health insurance,120,Geographic Characteristic,2,Metropolitan statistical area,13,13,Large MSA,41,41,"Percent of population, crude",1,2022,12.2,11.4,13.1,0.09999999999999964,1.6999999999999993
Uninsured at time of interview among adults,Health insurance,120,Geographic Characteristic,2,Metropolitan statistical area,13,13,Large MSA,41,41,"Percent of population, crude",1,2023,10.1,9.4,10.8,-2.0999999999999996,1.4000000000000004
Uninsured at time of interview among adults,Health insurance,120,Geographic Characteristic,2,Metropolitan statistical area,13,13,Large MSA,41,41,"Percent of population, crude",1,2024,10.9,10.1,11.7,0.8000000000000007,1.5999999999999996
Uninsured at time of interview among adults,Health insurance,120,Geographic Characteristic,2,Metropolitan statistical area,13,13,Non-MSA,43,43,"Percent of population, crude",1,2019,17.5,15.1,20.2,,5.1
Uninsured at time of interview among adults,Health insurance,120,Geographic Characteristic,2,Metropolitan statistical area,13,13,Non-MSA,43,43,"Percent of population, crude",1,2020,17.9,15.0,21.0,0.3999999999999986,6.0
Uninsured at time of interview among adults,Health insurance,120,Geographic Characteristic,2,Metropolitan statistical area,13,13,Non-MSA,43,43,"Percent of population, crude",1,2021,14.4,12.0,17.1,-3.4999999999999982,5.100000000000001
Uninsured at time of interview among adults,Health insurance,120,Geographic Characteristic,2,Metropolitan statistical area,13,13,Non-MSA,43,43,"Percent of population, crude",1,2022,13.9,11.8,16.2,-0.5,4.399999999999999
Uninsured at time of interview among adults,Health insurance,120,Geographic Characteristic,2,Metropolitan statistical area,13,13,Non-MSA,43,43,"Percent of population, crude",1,2023,10.9,9.1,12.9,-3.0,3.8000000000000007
Uninsured at time of interview among adults,Health insurance,120,Geographic Characteristic,2,Metropolitan statistical area,13,13,Non-MSA,43,43,"Percent of population, crude",1,2024,13.1,11.6,14.7,2.1999999999999993,3.0999999999999996
Uninsured at time of interview among adults,Health insurance,120,Geographic Characteristic,2,Metropolitan statistical area,13,13,Small MSA,42,42,"Percent of population, crude",1,2019,14.0,12.8,15.3,,2.5
Uninsured at time of interview among adults,Health insurance,120,Geographic Characteristic,2,Metropolitan statistical area,13,13,Small MSA,42,42,"Percent of population, crude",1,2020,13.8,12.5,15.2,-0.1999999999999993,2.6999999999999993
Uninsured at time of interview among adults,Health insurance,120,Geographic Characteristic,2,Metropolitan statistical area,13,13,Small MSA,42,42,"Percent of population, crude",1,2021,13.0,11.8,14.3,-0.8000000000000007,2.5
Uninsured at time of interview among adults,Health insurance,120,Geographic Characteristic,2,Metropolitan statistical area,13,13,Small MSA,42,42,"Percent of population, crude",1,2022,12.1,10.9,13.5,-0.9000000000000004,2.5999999999999996
Uninsured at time of interview among adults,Health insurance,120,Geographic Characteristic,2,Metropolitan statistical area,13,13,Small MSA,42,42,"Percent of population, crude",1,2023,12.1,11.0,13.3,0.0,2.3000000000000007
Uninsured at time of interview among adults,Health insurance,120,Geographic Characteristic,2,Metropolitan statistical area,13,13,Small MSA,42,42,"Percent of population, crude",1,2024,12.6,11.4,13.8,0.5,2.4000000000000004
Uninsured at time of interview among adults,Health insurance,120,Demographic Characteristic,1,Nativity,7,7,Foreign-born,20,20,"Percent of population, crude",1,2019,25.8,24.0,27.8,,3.8000000000000007
Uninsured at time of interview among adults,Health insurance,120,Demographic Characteristic,1,Nativity,7,7,Foreign-born,20,20,"Percent of population, crude",1,2020,25.0,22.8,27.3,-0.8000000000000007,4.5
Uninsured at time of interview among adults,Health insurance,120,Demographic Characteristic,1,Nativity,7,7,Foreign-born,20,20,"Percent of population, crude",1,2021,24.8,22.8,26.8,-0.1999999999999993,4.0
Uninsured at time of interview among adults,Health insurance,120,Demographic Characteristic,1,Nativity,7,7,Foreign-born,20,20,"Percent of population, crude",1,2022,24.9,22.9,26.9,0.09999999999999787,4.0
Uninsured at time of interview among adults,Health insurance,120,Demographic Characteristic,1,Nativity,7,7,Foreign-born,20,20,"Percent of population, crude",1,2023,22.4,20.7,24.2,-2.5,3.5
Uninsured at time of interview among adults,Health insurance,120,Demographic Characteristic,1,Nativity,7,7,Foreign-born,20,20,"Percent of population, crude",1,2024,22.3,20.6,24.1,-0.09999999999999787,3.5
Uninsured at time of interview among adults,Health insurance,120,Demographic Characteristic,1,Nativity,7,7,U.S.-born,19,19,"Percent of population, crude",1,2019,11.5,10.8,12.1,,1.299999999999999
Uninsured at time of interview among adults,Health insurance,120,Demographic Characteristic,1,Nativity,7,7,U.S.-born,19,19,"Percent of population, crude",1,2020,11.1,10.5,11.9,-0.40000000000000036,1.4000000000000004
Uninsured at time of interview among adults,Health insurance,120,Demographic Characteristic,1,Nativity,7,7,U.S.-born,19,19,"Percent of population, crude",1,2021,9.6,9.0,10.2,-1.5,1.1999999999999993
Uninsured at time of interview among adults,Health insurance,120,Demographic Characteristic,1,Nativity,7,7,U.S.-born,19,19,"Percent of population, crude",1,2022,9.1,8.5,9.8,-0.5,1.3000000000000007
Uninsured at time of interview among adults,Health insurance,120,Demographic Characteristic,1,Nativity,7,7,U.S.-born,19,19,"Percent of population, crude",1,2023,7.7,7.2,8.2,-1.3999999999999995,0.9999999999999991
Uninsured at time of interview among adults,Health insurance,120,Demographic Characteristic,1,Nativity,7,7,U.S.-born,19,19,"Percent of population, crude",1,2024,8.9,8.3,9.5,1.2000000000000002,1.1999999999999993
Uninsured at time of interview among adults,Health insurance,120,Socioeconomic Characteristic,3,Poverty level,21,21,100% to <200% FPL,77,77,"Percent of population, crude",1,2019,27.1,25.2,29.0,,3.8000000000000007
Uninsured at time of interview among adults,Health insurance,120,Socioeconomic Characteristic,3,Poverty level,21,21,100% to <200% FPL,77,77,"Percent of population, crude",1,2020,25.6,23.2,28.0,-1.5,4.800000000000001
Uninsured at time of interview among adults,Health insurance,120,Socioeconomic Characteristic,3,Poverty level,21,21,100% to <200% FPL,77,77,"Percent of population, crude",1,2021,24.1,22.3,26.0,-1.5,3.6999999999999993
Uninsured at time of interview among adults,Health insurance,120,Socioeconomic Characteristic,3,Poverty level,21,21,100% to <200% FPL,77,77,"Percent of population, crude",1,2022,22.9,20.9,24.9,-1.2000000000000028,4.0
Uninsured at time of interview among adults,Health insurance,120,Socioeconomic Characteristic,3,Poverty level,21,21,100% to <200% FPL,77,77,"Percent of population, crude",1,2023,19.5,17.8,21.4,-3.3999999999999986,3.599999999999998
Uninsured at time of interview among adults,Health insurance,120,Socioeconomic Characteristic,3,Poverty level,21,21,100% to <200% FPL,77,77,"Percent of population, crude",1,2024,22.4,20.5,24.4,2.8999999999999986,3.8999999999999986
Uninsured at time of interview among adults,Health insurance,120,Socioeconomic Characteristic,3,Poverty level,21,21,<100% FPL,76,76,"Percent of population, crude",1,2019,26.7,24.2,29.4,,5.199999999999999
Uninsured at time of interview among adults,Health insurance,120,Socioeconomic Characteristic,3,Poverty level,21,21,<100% FPL,76,76,"Percent of population, crude",1,2020,26.5,23.5,29.7,-0.1999999999999993,6.199999999999999
Uninsured at time of interview among adults,Health insurance,120,Socioeconomic Characteristic,3,Poverty level,21,21,<100% FPL,76,76,"Percent of population, crude",1,2021,24.8,22.2,27.6,-1.6999999999999993,5.400000000000002
Uninsured at time of interview among adults,Health insurance,120,Socioeconomic Characteristic,3,Poverty level,21,21,<100% FPL,76,76,"Percent of population, crude",1,2022,23.4,20.7,26.2,-1.4000000000000021,5.5
Uninsured at time of interview among adults,Health insurance,120,Socioeconomic Characteristic,3,Poverty level,21,21,<100% FPL,76,76,"Percent of population, crude",1,2023,19.9,17.7,22.3,-3.5,4.600000000000001
Uninsured at time of interview among adults,Health insurance,120,Socioeconomic Characteristic,3,Poverty level,21,21,<100% FPL,76,76,"Percent of population, crude",1,2024,21.7,19.6,24.0,1.8000000000000007,4.399999999999999
Uninsured at time of interview among adults,Health insurance,120,Socioeconomic Characteristic,3,Poverty level,21,21,≥200% FPL,78,78,"Percent of population, crude",1,2019,9.3,8.7,9.9,,1.200000000000001
Uninsured at time of interview among adults,Health insurance,120,Socioeconomic Characteristic,3,Poverty level,21,21,≥200% FPL,78,78,"Percent of population, crude",1,2020,9.3,8.6,10.0,0.0,1.4000000000000004
Uninsured at time of interview among adults,Health insurance,120,Socioeconomic Characteristic,3,Poverty level,21,21,≥200% FPL,78,78,"Percent of population, crude",1,2021,8.2,7.7,8.8,-1.1000000000000014,1.1000000000000005
Uninsured at time of interview among adults,Health insurance,120,Socioeconomic Characteristic,3,Poverty level,21,21,≥200% FPL,78,78,"Percent of population, crude",1,2022,8.4,7.8,9.1,0.20000000000000107,1.2999999999999998
Uninsured at time of interview among adults,Health insurance,120,Socioeconomic Characteristic,3,Poverty level,21,21,≥200% FPL,78,78,"Percent of population, crude",1,2023,7.4,6.9,8.0,-1.0,1.0999999999999996
Uninsured at time of interview among adults,Health insurance,120,Socioeconomic Characteristic,3,Poverty level,21,21,≥200% FPL,78,78,"Percent of population, crude",1,2024,7.7,7.2,8.3,0.2999999999999998,1.1000000000000005
Uninsured at time of interview among adults,Health insurance,120,Demographic Characteristic,1,Race,8,8,American Indian and Alaska Native and White,26,26,"Percent of population, crude",1,2019,25.5,16.8,35.8,,18.999999999999996
Uninsured at time of interview among adults,Health insurance,120,Demographic Characteristic,1,Race,8,8,American Indian and Alaska Native and White,26,26,"Percent of population, crude",1,2020,28.1,17.2,41.2,2.6000000000000014,24.000000000000004
Uninsured at time of interview among adults,Health insurance,120,Demographic Characteristic,1,Race,8,8,American Indian and Alaska Native and White,26,26,"Percent of population, crude",1,2021,17.8,10.9,26.7,-10.3,15.799999999999999
Uninsured at time of interview among adults,Health insurance,120,Demographic Characteristic,1,Race,8,8,American Indian and Alaska Native and White,26,26,"Percent of population, crude",1,2022,15.7,8.4,25.7,-2.1000000000000014,17.299999999999997
Uninsured at time of interview among adults,Health insurance,120,Demographic Characteristic,1,Race,8,8,American Indian and Alaska Native and White,26,26,"Percent of population, crude",1,2023,23.7,16.5,32.3,8.0,15.799999999999997
Uninsured at time of interview among adults,Health insurance,120,Demographic Characteristic,1,Race,8,8,American Indian and Alaska Native and White,26,26,"Percent of population, crude",1,2024,8.9,4.4,15.6,-14.799999999999999,11.2
Uninsured at time of interview among adults,Health insurance,120,Demographic Characteristic,1,Race,8,8,American Indian and Alaska Native only,21,21,"Percent of population, crude",1,2019,32.9,24.4,42.3,,17.9
Uninsured at time of interview among adults,Health insurance,120,Demographic Characteristic,1,Race,8,8,American Indian and Alaska Native only,21,21,"Percent of population, crude",1,2020,27.3,21.0,34.3,-5.599999999999998,13.299999999999997
Uninsured at time of interview among adults,Health insurance,120,Demographic Characteristic,1,Race,8,8,American Indian and Alaska Native only,21,21,"Percent of population, crude",1,2021,26.4,19.8,33.9,-0.9000000000000021,14.099999999999998
Uninsured at time of interview among adults,Health insurance,120,Demographic Characteristic,1,Race,8,8,American Indian and Alaska Native only,21,21,"Percent of population, crude",1,2022,24.1,16.4,33.3,-2.299999999999997,16.9
Uninsured at time of interview among adults,Health insurance,120,Demographic Characteristic,1,Race,8,8,American Indian and Alaska Native only,21,21,"Percent of population, crude",1,2023,23.5,17.5,30.5,-0.6000000000000014,13.0
Uninsured at time of interview among adults,Health insurance,120,Demographic Characteristic,1,Race,8,8,American Indian and Alaska Native only,21,21,"Percent of population, crude",1,2024,29.0,21.5,37.5,5.5,16.0
Uninsured at time of interview among adults,Health insurance,120,Demographic Characteristic,1,Race,8,8,Asian only,22,22,"Percent of population, crude",1,2019,7.2,5.4,9.4,,4.0
Uninsured at time of interview among adults,Health insurance,120,Demographic Characteristic,1,Race,8,8,Asian only,22,22,"Percent of population, crude",1,2020,8.8,6.7,11.4,1.6000000000000005,4.7
Uninsured at time of interview among adults,Health insurance,120,Demographic Characteristic,1,Race,8,8,Asian only,22,22,"Percent of population, crude",1,2021,6.0,4.5,7.8,-2.8000000000000007,3.3
Uninsured at time of interview among adults,Health insurance,120,Demographic Characteristic,1,Race,8,8,Asian only,22,22,"Percent of population, crude",1,2022,7.0,5.3,8.9,1.0,3.6000000000000005
Uninsured at time of interview among adults,Health insurance,120,Demographic Characteristic,1,Race,8,8,Asian only,22,22,"Percent of population, crude",1,2023,4.1,3.0,5.4,-2.9000000000000004,2.4000000000000004
Uninsured at time of interview among adults,Health insurance,120,Demographic Characteristic,1,Race,8,8,Asian only,22,22,"Percent of population, crude",1,2024,5.8,4.4,7.5,1.7000000000000002,3.0999999999999996
Uninsured at time of interview among adults,Health insurance,120,Demographic Characteristic,1,Race,8,8,Black and White,27,27,"Percent of population, crude",1,2019,27.9,16.5,41.9,,25.4
Uninsured at time of interview among adults,Health insurance,120,Demographic Characteristic,1,Race,8,8,Black and White,27,27,"Percent of population, crude",1,2020,17.2,8.2,30.1,-10.7,21.900000000000002
Uninsured at time of interview among adults,Health insurance,120,Demographic Characteristic,1,Race,8,8,Black and White,27,27,"Percent of population, crude",1,2021,19.6,11.3,30.5,2.400000000000002,19.2
Uninsured at time of interview among adults,Health insurance,120,Demographic Characteristic,1,Race,8,8,Black and White,27,27,"Percent of population, crude",1,2023,13.9,7.9,22.0,-5.700000000000001,14.1
Uninsured at time of interview among adults,Health insurance,120,Demographic Characteristic,1,Race,8,8,Black and White,27,27,"Percent of population, crude",1,2024,16.8,9.8,26.0,2.9000000000000004,16.2
Uninsured at time of interview among adults,Health insurance,120,Demographic Characteristic,1,Race,8,8,Black only,23,23,"Percent of population, crude",1,2019,14.4,12.7,16.3,,3.6000000000000014
Uninsured at time of interview among adults,Health insurance,120,Demographic Characteristic,1,Race,8,8,Black only,23,23,"Percent of population, crude",1,2020,14.7,12.8,16.7,0.29999999999999893,3.8999999999999986
Uninsured at time of interview among adults,Health insurance,120,Demographic Characteristic,1,Race,8,8,Black only,23,23,"Percent of population, crude",1,2021,13.5,11.9,15.3,-1.1999999999999993,3.4000000000000004
Uninsured at time of interview among adults,Health insurance,120,Demographic Characteristic,1,Race,8,8,Black only,23,23,"Percent of population, crude",1,2022,13.1,11.5,14.9,-0.40000000000000036,3.4000000000000004
Uninsured at time of interview among adults,Health insurance,120,Demographic Characteristic,1,Race,8,8,Black only,23,23,"Percent of population, crude",1,2023,10.3,8.8,11.9,-2.799999999999999,3.0999999999999996
Uninsured at time of interview among adults,Health insurance,120,Demographic Characteristic,1,Race,8,8,Black only,23,23,"Percent of population, crude",1,2024,10.9,9.4,12.6,0.5999999999999996,3.1999999999999993
Uninsured at time of interview among adults,Health insurance,120,Demographic Characteristic,1,Race,8,8,Native Hawaiian or Other Pacific Islander only,24,24,"Percent of population, crude",1,2019,14.8,7.6,24.9,,17.299999999999997
Uninsured at time of interview among adults,Health insurance,120,Demographic Characteristic,1,Race,8,8,Native Hawaiian or Other Pacific Islander only,24,24,"Percent of population, crude",1,2021,22.8,10.9,39.2,8.0,28.300000000000004
Uninsured at time of interview among adults,Health insurance,120,Demographic Characteristic,1,Race,8,8,White only,25,25,"Percent of population, crude",1,2019,13.1,12.4,13.9,,1.5
Uninsured at time of interview among adults,Health insurance,120,Demographic Characteristic,1,Race,8,8,White only,25,25,"Percent of population, crude",1,2020,11.9,11.1,12.8,-1.1999999999999993,1.700000000000001
Uninsured at time of interview among adults,Health insurance,120,Demographic Characteristic,1,Race,8,8,White only,25,25,"Percent of population, crude",1,2021,11.0,10.3,11.8,-0.9000000000000004,1.5
Uninsured at time of interview among adults,Health insurance,120,Demographic Characteristic,1,Race,8,8,White only,25,25,"Percent of population, crude",1,2022,10.3,9.6,11.1,-0.6999999999999993,1.5
Uninsured at time of interview among adults,Health insurance,120,Demographic Characteristic,1,Race,8,8,White only,25,25,"Percent of population, crude",1,2023,9.4,8.8,10.0,-0.9000000000000004,1.1999999999999993
Uninsured at time of interview among adults,Health insurance,120,Demographic Characteristic,1,Race,8,8,White only,25,25,"Percent of population, crude",1,2024,10.3,9.6,11.0,0.9000000000000004,1.4000000000000004
Uninsured at time of interview among adults,Health insurance,120,Demographic Characteristic,1,Race and Hispanic origin,9,9,"All races, Hispanic",28,28,"Percent of population, crude",1,2019,30.2,28.2,32.2,,4.0000000000000036
Uninsured at time of interview among adults,Health insurance,120,Demographic Characteristic,1,Race and Hispanic origin,9,9,"All races, Hispanic",28,28,"Percent of population, crude",1,2020,29.7,27.3,32.2,-0.5,4.900000000000002
Uninsured at time of interview among adults,Health insurance,120,Demographic Characteristic,1,Race and Hispanic origin,9,9,"All races, Hispanic",28,28,"Percent of population, crude",1,2021,28.7,26.6,30.7,-1.0,4.099999999999998
Uninsured at time of interview among adults,Health insurance,120,Demographic Characteristic,1,Race and Hispanic origin,9,9,"All races, Hispanic",28,28,"Percent of population, crude",1,2022,28.1,26.1,30.2,-0.5999999999999979,4.099999999999998
Uninsured at time of interview among adults,Health insurance,120,Demographic Characteristic,1,Race and Hispanic origin,9,9,"All races, Hispanic",28,28,"Percent of population, crude",1,2023,24.7,22.9,26.5,-3.400000000000002,3.6000000000000014
Uninsured at time of interview among adults,Health insurance,120,Demographic Characteristic,1,Race and Hispanic origin,9,9,"All races, Hispanic",28,28,"Percent of population, crude",1,2024,25.3,23.6,27.1,0.6000000000000014,3.5
Uninsured at time of interview among adults,Health insurance,120,Demographic Characteristic,1,Race and Hispanic origin,9,9,"All races, Hispanic, Mexican",29,29,"Percent of population, crude",1,2019,32.7,30.1,35.4,,5.299999999999997
Uninsured at time of interview among adults,Health insurance,120,Demographic Characteristic,1,Race and Hispanic origin,9,9,"All races, Hispanic, Mexican",29,29,"Percent of population, crude",1,2020,33.2,30.0,36.6,0.5,6.600000000000001
Uninsured at time of interview among adults,Health insurance,120,Demographic Characteristic,1,Race and Hispanic origin,9,9,"All races, Hispanic, Mexican",29,29,"Percent of population, crude",1,2021,33.3,30.7,36.0,0.09999999999999432,5.300000000000001
Uninsured at time of interview among adults,Health insurance,120,Demographic Characteristic,1,Race and Hispanic origin,9,9,"All races, Hispanic, Mexican",29,29,"Percent of population, crude",1,2022,31.3,28.7,33.9,-1.9999999999999964,5.199999999999999
Uninsured at time of interview among adults,Health insurance,120,Demographic Characteristic,1,Race and Hispanic origin,9,9,"All races, Hispanic, Mexican",29,29,"Percent of population, crude",1,2023,27.4,25.0,29.9,-3.900000000000002,4.899999999999999
Uninsured at time of interview among adults,Health insurance,120,Demographic Characteristic,1,Race and Hispanic origin,9,9,"All races, Hispanic, Mexican",29,29,"Percent of population, crude",1,2024,27.7,25.4,30.2,0.3000000000000007,4.800000000000001
Uninsured at time of interview among adults,Health insurance,120,Demographic Characteristic,1,Race and Hispanic origin,9,9,"All races, non-Hispanic",30,30,"Percent of population, crude",1,2019,11.0,10.3,11.6,,1.299999999999999
Uninsured at time of interview among adults,Health insurance,120,Demographic Characteristic,1,Race and Hispanic origin,9,9,"All races, non-Hispanic",30,30,"Percent of population, crude",1,2020,10.3,9.6,10.9,-0.6999999999999993,1.3000000000000007
Uninsured at time of interview among adults,Health insurance,120,Demographic Characteristic,1,Race and Hispanic origin,9,9,"All races, non-Hispanic",30,30,"Percent of population, crude",1,2021,8.9,8.3,9.4,-1.4000000000000004,1.0999999999999996
Uninsured at time of interview among adults,Health insurance,120,Demographic Characteristic,1,Race and Hispanic origin,9,9,"All races, non-Hispanic",30,30,"Percent of population, crude",1,2022,8.6,8.1,9.2,-0.3000000000000007,1.0999999999999996
Uninsured at time of interview among adults,Health insurance,120,Demographic Characteristic,1,Race and Hispanic origin,9,9,"All races, non-Hispanic",30,30,"Percent of population, crude",1,2023,7.3,6.9,7.8,-1.2999999999999998,0.8999999999999995
Uninsured at time of interview among adults,Health insurance,120,Demographic Characteristic,1,Race and Hispanic origin,9,9,"All races, non-Hispanic",30,30,"Percent of population, crude",1,2024,8.1,7.6,8.7,0.7999999999999998,1.0999999999999996
Uninsured at time of interview among adults,Health insurance,120,Demographic Characteristic,1,Race and Hispanic origin,9,9,"Black only, non-Hispanic",31,31,"Percent of population, crude",1,2019,14.3,12.5,16.2,,3.6999999999999993
Uninsured at time of interview among adults,Health insurance,120,Demographic Characteristic,1,Race and Hispanic origin,9,9,"Black only, non-Hispanic",31,31,"Percent of population, crude",1,2020,14.5,12.6,16.6,0.1999999999999993,4.000000000000002
Uninsured at time of interview among adults,Health insurance,120,Demographic Characteristic,1,Race and Hispanic origin,9,9,"Black only, non-Hispanic",31,31,"Percent of population, crude",1,2021,13.6,11.9,15.4,-0.9000000000000004,3.5
Uninsured at time of interview among adults,Health insurance,120,Demographic Characteristic,1,Race and Hispanic origin,9,9,"Black only, non-Hispanic",31,31,"Percent of population, crude",1,2022,13.4,11.7,15.2,-0.1999999999999993,3.5
Uninsured at time of interview among adults,Health insurance,120,Demographic Characteristic,1,Race and Hispanic origin,9,9,"Black only, non-Hispanic",31,31,"Percent of population, crude",1,2023,10.2,8.7,11.8,-3.200000000000001,3.1000000000000014
Uninsured at time of interview among adults,Health insurance,120,Demographic Characteristic,1,Race and Hispanic origin,9,9,"Black only, non-Hispanic",31,31,"Percent of population, crude",1,2024,10.5,9.0,12.2,0.3000000000000007,3.1999999999999993
Uninsured at time of interview among adults,Health insurance,120,Demographic Characteristic,1,Race and Hispanic origin,9,9,"Other races, non-Hispanic",33,33,"Percent of population, crude",1,2019,11.3,9.3,13.6,,4.299999999999999
Uninsured at time of interview among adults,Health insurance,120,Demographic Characteristic,1,Race and Hispanic origin,9,9,"Other races, non-Hispanic",33,33,"Percent of population, crude",1,2020,12.1,10.0,14.4,0.7999999999999989,4.4
Uninsured at time of interview among adults,Health insurance,120,Demographic Characteristic,1,Race and Hispanic origin,9,9,"Other races, non-Hispanic",33,33,"Percent of population, crude",1,2021,9.1,7.4,11.0,-3.0,3.5999999999999996
Uninsured at time of interview among adults,Health insurance,120,Demographic Characteristic,1,Race and Hispanic origin,9,9,"Other races, non-Hispanic",33,33,"Percent of population, crude",1,2022,9.1,7.6,10.9,0.0,3.3000000000000007
Uninsured at time of interview among adults,Health insurance,120,Demographic Characteristic,1,Race and Hispanic origin,9,9,"Other races, non-Hispanic",33,33,"Percent of population, crude",1,2023,7.2,5.9,8.7,-1.8999999999999995,2.799999999999999
Uninsured at time of interview among adults,Health insurance,120,Demographic Characteristic,1,Race and Hispanic origin,9,9,"Other races, non-Hispanic",33,33,"Percent of population, crude",1,2024,7.4,6.1,9.0,0.20000000000000018,2.9000000000000004
Uninsured at time of interview among adults,Health insurance,120,Demographic Characteristic,1,Race and Hispanic origin,9,9,"White only, non-Hispanic",32,32,"Percent of population, crude",1,2019,10.2,9.5,10.9,,1.4000000000000004
Uninsured at time of interview among adults,Health insurance,120,Demographic Characteristic,1,Race and Hispanic origin,9,9,"White only, non-Hispanic",32,32,"Percent of population, crude",1,2020,9.1,8.4,9.8,-1.0999999999999996,1.4000000000000004
Uninsured at time of interview among adults,Health insurance,120,Demographic Characteristic,1,Race and Hispanic origin,9,9,"White only, non-Hispanic",32,32,"Percent of population, crude",1,2021,7.8,7.3,8.4,-1.2999999999999998,1.1000000000000005
Uninsured at time of interview among adults,Health insurance,120,Demographic Characteristic,1,Race and Hispanic origin,9,9,"White only, non-Hispanic",32,32,"Percent of population, crude",1,2022,7.5,6.9,8.2,-0.2999999999999998,1.299999999999999
Uninsured at time of interview among adults,Health insurance,120,Demographic Characteristic,1,Race and Hispanic origin,9,9,"White only, non-Hispanic",32,32,"Percent of population, crude",1,2023,6.8,6.2,7.3,-0.7000000000000002,1.0999999999999996
Uninsured at time of interview among adults,Health insurance,120,Demographic Characteristic,1,Race and Hispanic origin,9,9,"White only, non-Hispanic",32,32,"Percent of population, crude",1,2024,7.8,7.1,8.4,1.0,1.3000000000000007
Uninsured at time of interview among adults,Health insurance,120,Geographic Characteristic,2,Region,14,14,Midwest,45,45,"Percent of population, crude",1,2019,11.1,9.9,12.4,,2.5
Uninsured at time of interview among adults,Health insurance,120,Geographic Characteristic,2,Region,14,14,Midwest,45,45,"Percent of population, crude",1,2020,10.7,9.4,12.0,-0.40000000000000036,2.5999999999999996
Uninsured at time of interview among adults,Health insurance,120,Geographic Characteristic,2,Region,14,14,Midwest,45,45,"Percent of population, crude",1,2021,9.0,7.9,10.1,-1.6999999999999993,2.1999999999999993
Uninsured at time of interview among adults,Health insurance,120,Geographic Characteristic,2,Region,14,14,Midwest,45,45,"Percent of population, crude",1,2022,9.1,8.0,10.3,0.09999999999999964,2.3000000000000007
Uninsured at time of interview among adults,Health insurance,120,Geographic Characteristic,2,Region,14,14,Midwest,45,45,"Percent of population, crude",1,2023,8.1,7.0,9.2,-1.0,2.1999999999999993
Uninsured at time of interview among adults,Health insurance,120,Geographic Characteristic,2,Region,14,14,Midwest,45,45,"Percent of population, crude",1,2024,9.4,8.4,10.5,1.3000000000000007,2.0999999999999996
Uninsured at time of interview among adults,Health insurance,120,Geographic Characteristic,2,Region,14,14,Northeast,44,44,"Percent of population, crude",1,2019,8.4,7.1,9.8,,2.700000000000001
Uninsured at time of interview among adults,Health insurance,120,Geographic Characteristic,2,Region,14,14,Northeast,44,44,"Percent of population, crude",1,2020,7.9,6.6,9.5,-0.5,2.9000000000000004
Uninsured at time of interview among adults,Health insurance,120,Geographic Characteristic,2,Region,14,14,Northeast,44,44,"Percent of population, crude",1,2021,7.1,6.0,8.4,-0.8000000000000007,2.4000000000000004
Uninsured at time of interview among adults,Health insurance,120,Geographic Characteristic,2,Region,14,14,Northeast,44,44,"Percent of population, crude",1,2022,6.2,5.1,7.4,-0.8999999999999995,2.3000000000000007
Uninsured at time of interview among adults,Health insurance,120,Geographic Characteristic,2,Region,14,14,Northeast,44,44,"Percent of population, crude",1,2023,6.2,5.3,7.3,0.0,2.0
Uninsured at time of interview among adults,Health insurance,120,Geographic Characteristic,2,Region,14,14,Northeast,44,44,"Percent of population, crude",1,2024,7.6,6.4,9.1,1.3999999999999995,2.6999999999999993
Uninsured at time of interview among adults,Health insurance,120,Geographic Characteristic,2,Region,14,14,South,46,46,"Percent of population, crude",1,2019,20.2,19.0,21.5,,2.5
Uninsured at time of interview among adults,Health insurance,120,Geographic Characteristic,2,Region,14,14,South,46,46,"Percent of population, crude",1,2020,19.7,18.2,21.2,-0.5,3.0
Uninsured at time of interview among adults,Health insurance,120,Geographic Characteristic,2,Region,14,14,South,46,46,"Percent of population, crude",1,2021,17.7,16.5,18.9,-2.0,2.3999999999999986
Uninsured at time of interview among adults,Health insurance,120,Geographic Characteristic,2,Region,14,14,South,46,46,"Percent of population, crude",1,2022,17.7,16.5,19.0,0.0,2.5
Uninsured at time of interview among adults,Health insurance,120,Geographic Characteristic,2,Region,14,14,South,46,46,"Percent of population, crude",1,2023,14.9,13.8,16.0,-2.799999999999999,2.1999999999999993
Uninsured at time of interview among adults,Health insurance,120,Geographic Characteristic,2,Region,14,14,South,46,46,"Percent of population, crude",1,2024,15.7,14.6,16.9,0.7999999999999989,2.299999999999999
Uninsured at time of interview among adults,Health insurance,120,Geographic Characteristic,2,Region,14,14,West,47,47,"Percent of population, crude",1,2019,13.0,11.8,14.2,,2.3999999999999986
Uninsured at time of interview among adults,Health insurance,120,Geographic Characteristic,2,Region,14,14,West,47,47,"Percent of population, crude",1,2020,12.2,10.7,13.8,-0.8000000000000007,3.1000000000000014
Uninsured at time of interview among adults,Health insurance,120,Geographic Characteristic,2,Region,14,14,West,47,47,"Percent of population, crude",1,2021,11.9,10.5,13.4,-0.29999999999999893,2.9000000000000004
Uninsured at time of interview among adults,Health insurance,120,Geographic Characteristic,2,Region,14,14,West,47,47,"Percent of population, crude",1,2022,11.3,9.9,12.8,-0.5999999999999996,2.9000000000000004
Uninsured at time of interview among adults,Health insurance,120,Geographic Characteristic,2,Region,14,14,West,47,47,"Percent of population, crude",1,2023,9.8,8.8,10.9,-1.5,2.0999999999999996
Uninsured at time of interview among adults,Health insurance,120,Geographic Characteristic,2,Region,14,14,West,47,47,"Percent of population, crude",1,2024,9.8,8.7,11.0,0.0,2.3000000000000007
Uninsured at time of interview among adults,Health insurance,120,Demographic Characteristic,1,Sex,10,10,Female,34,34,"Percent of population, crude",1,2019,13.1,12.2,14.0,,1.8000000000000007
Uninsured at time of interview among adults,Health insurance,120,Demographic Characteristic,1,Sex,10,10,Female,34,34,"Percent of population, crude",1,2020,13.2,12.2,14.2,0.09999999999999964,2.0
Uninsured at time of interview among adults,Health insurance,120,Demographic Characteristic,1,Sex,10,10,Female,34,34,"Percent of population, crude",1,2021,10.7,9.9,11.6,-2.5,1.6999999999999993
Uninsured at time of interview among adults,Health insurance,120,Demographic Characteristic,1,Sex,10,10,Female,34,34,"Percent of population, crude",1,2022,10.6,9.8,11.4,-0.09999999999999964,1.5999999999999996
Uninsured at time of interview among adults,Health insurance,120,Demographic Characteristic,1,Sex,10,10,Female,34,34,"Percent of population, crude",1,2023,9.1,8.4,9.8,-1.5,1.4000000000000004
Uninsured at time of interview among adults,Health insurance,120,Demographic Characteristic,1,Sex,10,10,Female,34,34,"Percent of population, crude",1,2024,10.3,9.5,11.0,1.200000000000001,1.5
Uninsured at time of interview among adults,Health insurance,120,Demographic Characteristic,1,Sex,10,10,Male,35,35,"Percent of population, crude",1,2019,16.0,15.1,17.0,,1.9000000000000004
Uninsured at time of interview among adults,Health insurance,120,Demographic Characteristic,1,Sex,10,10,Male,35,35,"Percent of population, crude",1,2020,14.7,13.7,15.7,-1.3000000000000007,2.0
Uninsured at time of interview among adults,Health insurance,120,Demographic Characteristic,1,Sex,10,10,Male,35,35,"Percent of population, crude",1,2021,14.6,13.7,15.5,-0.09999999999999964,1.8000000000000007
Uninsured at time of interview among adults,Health insurance,120,Demographic Characteristic,1,Sex,10,10,Male,35,35,"Percent of population, crude",1,2022,14.3,13.4,15.3,-0.29999999999999893,1.9000000000000004
Uninsured at time of interview among adults,Health insurance,120,Demographic Characteristic,1,Sex,10,10,Male,35,35,"Percent of population, crude",1,2023,12.5,11.7,13.4,-1.8000000000000007,1.700000000000001
Uninsured at time of interview among adults,Health insurance,120,Demographic Characteristic,1,Sex,10,10,Male,35,35,"Percent of population, crude",1,2024,13.1,12.2,14.0,0.5999999999999996,1.8000000000000007
Uninsured at time of interview among adults,Health insurance,120,Demographic Characteristic,1,Sexual orientation,11,11,Bisexual,36,36,"Percent of population, crude",1,2019,17.1,12.8,22.2,,9.399999999999999
Uninsured at time of interview among adults,Health insurance,120,Demographic Characteristic,1,Sexual orientation,11,11,Bisexual,36,36,"Percent of population, crude",1,2020,16.8,12.2,22.3,-0.3000000000000007,10.100000000000001
Uninsured at time of interview among adults,Health insurance,120,Demographic Characteristic,1,Sexual orientation,11,11,Bisexual,36,36,"Percent of population, crude",1,2021,14.2,10.3,18.7,-2.6000000000000014,8.399999999999999
Uninsured at time of interview among adults,Health insurance,120,Demographic Characteristic,1,Sexual orientation,11,11,Bisexual,36,36,"Percent of population, crude",1,2022,11.1,8.0,14.8,-3.0999999999999996,6.800000000000001
Uninsured at time of interview among adults,Health insurance,120,Demographic Characteristic,1,Sexual orientation,11,11,Bisexual,36,36,"Percent of population, crude",1,2023,8.5,5.9,11.8,-2.5999999999999996,5.9
Uninsured at time of interview among adults,Health insurance,120,Demographic Characteristic,1,Sexual orientation,11,11,Bisexual,36,36,"Percent of population, crude",1,2024,12.3,9.6,15.5,3.8000000000000007,5.9
Uninsured at time of interview among adults,Health insurance,120,Demographic Characteristic,1,Sexual orientation,11,11,Gay or Lesbian,37,37,"Percent of population, crude",1,2019,10.7,6.8,15.7,,8.899999999999999
Uninsured at time of interview among adults,Health insurance,120,Demographic Characteristic,1,Sexual orientation,11,11,Gay or Lesbian,37,37,"Percent of population, crude",1,2020,10.2,6.3,15.5,-0.5,9.2
Uninsured at time of interview among adults,Health insurance,120,Demographic Characteristic,1,Sexual orientation,11,11,Gay or Lesbian,37,37,"Percent of population, crude",1,2021,7.8,5.1,11.4,-2.3999999999999995,6.300000000000001
Uninsured at time of interview among adults,Health insurance,120,Demographic Characteristic,1,Sexual orientation,11,11,Gay or Lesbian,37,37,"Percent of population, crude",1,2022,6.2,3.7,9.6,-1.5999999999999996,5.8999999999999995
Uninsured at time of interview among adults,Health insurance,120,Demographic Characteristic,1,Sexual orientation,11,11,Gay or Lesbian,37,37,"Percent of population, crude",1,2023,8.9,6.2,12.3,2.7,6.1000000000000005
Uninsured at time of interview among adults,Health insurance,120,Demographic Characteristic,1,Sexual orientation,11,11,Gay or Lesbian,37,37,"Percent of population, crude",1,2024,6.3,4.0,9.5,-2.6000000000000005,5.5
Uninsured at time of interview among adults,Health insurance,120,Demographic Characteristic,1,Sexual orientation,11,11,Straight,38,38,"Percent of population, crude",1,2019,14.3,13.6,15.0,,1.4000000000000004
Uninsured at time of interview among adults,Health insurance,120,Demographic Characteristic,1,Sexual orientation,11,11,Straight,38,38,"Percent of population, crude",1,2020,13.9,13.1,14.7,-0.40000000000000036,1.5999999999999996
Uninsured at time of interview among adults,Health insurance,120,Demographic Characteristic,1,Sexual orientation,11,11,Straight,38,38,"Percent of population, crude",1,2021,12.5,11.8,13.2,-1.4000000000000004,1.3999999999999986
Uninsured at time of interview among adults,Health insurance,120,Demographic Characteristic,1,Sexual orientation,11,11,Straight,38,38,"Percent of population, crude",1,2022,12.3,11.6,13.0,-0.1999999999999993,1.4000000000000004
Uninsured at time of interview among adults,Health insurance,120,Demographic Characteristic,1,Sexual orientation,11,11,Straight,38,38,"Percent of population, crude",1,2023,10.8,10.2,11.4,-1.5,1.200000000000001
Uninsured at time of interview among adults,Health insurance,120,Demographic Characteristic,1,Sexual orientation,11,11,Straight,38,38,"Percent of population, crude",1,2024,11.8,11.2,12.4,1.0,1.200000000000001
Uninsured at time of interview among adults,Health insurance,120,Geographic Characteristic,2,Social vulnerability,15,15,High social vulnerability,51,51,"Percent of population, crude",1,2019,18.3,16.9,19.9,,3.0
Uninsured at time of interview among adults,Health insurance,120,Geographic Characteristic,2,Social vulnerability,15,15,High social vulnerability,51,51,"Percent of population, crude",1,2020,18.1,16.2,20.1,-0.1999999999999993,3.900000000000002
Uninsured at time of interview among adults,Health insurance,120,Geographic Characteristic,2,Social vulnerability,15,15,High social vulnerability,51,51,"Percent of population, crude",1,2021,17.3,15.8,18.8,-0.8000000000000007,3.0
Uninsured at time of interview among adults,Health insurance,120,Geographic Characteristic,2,Social vulnerability,15,15,High social vulnerability,51,51,"Percent of population, crude",1,2022,17.3,15.9,18.7,0.0,2.799999999999999
Uninsured at time of interview among adults,Health insurance,120,Geographic Characteristic,2,Social vulnerability,15,15,High social vulnerability,51,51,"Percent of population, crude",1,2023,14.4,13.2,15.6,-2.9000000000000004,2.4000000000000004
Uninsured at time of interview among adults,Health insurance,120,Geographic Characteristic,2,Social vulnerability,15,15,High social vulnerability,51,51,"Percent of population, crude",1,2024,14.7,13.7,15.8,0.29999999999999893,2.1000000000000014
Uninsured at time of interview among adults,Health insurance,120,Geographic Characteristic,2,Social vulnerability,15,15,Little to no social vulnerability,48,48,"Percent of population, crude",1,2019,9.7,8.4,11.2,,2.799999999999999
Uninsured at time of interview among adults,Health insurance,120,Geographic Characteristic,2,Social vulnerability,15,15,Little to no social vulnerability,48,48,"Percent of population, crude",1,2020,8.4,7.1,9.8,-1.299999999999999,2.700000000000001
Uninsured at time of interview among adults,Health insurance,120,Geographic Characteristic,2,Social vulnerability,15,15,Little to no social vulnerability,48,48,"Percent of population, crude",1,2021,7.7,6.5,9.0,-0.7000000000000002,2.5
Uninsured at time of interview among adults,Health insurance,120,Geographic Characteristic,2,Social vulnerability,15,15,Little to no social vulnerability,48,48,"Percent of population, crude",1,2022,6.6,5.5,7.9,-1.1000000000000005,2.4000000000000004
Uninsured at time of interview among adults,Health insurance,120,Geographic Characteristic,2,Social vulnerability,15,15,Little to no social vulnerability,48,48,"Percent of population, crude",1,2023,6.9,5.8,8.0,0.3000000000000007,2.2
Uninsured at time of interview among adults,Health insurance,120,Geographic Characteristic,2,Social vulnerability,15,15,Little to no social vulnerability,48,48,"Percent of population, crude",1,2024,7.1,6.0,8.4,0.1999999999999993,2.4000000000000004
Uninsured at time of interview among adults,Health insurance,120,Geographic Characteristic,2,Social vulnerability,15,15,Low social vulnerability,49,49,"Percent of population, crude",1,2019,12.7,11.5,13.9,,2.4000000000000004
Uninsured at time of interview among adults,Health insurance,120,Geographic Characteristic,2,Social vulnerability,15,15,Low social vulnerability,49,49,"Percent of population, crude",1,2020,11.9,10.6,13.4,-0.7999999999999989,2.8000000000000007
Uninsured at time of interview among adults,Health insurance,120,Geographic Characteristic,2,Social vulnerability,15,15,Low social vulnerability,49,49,"Percent of population, crude",1,2021,10.8,9.5,12.3,-1.0999999999999996,2.8000000000000007
Uninsured at time of interview among adults,Health insurance,120,Geographic Characteristic,2,Social vulnerability,15,15,Low social vulnerability,49,49,"Percent of population, crude",1,2022,8.9,7.8,10.0,-1.9000000000000004,2.2
Uninsured at time of interview among adults,Health insurance,120,Geographic Characteristic,2,Social vulnerability,15,15,Low social vulnerability,49,49,"Percent of population, crude",1,2023,7.8,6.9,8.8,-1.1000000000000005,1.9000000000000004
Uninsured at time of interview among adults,Health insurance,120,Geographic Characteristic,2,Social vulnerability,15,15,Low social vulnerability,49,49,"Percent of population, crude",1,2024,8.5,7.5,9.7,0.7000000000000002,2.1999999999999993
Uninsured at time of interview among adults,Health insurance,120,Geographic Characteristic,2,Social vulnerability,15,15,Medium social vulnerability,50,50,"Percent of population, crude",1,2019,16.0,14.6,17.4,,2.799999999999999
Uninsured at time of interview among adults,Health insurance,120,Geographic Characteristic,2,Social vulnerability,15,15,Medium social vulnerability,50,50,"Percent of population, crude",1,2020,15.7,14.3,17.2,-0.3000000000000007,2.8999999999999986
Uninsured at time of interview among adults,Health insurance,120,Geographic Characteristic,2,Social vulnerability,15,15,Medium social vulnerability,50,50,"Percent of population, crude",1,2021,13.7,12.6,14.9,-2.0,2.3000000000000007
Uninsured at time of interview among adults,Health insurance,120,Geographic Characteristic,2,Social vulnerability,15,15,Medium social vulnerability,50,50,"Percent of population, crude",1,2022,12.3,11.1,13.7,-1.3999999999999986,2.5999999999999996
Uninsured at time of interview among adults,Health insurance,120,Geographic Characteristic,2,Social vulnerability,15,15,Medium social vulnerability,50,50,"Percent of population, crude",1,2023,10.7,9.6,11.8,-1.6000000000000014,2.200000000000001
Uninsured at time of interview among adults,Health insurance,120,Geographic Characteristic,2,Social vulnerability,15,15,Medium social vulnerability,50,50,"Percent of population, crude",1,2024,12.5,11.4,13.7,1.8000000000000007,2.299999999999999
Uninsured at time of interview among adults,Health insurance,120,Total,0,Total,1,1,18 years and older,1,1,"Percent of population, crude",1,2019,14.5,13.9,15.2,,1.299999999999999
Uninsured at time of interview among adults,Health insurance,120,Total,0,Total,1,1,18 years and older,1,1,"Percent of population, crude",1,2020,13.9,13.2,14.7,-0.5999999999999996,1.5
Uninsured at time of interview among adults,Health insurance,120,Total,0,Total,1,1,18 years and older,1,1,"Percent of population, crude",1,2021,12.6,12.0,13.3,-1.3000000000000007,1.3000000000000007
Uninsured at time of interview among adults,Health insurance,120,Total,0,Total,1,1,18 years and older,1,1,"Percent of population, crude",1,2022,12.4,11.8,13.1,-0.1999999999999993,1.299999999999999
Uninsured at time of interview among adults,Health insurance,120,Total,0,Total,1,1,18 years and older,1,1,"Percent of population, crude",1,2023,10.8,10.2,11.4,-1.5999999999999996,1.200000000000001
Uninsured at time of interview among adults,Health insurance,120,Total,0,Total,1,1,18 years and older,1,1,"Percent of population, crude",1,2024,11.6,11.1,12.3,0.7999999999999989,1.200000000000001
Uninsured at time of interview among adults,Health insurance,120,Geographic Characteristic,2,Urbanicity,16,16,Large central metro,52,52,"Percent of population, crude",1,2019,15.4,14.2,16.6,,2.400000000000002
Uninsured at time of interview among adults,Health insurance,120,Geographic Characteristic,2,Urbanicity,16,16,Large central metro,52,52,"Percent of population, crude",1,2020,14.0,12.8,15.4,-1.4000000000000004,2.5999999999999996
Uninsured at time of interview among adults,Health insurance,120,Geographic Characteristic,2,Urbanicity,16,16,Large central metro,52,52,"Percent of population, crude",1,2021,13.7,12.6,14.8,-0.3000000000000007,2.200000000000001
Uninsured at time of interview among adults,Health insurance,120,Geographic Characteristic,2,Urbanicity,16,16,Large central metro,52,52,"Percent of population, crude",1,2022,13.9,12.7,15.1,0.20000000000000107,2.4000000000000004
Uninsured at time of interview among adults,Health insurance,120,Geographic Characteristic,2,Urbanicity,16,16,Large central metro,52,52,"Percent of population, crude",1,2023,11.3,10.3,12.3,-2.5999999999999996,2.0
Uninsured at time of interview among adults,Health insurance,120,Geographic Characteristic,2,Urbanicity,16,16,Large central metro,52,52,"Percent of population, crude",1,2024,11.9,10.9,13.0,0.5999999999999996,2.0999999999999996
Uninsured at time of interview among adults,Health insurance,120,Geographic Characteristic,2,Urbanicity,16,16,Large fringe metro,53,53,"Percent of population, crude",1,2019,12.4,11.1,13.7,,2.5999999999999996
Uninsured at time of interview among adults,Health insurance,120,Geographic Characteristic,2,Urbanicity,16,16,Large fringe metro,53,53,"Percent of population, crude",1,2020,11.8,10.5,13.2,-0.5999999999999996,2.6999999999999993
Uninsured at time of interview among adults,Health insurance,120,Geographic Characteristic,2,Urbanicity,16,16,Large fringe metro,53,53,"Percent of population, crude",1,2021,9.7,8.6,10.8,-2.1000000000000014,2.200000000000001
Uninsured at time of interview among adults,Health insurance,120,Geographic Characteristic,2,Urbanicity,16,16,Large fringe metro,53,53,"Percent of population, crude",1,2022,10.1,8.9,11.3,0.40000000000000036,2.4000000000000004
Uninsured at time of interview among adults,Health insurance,120,Geographic Characteristic,2,Urbanicity,16,16,Large fringe metro,53,53,"Percent of population, crude",1,2023,8.5,7.6,9.5,-1.5999999999999996,1.9000000000000004
Uninsured at time of interview among adults,Health insurance,120,Geographic Characteristic,2,Urbanicity,16,16,Large fringe metro,53,53,"Percent of population, crude",1,2024,9.5,8.4,10.7,1.0,2.299999999999999
Uninsured at time of interview among adults,Health insurance,120,Geographic Characteristic,2,Urbanicity,16,16,Medium and small metro,54,54,"Percent of population, crude",1,2019,14.1,12.9,15.4,,2.5
Uninsured at time of interview among adults,Health insurance,120,Geographic Characteristic,2,Urbanicity,16,16,Medium and small metro,54,54,"Percent of population, crude",1,2020,13.9,12.6,15.3,-0.1999999999999993,2.700000000000001
Uninsured at time of interview among adults,Health insurance,120,Geographic Characteristic,2,Urbanicity,16,16,Medium and small metro,54,54,"Percent of population, crude",1,2021,13.1,11.9,14.4,-0.8000000000000007,2.5
Uninsured at time of interview among adults,Health insurance,120,Geographic Characteristic,2,Urbanicity,16,16,Medium and small metro,54,54,"Percent of population, crude",1,2022,12.2,10.9,13.6,-0.9000000000000004,2.6999999999999993
Uninsured at time of interview among adults,Health insurance,120,Geographic Characteristic,2,Urbanicity,16,16,Medium and small metro,54,54,"Percent of population, crude",1,2023,12.2,11.1,13.4,0.0,2.3000000000000007
Uninsured at time of interview among adults,Health insurance,120,Geographic Characteristic,2,Urbanicity,16,16,Medium and small metro,54,54,"Percent of population, crude",1,2024,12.5,11.3,13.7,0.3000000000000007,2.3999999999999986
Uninsured at time of interview among adults,Health insurance,120,Geographic Characteristic,2,Urbanicity,16,16,Nonmetropolitan,55,55,"Percent of population, crude",1,2019,17.5,15.1,20.2,,5.1
Uninsured at time of interview among adults,Health insurance,120,Geographic Characteristic,2,Urbanicity,16,16,Nonmetropolitan,55,55,"Percent of population, crude",1,2020,17.9,15.0,21.1,0.3999999999999986,6.100000000000001
Uninsured at time of interview among adults,Health insurance,120,Geographic Characteristic,2,Urbanicity,16,16,Nonmetropolitan,55,55,"Percent of population, crude",1,2021,14.4,12.0,17.1,-3.4999999999999982,5.100000000000001
Uninsured at time of interview among adults,Health insurance,120,Geographic Characteristic,2,Urbanicity,16,16,Nonmetropolitan,55,55,"Percent of population, crude",1,2022,13.9,11.8,16.2,-0.5,4.399999999999999
Uninsured at time of interview among adults,Health insurance,120,Geographic Characteristic,2,Urbanicity,16,16,Nonmetropolitan,55,55,"Percent of population, crude",1,2023,10.9,9.1,12.8,-3.0,3.700000000000001
Uninsured at time of interview among adults,Health insurance,120,Geographic Characteristic,2,Urbanicity,16,16,Nonmetropolitan,55,55,"Percent of population, crude",1,2024,13.3,11.8,14.9,2.4000000000000004,3.0999999999999996
Uninsured at time of interview among adults,Health insurance,120,Demographic Characteristic,1,Veteran status,12,12,Non-veteran,40,40,"Percent of population, crude",1,2019,14.8,14.1,15.5,,1.4000000000000004
Uninsured at time of interview among adults,Health insurance,120,Demographic Characteristic,1,Veteran status,12,12,Non-veteran,40,40,"Percent of population, crude",1,2020,14.2,13.4,15.1,-0.6000000000000014,1.6999999999999993
Uninsured at time of interview among adults,Health insurance,120,Demographic Characteristic,1,Veteran status,12,12,Non-veteran,40,40,"Percent of population, crude",1,2021,13.0,12.3,13.7,-1.1999999999999993,1.3999999999999986
Uninsured at time of interview among adults,Health insurance,120,Demographic Characteristic,1,Veteran status,12,12,Non-veteran,40,40,"Percent of population, crude",1,2022,12.5,11.8,13.2,-0.5,1.3999999999999986
Uninsured at time of interview among adults,Health insurance,120,Demographic Characteristic,1,Veteran status,12,12,Non-veteran,40,40,"Percent of population, crude",1,2023,11.0,10.4,11.6,-1.5,1.1999999999999993
Uninsured at time of interview among adults,Health insurance,120,Demographic Characteristic,1,Veteran status,12,12,Non-veteran,40,40,"Percent of population, crude",1,2024,12.1,11.5,12.7,1.0999999999999996,1.1999999999999993
Uninsured at time of interview among adults,Health insurance,120,Demographic Characteristic,1,Veteran status,12,12,Veteran,39,39,"Percent of population, crude",1,2019,6.3,4.6,8.5,,3.9000000000000004
Uninsured at time of interview among adults,Health insurance,120,Demographic Characteristic,1,Veteran status,12,12,Veteran,39,39,"Percent of population, crude",1,2020,6.7,4.9,8.8,0.40000000000000036,3.9000000000000004
Uninsured at time of interview among adults,Health insurance,120,Demographic Characteristic,1,Veteran status,12,12,Veteran,39,39,"Percent of population, crude",1,2021,3.7,2.6,5.1,-3.0,2.4999999999999996
Uninsured at time of interview among adults,Health insurance,120,Demographic Characteristic,1,Veteran status,12,12,Veteran,39,39,"Percent of population, crude",1,2022,6.9,5.1,9.2,3.2,4.1
Uninsured at time of interview among adults,Health insurance,120,Demographic Characteristic,1,Veteran status,12,12,Veteran,39,39,"Percent of population, crude",1,2023,4.0,2.8,5.6,-2.9000000000000004,2.8
Uninsured at time of interview among adults,Health insurance,120,Demographic Characteristic,1,Veteran status,12,12,Veteran,39,39,"Percent of population, crude",1,2024,3.7,2.6,5.2,-0.2999999999999998,2.6
Uninsured for at least part of the past year among adults,Health insurance,120,Demographic Characteristic,1,Age groups with 65 years and older,2,2,18-34 years,2,2,"Percent of population, crude",1,2019,23.2,21.9,24.4,,2.5
Uninsured for at least part of the past year among adults,Health insurance,120,Demographic Characteristic,1,Age groups with 65 years and older,2,2,18-34 years,2,2,"Percent of population, crude",1,2020,22.7,21.2,24.2,-0.5,3.0
Uninsured for at least part of the past year among adults,Health insurance,120,Demographic Characteristic,1,Age groups with 65 years and older,2,2,18-34 years,2,2,"Percent of population, crude",1,2021,20.8,19.5,22.1,-1.8999999999999986,2.6000000000000014
Uninsured for at least part of the past year among adults,Health insurance,120,Demographic Characteristic,1,Age groups with 65 years and older,2,2,18-34 years,2,2,"Percent of population, crude",1,2022,20.6,19.3,21.9,-0.1999999999999993,2.599999999999998
Uninsured for at least part of the past year among adults,Health insurance,120,Demographic Characteristic,1,Age groups with 65 years and older,2,2,18-34 years,2,2,"Percent of population, crude",1,2023,17.8,16.7,19.0,-2.8000000000000007,2.3000000000000007
Uninsured for at least part of the past year among adults,Health insurance,120,Demographic Characteristic,1,Age groups with 65 years and older,2,2,18-34 years,2,2,"Percent of population, crude",1,2024,21.2,19.9,22.4,3.3999999999999986,2.5
Uninsured for at least part of the past year among adults,Health insurance,120,Demographic Characteristic,1,Age groups with 65 years and older,2,2,35-49 years,3,3,"Percent of population, crude",1,2019,19.2,18.0,20.6,,2.6000000000000014
Uninsured for at least part of the past year among adults,Health insurance,120,Demographic Characteristic,1,Age groups with 65 years and older,2,2,35-49 years,3,3,"Percent of population, crude",1,2020,19.0,17.7,20.3,-0.1999999999999993,2.6000000000000014
Uninsured for at least part of the past year among adults,Health insurance,120,Demographic Characteristic,1,Age groups with 65 years and older,2,2,35-49 years,3,3,"Percent of population, crude",1,2021,17.7,16.6,18.9,-1.3000000000000007,2.299999999999997
Uninsured for at least part of the past year among adults,Health insurance,120,Demographic Characteristic,1,Age groups with 65 years and older,2,2,35-49 years,3,3,"Percent of population, crude",1,2022,17.4,16.2,18.7,-0.3000000000000007,2.5
Uninsured for at least part of the past year among adults,Health insurance,120,Demographic Characteristic,1,Age groups with 65 years and older,2,2,35-49 years,3,3,"Percent of population, crude",1,2023,16.7,15.5,17.8,-0.6999999999999993,2.3000000000000007
Uninsured for at least part of the past year among adults,Health insurance,120,Demographic Characteristic,1,Age groups with 65 years and older,2,2,35-49 years,3,3,"Percent of population, crude",1,2024,16.4,15.3,17.6,-0.3000000000000007,2.3000000000000007
Uninsured for at least part of the past year among adults,Health insurance,120,Demographic Characteristic,1,Age groups with 65 years and older,2,2,50-64 years,4,4,"Percent of population, crude",1,2019,13.6,12.6,14.6,,2.0
Uninsured for at least part of the past year among adults,Health insurance,120,Demographic Characteristic,1,Age groups with 65 years and older,2,2,50-64 years,4,4,"Percent of population, crude",1,2020,12.7,11.7,13.7,-0.9000000000000004,2.0
Uninsured for at least part of the past year among adults,Health insurance,120,Demographic Characteristic,1,Age groups with 65 years and older,2,2,50-64 years,4,4,"Percent of population, crude",1,2021,11.6,10.8,12.6,-1.0999999999999996,1.799999999999999
Uninsured for at least part of the past year among adults,Health insurance,120,Demographic Characteristic,1,Age groups with 65 years and older,2,2,50-64 years,4,4,"Percent of population, crude",1,2022,10.5,9.6,11.5,-1.0999999999999996,1.9000000000000004
Uninsured for at least part of the past year among adults,Health insurance,120,Demographic Characteristic,1,Age groups with 65 years and older,2,2,50-64 years,4,4,"Percent of population, crude",1,2023,10.4,9.6,11.3,-0.09999999999999964,1.700000000000001
Uninsured for at least part of the past year among adults,Health insurance,120,Demographic Characteristic,1,Age groups with 65 years and older,2,2,50-64 years,4,4,"Percent of population, crude",1,2024,10.8,10.0,11.7,0.40000000000000036,1.6999999999999993
Uninsured for at least part of the past year among adults,Health insurance,120,Demographic Characteristic,1,Age groups with 75 years and older,3,3,18-44 years,6,6,"Percent of population, crude",1,2019,22.0,21.0,23.1,,2.1000000000000014
Uninsured for at least part of the past year among adults,Health insurance,120,Demographic Characteristic,1,Age groups with 75 years and older,3,3,18-44 years,6,6,"Percent of population, crude",1,2020,21.6,20.4,22.8,-0.3999999999999986,2.400000000000002
Uninsured for at least part of the past year among adults,Health insurance,120,Demographic Characteristic,1,Age groups with 75 years and older,3,3,18-44 years,6,6,"Percent of population, crude",1,2021,19.6,18.7,20.6,-2.0,1.9000000000000021
Uninsured for at least part of the past year among adults,Health insurance,120,Demographic Characteristic,1,Age groups with 75 years and older,3,3,18-44 years,6,6,"Percent of population, crude",1,2022,19.6,18.6,20.7,0.0,2.099999999999998
Uninsured for at least part of the past year among adults,Health insurance,120,Demographic Characteristic,1,Age groups with 75 years and older,3,3,18-44 years,6,6,"Percent of population, crude",1,2023,17.6,16.7,18.5,-2.0,1.8000000000000007
Uninsured for at least part of the past year among adults,Health insurance,120,Demographic Characteristic,1,Age groups with 75 years and older,3,3,18-44 years,6,6,"Percent of population, crude",1,2024,19.7,18.7,20.7,2.099999999999998,2.0
Uninsured for at least part of the past year among adults,Health insurance,120,Demographic Characteristic,1,Age groups with 75 years and older,3,3,45-64 years,7,7,"Percent of population, crude",1,2019,14.6,13.7,15.5,,1.8000000000000007
Uninsured for at least part of the past year among adults,Health insurance,120,Demographic Characteristic,1,Age groups with 75 years and older,3,3,45-64 years,7,7,"Percent of population, crude",1,2020,13.8,12.9,14.8,-0.7999999999999989,1.9000000000000004
Uninsured for at least part of the past year among adults,Health insurance,120,Demographic Characteristic,1,Age groups with 75 years and older,3,3,45-64 years,7,7,"Percent of population, crude",1,2021,13.2,12.3,14.1,-0.6000000000000014,1.799999999999999
Uninsured for at least part of the past year among adults,Health insurance,120,Demographic Characteristic,1,Age groups with 75 years and older,3,3,45-64 years,7,7,"Percent of population, crude",1,2022,11.8,11.0,12.7,-1.3999999999999986,1.6999999999999993
Uninsured for at least part of the past year among adults,Health insurance,120,Demographic Characteristic,1,Age groups with 75 years and older,3,3,45-64 years,7,7,"Percent of population, crude",1,2023,11.6,10.8,12.5,-0.20000000000000107,1.6999999999999993
Uninsured for at least part of the past year among adults,Health insurance,120,Demographic Characteristic,1,Age groups with 75 years and older,3,3,45-64 years,7,7,"Percent of population, crude",1,2024,11.8,10.9,12.6,0.20000000000000107,1.6999999999999993
Uninsured for at least part of the past year among adults,Health insurance,120,Demographic Characteristic,1,Disability status,4,4,With disability,10,10,"Percent of population, crude",1,2019,17.7,15.3,20.2,,4.899999999999999
Uninsured for at least part of the past year among adults,Health insurance,120,Demographic Characteristic,1,Disability status,4,4,With disability,10,10,"Percent of population, crude",1,2020,16.5,13.5,19.7,-1.1999999999999993,6.199999999999999
Uninsured for at least part of the past year among adults,Health insurance,120,Demographic Characteristic,1,Disability status,4,4,With disability,10,10,"Percent of population, crude",1,2021,14.6,12.3,17.2,-1.9000000000000004,4.899999999999999
Uninsured for at least part of the past year among adults,Health insurance,120,Demographic Characteristic,1,Disability status,4,4,With disability,10,10,"Percent of population, crude",1,2022,13.3,11.2,15.6,-1.299999999999999,4.4
Uninsured for at least part of the past year among adults,Health insurance,120,Demographic Characteristic,1,Disability status,4,4,With disability,10,10,"Percent of population, crude",1,2023,12.8,10.7,15.2,-0.5,4.5
Uninsured for at least part of the past year among adults,Health insurance,120,Demographic Characteristic,1,Disability status,4,4,With disability,10,10,"Percent of population, crude",1,2024,16.8,14.4,19.4,4.0,4.999999999999998
Uninsured for at least part of the past year among adults,Health insurance,120,Demographic Characteristic,1,Disability status,4,4,Without disability,11,11,"Percent of population, crude",1,2019,19.0,18.3,19.7,,1.3999999999999986
Uninsured for at least part of the past year among adults,Health insurance,120,Demographic Characteristic,1,Disability status,4,4,Without disability,11,11,"Percent of population, crude",1,2020,18.5,17.6,19.3,-0.5,1.6999999999999993
Uninsured for at least part of the past year among adults,Health insurance,120,Demographic Characteristic,1,Disability status,4,4,Without disability,11,11,"Percent of population, crude",1,2021,17.1,16.4,17.8,-1.3999999999999986,1.4000000000000021
Uninsured for at least part of the past year among adults,Health insurance,120,Demographic Characteristic,1,Disability status,4,4,Without disability,11,11,"Percent of population, crude",1,2022,16.6,15.9,17.4,-0.5,1.4999999999999982
Uninsured for at least part of the past year among adults,Health insurance,120,Demographic Characteristic,1,Disability status,4,4,Without disability,11,11,"Percent of population, crude",1,2023,15.3,14.7,16.0,-1.3000000000000007,1.3000000000000007
Uninsured for at least part of the past year among adults,Health insurance,120,Demographic Characteristic,1,Disability status,4,4,Without disability,11,11,"Percent of population, crude",1,2024,16.4,15.7,17.1,1.0999999999999979,1.4000000000000021
Uninsured for at least part of the past year among adults,Health insurance,120,Socioeconomic Characteristic,3,Education,17,17,College degree or higher,59,59,"Percent of population, crude",1,2019,8.4,7.7,9.2,,1.4999999999999991
Uninsured for at least part of the past year among adults,Health insurance,120,Socioeconomic Characteristic,3,Education,17,17,College degree or higher,59,59,"Percent of population, crude",1,2020,8.6,7.9,9.4,0.1999999999999993,1.5
Uninsured for at least part of the past year among adults,Health insurance,120,Socioeconomic Characteristic,3,Education,17,17,College degree or higher,59,59,"Percent of population, crude",1,2021,7.9,7.2,8.6,-0.6999999999999993,1.3999999999999995
Uninsured for at least part of the past year among adults,Health insurance,120,Socioeconomic Characteristic,3,Education,17,17,College degree or higher,59,59,"Percent of population, crude",1,2022,7.9,7.2,8.7,0.0,1.4999999999999991
Uninsured for at least part of the past year among adults,Health insurance,120,Socioeconomic Characteristic,3,Education,17,17,College degree or higher,59,59,"Percent of population, crude",1,2023,7.6,6.9,8.3,-0.3000000000000007,1.4000000000000004
Uninsured for at least part of the past year among adults,Health insurance,120,Socioeconomic Characteristic,3,Education,17,17,College degree or higher,59,59,"Percent of population, crude",1,2024,7.8,7.2,8.5,0.20000000000000018,1.2999999999999998
Uninsured for at least part of the past year among adults,Health insurance,120,Socioeconomic Characteristic,3,Education,17,17,High school diploma or GED,57,57,"Percent of population, crude",1,2019,23.8,22.3,25.4,,3.099999999999998
Uninsured for at least part of the past year among adults,Health insurance,120,Socioeconomic Characteristic,3,Education,17,17,High school diploma or GED,57,57,"Percent of population, crude",1,2020,22.5,20.8,24.2,-1.3000000000000007,3.3999999999999986
Uninsured for at least part of the past year among adults,Health insurance,120,Socioeconomic Characteristic,3,Education,17,17,High school diploma or GED,57,57,"Percent of population, crude",1,2021,22.9,21.4,24.5,0.3999999999999986,3.1000000000000014
Uninsured for at least part of the past year among adults,Health insurance,120,Socioeconomic Characteristic,3,Education,17,17,High school diploma or GED,57,57,"Percent of population, crude",1,2022,22.3,20.8,23.9,-0.5999999999999979,3.099999999999998
Uninsured for at least part of the past year among adults,Health insurance,120,Socioeconomic Characteristic,3,Education,17,17,High school diploma or GED,57,57,"Percent of population, crude",1,2023,19.4,18.0,20.9,-2.900000000000002,2.8999999999999986
Uninsured for at least part of the past year among adults,Health insurance,120,Socioeconomic Characteristic,3,Education,17,17,High school diploma or GED,57,57,"Percent of population, crude",1,2024,20.3,18.8,21.9,0.9000000000000021,3.099999999999998
Uninsured for at least part of the past year among adults,Health insurance,120,Socioeconomic Characteristic,3,Education,17,17,No high school diploma or GED,56,56,"Percent of population, crude",1,2019,39.2,36.1,42.4,,6.299999999999997
Uninsured for at least part of the past year among adults,Health insurance,120,Socioeconomic Characteristic,3,Education,17,17,No high school diploma or GED,56,56,"Percent of population, crude",1,2020,35.8,32.3,39.4,-3.4000000000000057,7.100000000000001
Uninsured for at least part of the past year among adults,Health insurance,120,Socioeconomic Characteristic,3,Education,17,17,No high school diploma or GED,56,56,"Percent of population, crude",1,2021,41.0,37.5,44.5,5.200000000000003,7.0
Uninsured for at least part of the past year among adults,Health insurance,120,Socioeconomic Characteristic,3,Education,17,17,No high school diploma or GED,56,56,"Percent of population, crude",1,2022,36.6,33.3,40.0,-4.399999999999999,6.700000000000003
Uninsured for at least part of the past year among adults,Health insurance,120,Socioeconomic Characteristic,3,Education,17,17,No high school diploma or GED,56,56,"Percent of population, crude",1,2023,34.9,31.8,38.1,-1.7000000000000028,6.300000000000001
Uninsured for at least part of the past year among adults,Health insurance,120,Socioeconomic Characteristic,3,Education,17,17,No high school diploma or GED,56,56,"Percent of population, crude",1,2024,38.4,35.1,41.8,3.5,6.699999999999996
Uninsured for at least part of the past year among adults,Health insurance,120,Socioeconomic Characteristic,3,Education,17,17,Some college,58,58,"Percent of population, crude",1,2019,17.0,15.9,18.3,,2.4000000000000004
Uninsured for at least part of the past year among adults,Health insurance,120,Socioeconomic Characteristic,3,Education,17,17,Some college,58,58,"Percent of population, crude",1,2020,17.4,16.1,18.7,0.3999999999999986,2.599999999999998
Uninsured for at least part of the past year among adults,Health insurance,120,Socioeconomic Characteristic,3,Education,17,17,Some college,58,58,"Percent of population, crude",1,2021,16.1,14.9,17.4,-1.2999999999999972,2.4999999999999982
Uninsured for at least part of the past year among adults,Health insurance,120,Socioeconomic Characteristic,3,Education,17,17,Some college,58,58,"Percent of population, crude",1,2022,14.7,13.5,16.1,-1.4000000000000021,2.6000000000000014
Uninsured for at least part of the past year among adults,Health insurance,120,Socioeconomic Characteristic,3,Education,17,17,Some college,58,58,"Percent of population, crude",1,2023,14.5,13.4,15.7,-0.1999999999999993,2.299999999999999
Uninsured for at least part of the past year among adults,Health insurance,120,Socioeconomic Characteristic,3,Education,17,17,Some college,58,58,"Percent of population, crude",1,2024,14.5,13.4,15.7,0.0,2.299999999999999
Uninsured for at least part of the past year among adults,Health insurance,120,Socioeconomic Characteristic,3,Employment status,18,18,Employed,60,60,"Percent of population, crude",1,2019,18.2,17.4,19.0,,1.6000000000000014
Uninsured for at least part of the past year among adults,Health insurance,120,Socioeconomic Characteristic,3,Employment status,18,18,Employed,60,60,"Percent of population, crude",1,2020,16.9,16.1,17.8,-1.3000000000000007,1.6999999999999993
Uninsured for at least part of the past year among adults,Health insurance,120,Socioeconomic Characteristic,3,Employment status,18,18,Employed,60,60,"Percent of population, crude",1,2021,16.0,15.2,16.8,-0.8999999999999986,1.6000000000000014
Uninsured for at least part of the past year among adults,Health insurance,120,Socioeconomic Characteristic,3,Employment status,18,18,Employed,60,60,"Percent of population, crude",1,2022,15.8,15.0,16.6,-0.1999999999999993,1.6000000000000014
Uninsured for at least part of the past year among adults,Health insurance,120,Socioeconomic Characteristic,3,Employment status,18,18,Employed,60,60,"Percent of population, crude",1,2023,14.5,13.8,15.2,-1.3000000000000007,1.3999999999999986
Uninsured for at least part of the past year among adults,Health insurance,120,Socioeconomic Characteristic,3,Employment status,18,18,Employed,60,60,"Percent of population, crude",1,2024,15.7,15.0,16.5,1.1999999999999993,1.5
Uninsured for at least part of the past year among adults,Health insurance,120,Socioeconomic Characteristic,3,Employment status,18,18,Employed - Full-time,61,61,"Percent of population, crude",1,2019,17.2,16.3,18.0,,1.6999999999999993
Uninsured for at least part of the past year among adults,Health insurance,120,Socioeconomic Characteristic,3,Employment status,18,18,Employed - Full-time,61,61,"Percent of population, crude",1,2020,15.8,14.9,16.7,-1.3999999999999986,1.799999999999999
Uninsured for at least part of the past year among adults,Health insurance,120,Socioeconomic Characteristic,3,Employment status,18,18,Employed - Full-time,61,61,"Percent of population, crude",1,2021,15.2,14.4,16.0,-0.6000000000000014,1.5999999999999996
Uninsured for at least part of the past year among adults,Health insurance,120,Socioeconomic Characteristic,3,Employment status,18,18,Employed - Full-time,61,61,"Percent of population, crude",1,2022,15.0,14.2,15.8,-0.1999999999999993,1.6000000000000014
Uninsured for at least part of the past year among adults,Health insurance,120,Socioeconomic Characteristic,3,Employment status,18,18,Employed - Full-time,61,61,"Percent of population, crude",1,2023,13.9,13.2,14.7,-1.0999999999999996,1.5
Uninsured for at least part of the past year among adults,Health insurance,120,Socioeconomic Characteristic,3,Employment status,18,18,Employed - Full-time,61,61,"Percent of population, crude",1,2024,14.7,13.9,15.6,0.7999999999999989,1.6999999999999993
Uninsured for at least part of the past year among adults,Health insurance,120,Socioeconomic Characteristic,3,Employment status,18,18,Employed - Part-time,62,62,"Percent of population, crude",1,2019,22.7,20.5,25.0,,4.5
Uninsured for at least part of the past year among adults,Health insurance,120,Socioeconomic Characteristic,3,Employment status,18,18,Employed - Part-time,62,62,"Percent of population, crude",1,2020,22.3,19.9,24.8,-0.3999999999999986,4.900000000000002
Uninsured for at least part of the past year among adults,Health insurance,120,Socioeconomic Characteristic,3,Employment status,18,18,Employed - Part-time,62,62,"Percent of population, crude",1,2021,19.7,17.7,21.8,-2.6000000000000014,4.100000000000001
Uninsured for at least part of the past year among adults,Health insurance,120,Socioeconomic Characteristic,3,Employment status,18,18,Employed - Part-time,62,62,"Percent of population, crude",1,2022,19.5,17.4,21.8,-0.1999999999999993,4.400000000000002
Uninsured for at least part of the past year among adults,Health insurance,120,Socioeconomic Characteristic,3,Employment status,18,18,Employed - Part-time,62,62,"Percent of population, crude",1,2023,16.9,15.1,18.7,-2.6000000000000014,3.5999999999999996
Uninsured for at least part of the past year among adults,Health insurance,120,Socioeconomic Characteristic,3,Employment status,18,18,Employed - Part-time,62,62,"Percent of population, crude",1,2024,20.3,18.4,22.2,3.400000000000002,3.8000000000000007
Uninsured for at least part of the past year among adults,Health insurance,120,Socioeconomic Characteristic,3,Employment status,18,18,Not employed,63,63,"Percent of population, crude",1,2019,20.6,19.1,22.1,,3.0
Uninsured for at least part of the past year among adults,Health insurance,120,Socioeconomic Characteristic,3,Employment status,18,18,Not employed,63,63,"Percent of population, crude",1,2020,21.6,19.9,23.3,1.0,3.400000000000002
Uninsured for at least part of the past year among adults,Health insurance,120,Socioeconomic Characteristic,3,Employment status,18,18,Not employed,63,63,"Percent of population, crude",1,2021,19.3,17.9,20.8,-2.3000000000000007,2.900000000000002
Uninsured for at least part of the past year among adults,Health insurance,120,Socioeconomic Characteristic,3,Employment status,18,18,Not employed,63,63,"Percent of population, crude",1,2022,17.6,16.1,19.2,-1.6999999999999993,3.099999999999998
Uninsured for at least part of the past year among adults,Health insurance,120,Socioeconomic Characteristic,3,Employment status,18,18,Not employed,63,63,"Percent of population, crude",1,2023,16.8,15.5,18.3,-0.8000000000000007,2.8000000000000007
Uninsured for at least part of the past year among adults,Health insurance,120,Socioeconomic Characteristic,3,Employment status,18,18,Not employed,63,63,"Percent of population, crude",1,2024,18.8,17.4,20.3,2.0,2.900000000000002
Uninsured for at least part of the past year among adults,Health insurance,120,Socioeconomic Characteristic,3,Employment status,18,18,Not employed - Has never worked,65,65,"Percent of population, crude",1,2019,21.5,17.1,26.5,,9.399999999999999
Uninsured for at least part of the past year among adults,Health insurance,120,Socioeconomic Characteristic,3,Employment status,18,18,Not employed - Has never worked,65,65,"Percent of population, crude",1,2020,22.3,16.8,28.7,0.8000000000000007,11.899999999999999
Uninsured for at least part of the past year among adults,Health insurance,120,Socioeconomic Characteristic,3,Employment status,18,18,Not employed - Has never worked,65,65,"Percent of population, crude",1,2021,14.8,10.9,19.5,-7.5,8.6
Uninsured for at least part of the past year among adults,Health insurance,120,Socioeconomic Characteristic,3,Employment status,18,18,Not employed - Has never worked,65,65,"Percent of population, crude",1,2022,16.1,11.5,21.7,1.3000000000000007,10.2
Uninsured for at least part of the past year among adults,Health insurance,120,Socioeconomic Characteristic,3,Employment status,18,18,Not employed - Has never worked,65,65,"Percent of population, crude",1,2023,15.3,11.4,20.1,-0.8000000000000007,8.700000000000001
Uninsured for at least part of the past year among adults,Health insurance,120,Socioeconomic Characteristic,3,Employment status,18,18,Not employed - Has never worked,65,65,"Percent of population, crude",1,2024,18.7,14.6,23.4,3.3999999999999986,8.799999999999999
Uninsured for at least part of the past year among adults,Health insurance,120,Socioeconomic Characteristic,3,Employment status,18,18,Not employed - Has worked previously,64,64,"Percent of population, crude",1,2019,20.2,18.7,21.8,,3.1000000000000014
Uninsured for at least part of the past year among adults,Health insurance,120,Socioeconomic Characteristic,3,Employment status,18,18,Not employed - Has worked previously,64,64,"Percent of population, crude",1,2020,21.5,19.8,23.3,1.3000000000000007,3.5
Uninsured for at least part of the past year among adults,Health insurance,120,Socioeconomic Characteristic,3,Employment status,18,18,Not employed - Has worked previously,64,64,"Percent of population, crude",1,2021,19.8,18.3,21.3,-1.6999999999999993,3.0
Uninsured for at least part of the past year among adults,Health insurance,120,Socioeconomic Characteristic,3,Employment status,18,18,Not employed - Has worked previously,64,64,"Percent of population, crude",1,2022,17.7,16.2,19.3,-2.1000000000000014,3.1000000000000014
Uninsured for at least part of the past year among adults,Health insurance,120,Socioeconomic Characteristic,3,Employment status,18,18,Not employed - Has worked previously,64,64,"Percent of population, crude",1,2023,17.1,15.7,18.6,-0.5999999999999979,2.900000000000002
Uninsured for at least part of the past year among adults,Health insurance,120,Socioeconomic Characteristic,3,Employment status,18,18,Not employed - Has worked previously,64,64,"Percent of population, crude",1,2024,18.9,17.5,20.5,1.7999999999999972,3.0
Uninsured for at least part of the past year among adults,Health insurance,120,Demographic Characteristic,1,Functioning difficulties status,5,5,With functioning difficulties,12,12,"Percent of population, crude",1,2019,20.1,19.0,21.3,,2.3000000000000007
Uninsured for at least part of the past year among adults,Health insurance,120,Demographic Characteristic,1,Functioning difficulties status,5,5,With functioning difficulties,12,12,"Percent of population, crude",1,2020,19.1,17.8,20.4,-1.0,2.599999999999998
Uninsured for at least part of the past year among adults,Health insurance,120,Demographic Characteristic,1,Functioning difficulties status,5,5,With functioning difficulties,12,12,"Percent of population, crude",1,2021,18.0,16.9,19.2,-1.1000000000000014,2.3000000000000007
Uninsured for at least part of the past year among adults,Health insurance,120,Demographic Characteristic,1,Functioning difficulties status,5,5,With functioning difficulties,12,12,"Percent of population, crude",1,2022,17.0,15.9,18.1,-1.0,2.200000000000001
Uninsured for at least part of the past year among adults,Health insurance,120,Demographic Characteristic,1,Functioning difficulties status,5,5,With functioning difficulties,12,12,"Percent of population, crude",1,2023,14.9,13.9,15.9,-2.0999999999999996,2.0
Uninsured for at least part of the past year among adults,Health insurance,120,Demographic Characteristic,1,Functioning difficulties status,5,5,With functioning difficulties,12,12,"Percent of population, crude",1,2024,17.5,16.4,18.6,2.5999999999999996,2.200000000000003
Uninsured for at least part of the past year among adults,Health insurance,120,Demographic Characteristic,1,Functioning difficulties status,5,5,Without functioning difficulties,13,13,"Percent of population, crude",1,2019,18.3,17.4,19.2,,1.8000000000000007
Uninsured for at least part of the past year among adults,Health insurance,120,Demographic Characteristic,1,Functioning difficulties status,5,5,Without functioning difficulties,13,13,"Percent of population, crude",1,2020,17.9,17.0,18.9,-0.40000000000000213,1.8999999999999986
Uninsured for at least part of the past year among adults,Health insurance,120,Demographic Characteristic,1,Functioning difficulties status,5,5,Without functioning difficulties,13,13,"Percent of population, crude",1,2021,16.3,15.4,17.1,-1.5999999999999979,1.700000000000001
Uninsured for at least part of the past year among adults,Health insurance,120,Demographic Characteristic,1,Functioning difficulties status,5,5,Without functioning difficulties,13,13,"Percent of population, crude",1,2022,16.0,15.2,16.9,-0.3000000000000007,1.6999999999999993
Uninsured for at least part of the past year among adults,Health insurance,120,Demographic Characteristic,1,Functioning difficulties status,5,5,Without functioning difficulties,13,13,"Percent of population, crude",1,2023,15.3,14.5,16.2,-0.6999999999999993,1.6999999999999993
Uninsured for at least part of the past year among adults,Health insurance,120,Demographic Characteristic,1,Functioning difficulties status,5,5,Without functioning difficulties,13,13,"Percent of population, crude",1,2024,15.8,14.9,16.6,0.5,1.700000000000001
Uninsured for at least part of the past year among adults,Health insurance,120,Socioeconomic Characteristic,3,Health insurance coverage: Younger than 65 years,20,20,Medicaid or other state programs,73,73,"Percent of population, crude",1,2019,10.3,9.0,11.7,,2.6999999999999993
Uninsured for at least part of the past year among adults,Health insurance,120,Socioeconomic Characteristic,3,Health insurance coverage: Younger than 65 years,20,20,Medicaid or other state programs,73,73,"Percent of population, crude",1,2020,10.2,8.7,11.8,-0.10000000000000142,3.1000000000000014
Uninsured for at least part of the past year among adults,Health insurance,120,Socioeconomic Characteristic,3,Health insurance coverage: Younger than 65 years,20,20,Medicaid or other state programs,73,73,"Percent of population, crude",1,2021,6.1,5.2,7.2,-4.1,2.0
Uninsured for at least part of the past year among adults,Health insurance,120,Socioeconomic Characteristic,3,Health insurance coverage: Younger than 65 years,20,20,Medicaid or other state programs,73,73,"Percent of population, crude",1,2022,5.9,4.9,7.0,-0.1999999999999993,2.0999999999999996
Uninsured for at least part of the past year among adults,Health insurance,120,Socioeconomic Characteristic,3,Health insurance coverage: Younger than 65 years,20,20,Medicaid or other state programs,73,73,"Percent of population, crude",1,2023,5.2,4.4,6.2,-0.7000000000000002,1.7999999999999998
Uninsured for at least part of the past year among adults,Health insurance,120,Socioeconomic Characteristic,3,Health insurance coverage: Younger than 65 years,20,20,Medicaid or other state programs,73,73,"Percent of population, crude",1,2024,8.8,7.5,10.2,3.6000000000000005,2.6999999999999993
Uninsured for at least part of the past year among adults,Health insurance,120,Socioeconomic Characteristic,3,Health insurance coverage: Younger than 65 years,20,20,Other government coverage,74,74,"Percent of population, crude",1,2019,3.4,2.1,5.1,,2.9999999999999996
Uninsured for at least part of the past year among adults,Health insurance,120,Socioeconomic Characteristic,3,Health insurance coverage: Younger than 65 years,20,20,Other government coverage,74,74,"Percent of population, crude",1,2020,2.7,1.6,4.1,-0.6999999999999997,2.4999999999999996
Uninsured for at least part of the past year among adults,Health insurance,120,Socioeconomic Characteristic,3,Health insurance coverage: Younger than 65 years,20,20,Other government coverage,74,74,"Percent of population, crude",1,2021,4.1,2.2,6.8,1.3999999999999995,4.6
Uninsured for at least part of the past year among adults,Health insurance,120,Socioeconomic Characteristic,3,Health insurance coverage: Younger than 65 years,20,20,Other government coverage,74,74,"Percent of population, crude",1,2022,2.1,1.2,3.4,-1.9999999999999996,2.2
Uninsured for at least part of the past year among adults,Health insurance,120,Socioeconomic Characteristic,3,Health insurance coverage: Younger than 65 years,20,20,Other government coverage,74,74,"Percent of population, crude",1,2023,3.4,2.1,5.3,1.2999999999999998,3.1999999999999997
Uninsured for at least part of the past year among adults,Health insurance,120,Socioeconomic Characteristic,3,Health insurance coverage: Younger than 65 years,20,20,Other government coverage,74,74,"Percent of population, crude",1,2024,3.7,2.2,5.8,0.30000000000000027,3.5999999999999996
Uninsured for at least part of the past year among adults,Health insurance,120,Socioeconomic Characteristic,3,Health insurance coverage: Younger than 65 years,20,20,Private,72,72,"Percent of population, crude",1,2019,4.1,3.7,4.6,,0.8999999999999995
Uninsured for at least part of the past year among adults,Health insurance,120,Socioeconomic Characteristic,3,Health insurance coverage: Younger than 65 years,20,20,Private,72,72,"Percent of population, crude",1,2020,4.2,3.8,4.7,0.10000000000000053,0.9000000000000004
Uninsured for at least part of the past year among adults,Health insurance,120,Socioeconomic Characteristic,3,Health insurance coverage: Younger than 65 years,20,20,Private,72,72,"Percent of population, crude",1,2021,4.7,4.2,5.1,0.5,0.8999999999999995
Uninsured for at least part of the past year among adults,Health insurance,120,Socioeconomic Characteristic,3,Health insurance coverage: Younger than 65 years,20,20,Private,72,72,"Percent of population, crude",1,2022,4.4,4.0,4.8,-0.2999999999999998,0.7999999999999998
Uninsured for at least part of the past year among adults,Health insurance,120,Socioeconomic Characteristic,3,Health insurance coverage: Younger than 65 years,20,20,Private,72,72,"Percent of population, crude",1,2023,4.9,4.5,5.3,0.5,0.7999999999999998
Uninsured for at least part of the past year among adults,Health insurance,120,Socioeconomic Characteristic,3,Health insurance coverage: Younger than 65 years,20,20,Private,72,72,"Percent of population, crude",1,2024,4.8,4.4,5.2,-0.10000000000000053,0.7999999999999998
Uninsured for at least part of the past year among adults,Health insurance,120,Socioeconomic Characteristic,3,Health insurance coverage: Younger than 65 years,20,20,Uninsured,75,75,"Percent of population, crude",1,2019,100.0,99.9,100.0,,0.09999999999999432
Uninsured for at least part of the past year among adults,Health insurance,120,Socioeconomic Characteristic,3,Health insurance coverage: Younger than 65 years,20,20,Uninsured,75,75,"Percent of population, crude",1,2020,100.0,99.8,100.0,0.0,0.20000000000000284
Uninsured for at least part of the past year among adults,Health insurance,120,Socioeconomic Characteristic,3,Health insurance coverage: Younger than 65 years,20,20,Uninsured,75,75,"Percent of population, crude",1,2021,100.0,99.8,100.0,0.0,0.20000000000000284
Uninsured for at least part of the past year among adults,Health insurance,120,Socioeconomic Characteristic,3,Health insurance coverage: Younger than 65 years,20,20,Uninsured,75,75,"Percent of population, crude",1,2022,100.0,99.8,100.0,0.0,0.20000000000000284
Uninsured for at least part of the past year among adults,Health insurance,120,Socioeconomic Characteristic,3,Health insurance coverage: Younger than 65 years,20,20,Uninsured,75,75,"Percent of population, crude",1,2023,100.0,99.8,100.0,0.0,0.20000000000000284
Uninsured for at least part of the past year among adults,Health insurance,120,Socioeconomic Characteristic,3,Health insurance coverage: Younger than 65 years,20,20,Uninsured,75,75,"Percent of population, crude",1,2024,100.0,99.8,100.0,0.0,0.20000000000000284
Uninsured for at least part of the past year among adults,Health insurance,120,Demographic Characteristic,1,Marital status,6,6,Divorced or separated,15,15,"Percent of population, crude",1,2019,21.9,19.9,23.9,,4.0
Uninsured for at least part of the past year among adults,Health insurance,120,Demographic Characteristic,1,Marital status,6,6,Divorced or separated,15,15,"Percent of population, crude",1,2020,20.6,18.7,22.7,-1.2999999999999972,4.0
Uninsured for at least part of the past year among adults,Health insurance,120,Demographic Characteristic,1,Marital status,6,6,Divorced or separated,15,15,"Percent of population, crude",1,2021,18.8,16.9,20.7,-1.8000000000000007,3.8000000000000007
Uninsured for at least part of the past year among adults,Health insurance,120,Demographic Characteristic,1,Marital status,6,6,Divorced or separated,15,15,"Percent of population, crude",1,2022,16.6,14.8,18.5,-2.1999999999999993,3.6999999999999993
Uninsured for at least part of the past year among adults,Health insurance,120,Demographic Characteristic,1,Marital status,6,6,Divorced or separated,15,15,"Percent of population, crude",1,2023,18.5,16.5,20.5,1.8999999999999986,4.0
Uninsured for at least part of the past year among adults,Health insurance,120,Demographic Characteristic,1,Marital status,6,6,Divorced or separated,15,15,"Percent of population, crude",1,2024,17.8,15.8,20.0,-0.6999999999999993,4.199999999999999
Uninsured for at least part of the past year among adults,Health insurance,120,Demographic Characteristic,1,Marital status,6,6,Living with a partner,17,17,"Percent of population, crude",1,2019,31.7,29.2,34.3,,5.099999999999998
Uninsured for at least part of the past year among adults,Health insurance,120,Demographic Characteristic,1,Marital status,6,6,Living with a partner,17,17,"Percent of population, crude",1,2020,29.8,27.0,32.6,-1.8999999999999986,5.600000000000001
Uninsured for at least part of the past year among adults,Health insurance,120,Demographic Characteristic,1,Marital status,6,6,Living with a partner,17,17,"Percent of population, crude",1,2021,25.6,23.3,28.1,-4.199999999999999,4.800000000000001
Uninsured for at least part of the past year among adults,Health insurance,120,Demographic Characteristic,1,Marital status,6,6,Living with a partner,17,17,"Percent of population, crude",1,2022,27.7,25.2,30.3,2.099999999999998,5.100000000000001
Uninsured for at least part of the past year among adults,Health insurance,120,Demographic Characteristic,1,Marital status,6,6,Living with a partner,17,17,"Percent of population, crude",1,2023,22.5,20.2,24.9,-5.199999999999999,4.699999999999999
Uninsured for at least part of the past year among adults,Health insurance,120,Demographic Characteristic,1,Marital status,6,6,Living with a partner,17,17,"Percent of population, crude",1,2024,24.6,22.4,26.9,2.1000000000000014,4.5
Uninsured for at least part of the past year among adults,Health insurance,120,Demographic Characteristic,1,Marital status,6,6,Married,14,14,"Percent of population, crude",1,2019,14.1,13.2,15.0,,1.8000000000000007
Uninsured for at least part of the past year among adults,Health insurance,120,Demographic Characteristic,1,Marital status,6,6,Married,14,14,"Percent of population, crude",1,2020,13.5,12.5,14.5,-0.5999999999999996,2.0
Uninsured for at least part of the past year among adults,Health insurance,120,Demographic Characteristic,1,Marital status,6,6,Married,14,14,"Percent of population, crude",1,2021,12.9,12.1,13.8,-0.5999999999999996,1.700000000000001
Uninsured for at least part of the past year among adults,Health insurance,120,Demographic Characteristic,1,Marital status,6,6,Married,14,14,"Percent of population, crude",1,2022,12.0,11.1,12.9,-0.9000000000000004,1.8000000000000007
Uninsured for at least part of the past year among adults,Health insurance,120,Demographic Characteristic,1,Marital status,6,6,Married,14,14,"Percent of population, crude",1,2023,11.3,10.5,12.1,-0.6999999999999993,1.5999999999999996
Uninsured for at least part of the past year among adults,Health insurance,120,Demographic Characteristic,1,Marital status,6,6,Married,14,14,"Percent of population, crude",1,2024,12.3,11.5,13.1,1.0,1.5999999999999996
Uninsured for at least part of the past year among adults,Health insurance,120,Demographic Characteristic,1,Marital status,6,6,Never married,18,18,"Percent of population, crude",1,2019,21.1,19.7,22.6,,2.900000000000002
Uninsured for at least part of the past year among adults,Health insurance,120,Demographic Characteristic,1,Marital status,6,6,Never married,18,18,"Percent of population, crude",1,2020,21.2,19.6,22.9,0.09999999999999787,3.299999999999997
Uninsured for at least part of the past year among adults,Health insurance,120,Demographic Characteristic,1,Marital status,6,6,Never married,18,18,"Percent of population, crude",1,2021,19.8,18.5,21.3,-1.3999999999999986,2.8000000000000007
Uninsured for at least part of the past year among adults,Health insurance,120,Demographic Characteristic,1,Marital status,6,6,Never married,18,18,"Percent of population, crude",1,2022,19.1,17.7,20.6,-0.6999999999999993,2.900000000000002
Uninsured for at least part of the past year among adults,Health insurance,120,Demographic Characteristic,1,Marital status,6,6,Never married,18,18,"Percent of population, crude",1,2023,17.8,16.6,19.1,-1.3000000000000007,2.5
Uninsured for at least part of the past year among adults,Health insurance,120,Demographic Characteristic,1,Marital status,6,6,Never married,18,18,"Percent of population, crude",1,2024,20.6,19.3,22.0,2.8000000000000007,2.6999999999999993
Uninsured for at least part of the past year among adults,Health insurance,120,Demographic Characteristic,1,Marital status,6,6,Widowed,16,16,"Percent of population, crude",1,2019,19.8,15.2,25.0,,9.8
Uninsured for at least part of the past year among adults,Health insurance,120,Demographic Characteristic,1,Marital status,6,6,Widowed,16,16,"Percent of population, crude",1,2020,23.4,17.2,30.7,3.599999999999998,13.5
Uninsured for at least part of the past year among adults,Health insurance,120,Demographic Characteristic,1,Marital status,6,6,Widowed,16,16,"Percent of population, crude",1,2021,16.0,11.7,21.1,-7.399999999999999,9.400000000000002
Uninsured for at least part of the past year among adults,Health insurance,120,Demographic Characteristic,1,Marital status,6,6,Widowed,16,16,"Percent of population, crude",1,2022,17.5,13.4,22.3,1.5,8.9
Uninsured for at least part of the past year among adults,Health insurance,120,Demographic Characteristic,1,Marital status,6,6,Widowed,16,16,"Percent of population, crude",1,2023,13.3,9.7,17.6,-4.199999999999999,7.900000000000002
Uninsured for at least part of the past year among adults,Health insurance,120,Demographic Characteristic,1,Marital status,6,6,Widowed,16,16,"Percent of population, crude",1,2024,14.0,10.2,18.5,0.6999999999999993,8.3
Uninsured for at least part of the past year among adults,Health insurance,120,Geographic Characteristic,2,Metropolitan statistical area,13,13,Large MSA,41,41,"Percent of population, crude",1,2019,18.3,17.4,19.3,,1.9000000000000021
Uninsured for at least part of the past year among adults,Health insurance,120,Geographic Characteristic,2,Metropolitan statistical area,13,13,Large MSA,41,41,"Percent of population, crude",1,2020,17.3,16.3,18.4,-1.0,2.099999999999998
Uninsured for at least part of the past year among adults,Health insurance,120,Geographic Characteristic,2,Metropolitan statistical area,13,13,Large MSA,41,41,"Percent of population, crude",1,2021,16.5,15.6,17.4,-0.8000000000000007,1.799999999999999
Uninsured for at least part of the past year among adults,Health insurance,120,Geographic Characteristic,2,Metropolitan statistical area,13,13,Large MSA,41,41,"Percent of population, crude",1,2022,16.1,15.1,17.0,-0.3999999999999986,1.9000000000000004
Uninsured for at least part of the past year among adults,Health insurance,120,Geographic Characteristic,2,Metropolitan statistical area,13,13,Large MSA,41,41,"Percent of population, crude",1,2023,14.5,13.7,15.3,-1.6000000000000014,1.6000000000000014
Uninsured for at least part of the past year among adults,Health insurance,120,Geographic Characteristic,2,Metropolitan statistical area,13,13,Large MSA,41,41,"Percent of population, crude",1,2024,15.4,14.6,16.3,0.9000000000000004,1.700000000000001
Uninsured for at least part of the past year among adults,Health insurance,120,Geographic Characteristic,2,Metropolitan statistical area,13,13,Non-MSA,43,43,"Percent of population, crude",1,2019,22.0,19.5,24.7,,5.199999999999999
Uninsured for at least part of the past year among adults,Health insurance,120,Geographic Characteristic,2,Metropolitan statistical area,13,13,Non-MSA,43,43,"Percent of population, crude",1,2020,21.7,18.7,25.0,-0.3000000000000007,6.300000000000001
Uninsured for at least part of the past year among adults,Health insurance,120,Geographic Characteristic,2,Metropolitan statistical area,13,13,Non-MSA,43,43,"Percent of population, crude",1,2021,17.9,15.4,20.7,-3.8000000000000007,5.299999999999999
Uninsured for at least part of the past year among adults,Health insurance,120,Geographic Characteristic,2,Metropolitan statistical area,13,13,Non-MSA,43,43,"Percent of population, crude",1,2022,17.7,15.5,20.1,-0.1999999999999993,4.600000000000001
Uninsured for at least part of the past year among adults,Health insurance,120,Geographic Characteristic,2,Metropolitan statistical area,13,13,Non-MSA,43,43,"Percent of population, crude",1,2023,15.3,13.2,17.6,-2.3999999999999986,4.400000000000002
Uninsured for at least part of the past year among adults,Health insurance,120,Geographic Characteristic,2,Metropolitan statistical area,13,13,Non-MSA,43,43,"Percent of population, crude",1,2024,17.5,15.8,19.2,2.1999999999999993,3.3999999999999986
Uninsured for at least part of the past year among adults,Health insurance,120,Geographic Characteristic,2,Metropolitan statistical area,13,13,Small MSA,42,42,"Percent of population, crude",1,2019,18.7,17.3,20.0,,2.6999999999999993
Uninsured for at least part of the past year among adults,Health insurance,120,Geographic Characteristic,2,Metropolitan statistical area,13,13,Small MSA,42,42,"Percent of population, crude",1,2020,18.7,17.2,20.3,0.0,3.1000000000000014
Uninsured for at least part of the past year among adults,Health insurance,120,Geographic Characteristic,2,Metropolitan statistical area,13,13,Small MSA,42,42,"Percent of population, crude",1,2021,17.3,16.1,18.7,-1.3999999999999986,2.599999999999998
Uninsured for at least part of the past year among adults,Health insurance,120,Geographic Characteristic,2,Metropolitan statistical area,13,13,Small MSA,42,42,"Percent of population, crude",1,2022,16.5,15.0,17.9,-0.8000000000000007,2.8999999999999986
Uninsured for at least part of the past year among adults,Health insurance,120,Geographic Characteristic,2,Metropolitan statistical area,13,13,Small MSA,42,42,"Percent of population, crude",1,2023,16.4,15.1,17.7,-0.10000000000000142,2.5999999999999996
Uninsured for at least part of the past year among adults,Health insurance,120,Geographic Characteristic,2,Metropolitan statistical area,13,13,Small MSA,42,42,"Percent of population, crude",1,2024,18.0,16.5,19.5,1.6000000000000014,3.0
Uninsured for at least part of the past year among adults,Health insurance,120,Demographic Characteristic,1,Nativity,7,7,Foreign-born,20,20,"Percent of population, crude",1,2019,30.2,28.3,32.2,,3.900000000000002
Uninsured for at least part of the past year among adults,Health insurance,120,Demographic Characteristic,1,Nativity,7,7,Foreign-born,20,20,"Percent of population, crude",1,2020,29.1,26.8,31.4,-1.0999999999999979,4.599999999999998
Uninsured for at least part of the past year among adults,Health insurance,120,Demographic Characteristic,1,Nativity,7,7,Foreign-born,20,20,"Percent of population, crude",1,2021,28.8,26.8,30.9,-0.3000000000000007,4.099999999999998
Uninsured for at least part of the past year among adults,Health insurance,120,Demographic Characteristic,1,Nativity,7,7,Foreign-born,20,20,"Percent of population, crude",1,2022,29.1,27.1,31.2,0.3000000000000007,4.099999999999998
Uninsured for at least part of the past year among adults,Health insurance,120,Demographic Characteristic,1,Nativity,7,7,Foreign-born,20,20,"Percent of population, crude",1,2023,27.5,25.7,29.4,-1.6000000000000014,3.6999999999999993
Uninsured for at least part of the past year among adults,Health insurance,120,Demographic Characteristic,1,Nativity,7,7,Foreign-born,20,20,"Percent of population, crude",1,2024,27.3,25.5,29.2,-0.1999999999999993,3.6999999999999993
Uninsured for at least part of the past year among adults,Health insurance,120,Demographic Characteristic,1,Nativity,7,7,U.S.-born,19,19,"Percent of population, crude",1,2019,15.9,15.1,16.6,,1.5000000000000018
Uninsured for at least part of the past year among adults,Health insurance,120,Demographic Characteristic,1,Nativity,7,7,U.S.-born,19,19,"Percent of population, crude",1,2020,15.6,14.8,16.4,-0.3000000000000007,1.5999999999999979
Uninsured for at least part of the past year among adults,Health insurance,120,Demographic Characteristic,1,Nativity,7,7,U.S.-born,19,19,"Percent of population, crude",1,2021,13.9,13.2,14.6,-1.6999999999999993,1.4000000000000004
Uninsured for at least part of the past year among adults,Health insurance,120,Demographic Characteristic,1,Nativity,7,7,U.S.-born,19,19,"Percent of population, crude",1,2022,13.1,12.4,13.8,-0.8000000000000007,1.4000000000000004
Uninsured for at least part of the past year among adults,Health insurance,120,Demographic Characteristic,1,Nativity,7,7,U.S.-born,19,19,"Percent of population, crude",1,2023,11.9,11.3,12.5,-1.1999999999999993,1.1999999999999993
Uninsured for at least part of the past year among adults,Health insurance,120,Demographic Characteristic,1,Nativity,7,7,U.S.-born,19,19,"Percent of population, crude",1,2024,13.6,12.9,14.3,1.6999999999999993,1.4000000000000004
Uninsured for at least part of the past year among adults,Health insurance,120,Socioeconomic Characteristic,3,Poverty level,21,21,100% to <200% FPL,77,77,"Percent of population, crude",1,2019,33.1,31.1,35.2,,4.100000000000001
Uninsured for at least part of the past year among adults,Health insurance,120,Socioeconomic Characteristic,3,Poverty level,21,21,100% to <200% FPL,77,77,"Percent of population, crude",1,2020,32.8,30.4,35.4,-0.30000000000000426,5.0
Uninsured for at least part of the past year among adults,Health insurance,120,Socioeconomic Characteristic,3,Poverty level,21,21,100% to <200% FPL,77,77,"Percent of population, crude",1,2021,29.2,27.2,31.2,-3.599999999999998,4.0
Uninsured for at least part of the past year among adults,Health insurance,120,Socioeconomic Characteristic,3,Poverty level,21,21,100% to <200% FPL,77,77,"Percent of population, crude",1,2022,28.1,26.1,30.3,-1.0999999999999979,4.199999999999999
Uninsured for at least part of the past year among adults,Health insurance,120,Socioeconomic Characteristic,3,Poverty level,21,21,100% to <200% FPL,77,77,"Percent of population, crude",1,2023,25.3,23.5,27.3,-2.8000000000000007,3.8000000000000007
Uninsured for at least part of the past year among adults,Health insurance,120,Socioeconomic Characteristic,3,Poverty level,21,21,100% to <200% FPL,77,77,"Percent of population, crude",1,2024,29.3,27.3,31.4,4.0,4.099999999999998
Uninsured for at least part of the past year among adults,Health insurance,120,Socioeconomic Characteristic,3,Poverty level,21,21,<100% FPL,76,76,"Percent of population, crude",1,2019,33.2,30.5,36.0,,5.5
Uninsured for at least part of the past year among adults,Health insurance,120,Socioeconomic Characteristic,3,Poverty level,21,21,<100% FPL,76,76,"Percent of population, crude",1,2020,32.0,28.8,35.2,-1.2000000000000028,6.400000000000002
Uninsured for at least part of the past year among adults,Health insurance,120,Socioeconomic Characteristic,3,Poverty level,21,21,<100% FPL,76,76,"Percent of population, crude",1,2021,31.0,28.3,33.8,-1.0,5.4999999999999964
Uninsured for at least part of the past year among adults,Health insurance,120,Socioeconomic Characteristic,3,Poverty level,21,21,<100% FPL,76,76,"Percent of population, crude",1,2022,28.1,25.3,31.0,-2.8999999999999986,5.699999999999999
Uninsured for at least part of the past year among adults,Health insurance,120,Socioeconomic Characteristic,3,Poverty level,21,21,<100% FPL,76,76,"Percent of population, crude",1,2023,25.0,22.5,27.6,-3.1000000000000014,5.100000000000001
Uninsured for at least part of the past year among adults,Health insurance,120,Socioeconomic Characteristic,3,Poverty level,21,21,<100% FPL,76,76,"Percent of population, crude",1,2024,28.7,26.3,31.2,3.6999999999999993,4.899999999999999
Uninsured for at least part of the past year among adults,Health insurance,120,Socioeconomic Characteristic,3,Poverty level,21,21,≥200% FPL,78,78,"Percent of population, crude",1,2019,12.9,12.2,13.6,,1.4000000000000004
Uninsured for at least part of the past year among adults,Health insurance,120,Socioeconomic Characteristic,3,Poverty level,21,21,≥200% FPL,78,78,"Percent of population, crude",1,2020,12.9,12.1,13.6,0.0,1.5
Uninsured for at least part of the past year among adults,Health insurance,120,Socioeconomic Characteristic,3,Poverty level,21,21,≥200% FPL,78,78,"Percent of population, crude",1,2021,12.1,11.4,12.8,-0.8000000000000007,1.4000000000000004
Uninsured for at least part of the past year among adults,Health insurance,120,Socioeconomic Characteristic,3,Poverty level,21,21,≥200% FPL,78,78,"Percent of population, crude",1,2022,12.0,11.3,12.8,-0.09999999999999964,1.5
Uninsured for at least part of the past year among adults,Health insurance,120,Socioeconomic Characteristic,3,Poverty level,21,21,≥200% FPL,78,78,"Percent of population, crude",1,2023,11.4,10.7,12.0,-0.5999999999999996,1.3000000000000007
Uninsured for at least part of the past year among adults,Health insurance,120,Socioeconomic Characteristic,3,Poverty level,21,21,≥200% FPL,78,78,"Percent of population, crude",1,2024,11.7,11.1,12.4,0.29999999999999893,1.3000000000000007
Uninsured for at least part of the past year among adults,Health insurance,120,Demographic Characteristic,1,Race,8,8,American Indian and Alaska Native and White,26,26,"Percent of population, crude",1,2019,27.3,18.5,37.6,,19.1
Uninsured for at least part of the past year among adults,Health insurance,120,Demographic Characteristic,1,Race,8,8,American Indian and Alaska Native and White,26,26,"Percent of population, crude",1,2020,32.4,21.0,45.5,5.099999999999998,24.5
Uninsured for at least part of the past year among adults,Health insurance,120,Demographic Characteristic,1,Race,8,8,American Indian and Alaska Native and White,26,26,"Percent of population, crude",1,2021,29.2,20.5,39.2,-3.1999999999999993,18.700000000000003
Uninsured for at least part of the past year among adults,Health insurance,120,Demographic Characteristic,1,Race,8,8,American Indian and Alaska Native and White,26,26,"Percent of population, crude",1,2022,16.0,8.7,26.0,-13.2,17.3
Uninsured for at least part of the past year among adults,Health insurance,120,Demographic Characteristic,1,Race,8,8,American Indian and Alaska Native and White,26,26,"Percent of population, crude",1,2023,29.5,21.1,39.0,13.5,17.9
Uninsured for at least part of the past year among adults,Health insurance,120,Demographic Characteristic,1,Race,8,8,American Indian and Alaska Native and White,26,26,"Percent of population, crude",1,2024,11.5,6.6,18.2,-18.0,11.6
Uninsured for at least part of the past year among adults,Health insurance,120,Demographic Characteristic,1,Race,8,8,American Indian and Alaska Native only,21,21,"Percent of population, crude",1,2019,37.6,29.0,46.7,,17.700000000000003
Uninsured for at least part of the past year among adults,Health insurance,120,Demographic Characteristic,1,Race,8,8,American Indian and Alaska Native only,21,21,"Percent of population, crude",1,2020,36.6,27.5,46.4,-1.0,18.9
Uninsured for at least part of the past year among adults,Health insurance,120,Demographic Characteristic,1,Race,8,8,American Indian and Alaska Native only,21,21,"Percent of population, crude",1,2021,28.7,21.7,36.7,-7.900000000000002,15.000000000000004
Uninsured for at least part of the past year among adults,Health insurance,120,Demographic Characteristic,1,Race,8,8,American Indian and Alaska Native only,21,21,"Percent of population, crude",1,2022,28.5,19.3,39.3,-0.1999999999999993,19.999999999999996
Uninsured for at least part of the past year among adults,Health insurance,120,Demographic Characteristic,1,Race,8,8,American Indian and Alaska Native only,21,21,"Percent of population, crude",1,2023,28.5,22.0,35.6,0.0,13.600000000000001
Uninsured for at least part of the past year among adults,Health insurance,120,Demographic Characteristic,1,Race,8,8,American Indian and Alaska Native only,21,21,"Percent of population, crude",1,2024,34.0,26.0,42.6,5.5,16.6
Uninsured for at least part of the past year among adults,Health insurance,120,Demographic Characteristic,1,Race,8,8,Asian only,22,22,"Percent of population, crude",1,2019,10.7,8.6,13.1,,4.5
Uninsured for at least part of the past year among adults,Health insurance,120,Demographic Characteristic,1,Race,8,8,Asian only,22,22,"Percent of population, crude",1,2020,13.1,10.6,15.9,2.4000000000000004,5.300000000000001
Uninsured for at least part of the past year among adults,Health insurance,120,Demographic Characteristic,1,Race,8,8,Asian only,22,22,"Percent of population, crude",1,2021,10.3,8.4,12.4,-2.799999999999999,4.0
Uninsured for at least part of the past year among adults,Health insurance,120,Demographic Characteristic,1,Race,8,8,Asian only,22,22,"Percent of population, crude",1,2022,10.7,8.7,13.0,0.3999999999999986,4.300000000000001
Uninsured for at least part of the past year among adults,Health insurance,120,Demographic Characteristic,1,Race,8,8,Asian only,22,22,"Percent of population, crude",1,2023,6.8,5.4,8.4,-3.8999999999999995,3.0
Uninsured for at least part of the past year among adults,Health insurance,120,Demographic Characteristic,1,Race,8,8,Asian only,22,22,"Percent of population, crude",1,2024,8.8,7.1,10.8,2.000000000000001,3.700000000000001
Uninsured for at least part of the past year among adults,Health insurance,120,Demographic Characteristic,1,Race,8,8,Black and White,27,27,"Percent of population, crude",1,2019,35.3,23.3,48.9,,25.599999999999998
Uninsured for at least part of the past year among adults,Health insurance,120,Demographic Characteristic,1,Race,8,8,Black and White,27,27,"Percent of population, crude",1,2020,19.9,10.3,33.1,-15.399999999999999,22.8
Uninsured for at least part of the past year among adults,Health insurance,120,Demographic Characteristic,1,Race,8,8,Black and White,27,27,"Percent of population, crude",1,2021,27.7,18.5,38.6,7.800000000000001,20.1
Uninsured for at least part of the past year among adults,Health insurance,120,Demographic Characteristic,1,Race,8,8,Black and White,27,27,"Percent of population, crude",1,2022,18.0,9.9,28.9,-9.7,19.0
Uninsured for at least part of the past year among adults,Health insurance,120,Demographic Characteristic,1,Race,8,8,Black and White,27,27,"Percent of population, crude",1,2023,16.2,9.8,24.6,-1.8000000000000007,14.8
Uninsured for at least part of the past year among adults,Health insurance,120,Demographic Characteristic,1,Race,8,8,Black and White,27,27,"Percent of population, crude",1,2024,23.9,16.0,33.4,7.699999999999999,17.4
Uninsured for at least part of the past year among adults,Health insurance,120,Demographic Characteristic,1,Race,8,8,Black only,23,23,"Percent of population, crude",1,2019,19.8,17.9,21.9,,4.0
Uninsured for at least part of the past year among adults,Health insurance,120,Demographic Characteristic,1,Race,8,8,Black only,23,23,"Percent of population, crude",1,2020,20.0,17.9,22.2,0.1999999999999993,4.300000000000001
Uninsured for at least part of the past year among adults,Health insurance,120,Demographic Characteristic,1,Race,8,8,Black only,23,23,"Percent of population, crude",1,2021,18.9,17.1,20.8,-1.1000000000000014,3.6999999999999993
Uninsured for at least part of the past year among adults,Health insurance,120,Demographic Characteristic,1,Race,8,8,Black only,23,23,"Percent of population, crude",1,2022,17.3,15.4,19.3,-1.5999999999999979,3.9000000000000004
Uninsured for at least part of the past year among adults,Health insurance,120,Demographic Characteristic,1,Race,8,8,Black only,23,23,"Percent of population, crude",1,2023,15.9,14.2,17.8,-1.4000000000000004,3.6000000000000014
Uninsured for at least part of the past year among adults,Health insurance,120,Demographic Characteristic,1,Race,8,8,Black only,23,23,"Percent of population, crude",1,2024,17.4,15.5,19.4,1.4999999999999982,3.8999999999999986
Uninsured for at least part of the past year among adults,Health insurance,120,Demographic Characteristic,1,Race,8,8,Native Hawaiian or Other Pacific Islander only,24,24,"Percent of population, crude",1,2019,26.3,13.4,43.1,,29.700000000000003
Uninsured for at least part of the past year among adults,Health insurance,120,Demographic Characteristic,1,Race,8,8,Native Hawaiian or Other Pacific Islander only,24,24,"Percent of population, crude",1,2021,30.7,17.8,46.2,4.399999999999999,28.400000000000002
Uninsured for at least part of the past year among adults,Health insurance,120,Demographic Characteristic,1,Race,8,8,Native Hawaiian or Other Pacific Islander only,24,24,"Percent of population, crude",1,2022,13.1,6.4,23.0,-17.6,16.6
Uninsured for at least part of the past year among adults,Health insurance,120,Demographic Characteristic,1,Race,8,8,Native Hawaiian or Other Pacific Islander only,24,24,"Percent of population, crude",1,2023,20.2,10.2,34.0,7.1,23.8
Uninsured for at least part of the past year among adults,Health insurance,120,Demographic Characteristic,1,Race,8,8,Native Hawaiian or Other Pacific Islander only,24,24,"Percent of population, crude",1,2024,20.2,11.6,31.4,0.0,19.799999999999997
Uninsured for at least part of the past year among adults,Health insurance,120,Demographic Characteristic,1,Race,8,8,White only,25,25,"Percent of population, crude",1,2019,17.3,16.5,18.2,,1.6999999999999993
Uninsured for at least part of the past year among adults,Health insurance,120,Demographic Characteristic,1,Race,8,8,White only,25,25,"Percent of population, crude",1,2020,16.0,15.1,16.9,-1.3000000000000007,1.799999999999999
Uninsured for at least part of the past year among adults,Health insurance,120,Demographic Characteristic,1,Race,8,8,White only,25,25,"Percent of population, crude",1,2021,15.0,14.2,15.8,-1.0,1.6000000000000014
Uninsured for at least part of the past year among adults,Health insurance,120,Demographic Characteristic,1,Race,8,8,White only,25,25,"Percent of population, crude",1,2022,14.2,13.4,15.1,-0.8000000000000007,1.6999999999999993
Uninsured for at least part of the past year among adults,Health insurance,120,Demographic Characteristic,1,Race,8,8,White only,25,25,"Percent of population, crude",1,2023,13.6,12.9,14.3,-0.5999999999999996,1.4000000000000004
Uninsured for at least part of the past year among adults,Health insurance,120,Demographic Characteristic,1,Race,8,8,White only,25,25,"Percent of population, crude",1,2024,14.8,14.0,15.6,1.200000000000001,1.5999999999999996
Uninsured for at least part of the past year among adults,Health insurance,120,Demographic Characteristic,1,Race and Hispanic origin,9,9,"All races, Hispanic",28,28,"Percent of population, crude",1,2019,35.1,33.0,37.2,,4.200000000000003
Uninsured for at least part of the past year among adults,Health insurance,120,Demographic Characteristic,1,Race and Hispanic origin,9,9,"All races, Hispanic",28,28,"Percent of population, crude",1,2020,35.0,32.5,37.5,-0.10000000000000142,5.0
Uninsured for at least part of the past year among adults,Health insurance,120,Demographic Characteristic,1,Race and Hispanic origin,9,9,"All races, Hispanic",28,28,"Percent of population, crude",1,2021,33.8,31.8,35.9,-1.2000000000000028,4.099999999999998
Uninsured for at least part of the past year among adults,Health insurance,120,Demographic Characteristic,1,Race and Hispanic origin,9,9,"All races, Hispanic",28,28,"Percent of population, crude",1,2022,32.8,30.7,34.9,-1.0,4.199999999999999
Uninsured for at least part of the past year among adults,Health insurance,120,Demographic Characteristic,1,Race and Hispanic origin,9,9,"All races, Hispanic",28,28,"Percent of population, crude",1,2023,30.3,28.4,32.3,-2.4999999999999964,3.8999999999999986
Uninsured for at least part of the past year among adults,Health insurance,120,Demographic Characteristic,1,Race and Hispanic origin,9,9,"All races, Hispanic",28,28,"Percent of population, crude",1,2024,31.1,29.2,33.0,0.8000000000000007,3.8000000000000007
Uninsured for at least part of the past year among adults,Health insurance,120,Demographic Characteristic,1,Race and Hispanic origin,9,9,"All races, Hispanic, Mexican",29,29,"Percent of population, crude",1,2019,37.8,35.2,40.6,,5.399999999999999
Uninsured for at least part of the past year among adults,Health insurance,120,Demographic Characteristic,1,Race and Hispanic origin,9,9,"All races, Hispanic, Mexican",29,29,"Percent of population, crude",1,2020,38.4,35.2,41.7,0.6000000000000014,6.5
Uninsured for at least part of the past year among adults,Health insurance,120,Demographic Characteristic,1,Race and Hispanic origin,9,9,"All races, Hispanic, Mexican",29,29,"Percent of population, crude",1,2021,38.4,35.7,41.1,0.0,5.399999999999999
Uninsured for at least part of the past year among adults,Health insurance,120,Demographic Characteristic,1,Race and Hispanic origin,9,9,"All races, Hispanic, Mexican",29,29,"Percent of population, crude",1,2022,35.8,33.1,38.5,-2.6000000000000014,5.399999999999999
Uninsured for at least part of the past year among adults,Health insurance,120,Demographic Characteristic,1,Race and Hispanic origin,9,9,"All races, Hispanic, Mexican",29,29,"Percent of population, crude",1,2023,32.9,30.3,35.6,-2.8999999999999986,5.300000000000001
Uninsured for at least part of the past year among adults,Health insurance,120,Demographic Characteristic,1,Race and Hispanic origin,9,9,"All races, Hispanic, Mexican",29,29,"Percent of population, crude",1,2024,33.4,30.9,36.0,0.5,5.100000000000001
Uninsured for at least part of the past year among adults,Health insurance,120,Demographic Characteristic,1,Race and Hispanic origin,9,9,"All races, non-Hispanic",30,30,"Percent of population, crude",1,2019,15.2,14.5,15.9,,1.4000000000000004
Uninsured for at least part of the past year among adults,Health insurance,120,Demographic Characteristic,1,Race and Hispanic origin,9,9,"All races, non-Hispanic",30,30,"Percent of population, crude",1,2020,14.5,13.7,15.2,-0.6999999999999993,1.5
Uninsured for at least part of the past year among adults,Health insurance,120,Demographic Characteristic,1,Race and Hispanic origin,9,9,"All races, non-Hispanic",30,30,"Percent of population, crude",1,2021,12.9,12.3,13.6,-1.5999999999999996,1.299999999999999
Uninsured for at least part of the past year among adults,Health insurance,120,Demographic Characteristic,1,Race and Hispanic origin,9,9,"All races, non-Hispanic",30,30,"Percent of population, crude",1,2022,12.4,11.8,13.1,-0.5,1.299999999999999
Uninsured for at least part of the past year among adults,Health insurance,120,Demographic Characteristic,1,Race and Hispanic origin,9,9,"All races, non-Hispanic",30,30,"Percent of population, crude",1,2023,11.4,10.8,12.0,-1.0,1.1999999999999993
Uninsured for at least part of the past year among adults,Health insurance,120,Demographic Characteristic,1,Race and Hispanic origin,9,9,"All races, non-Hispanic",30,30,"Percent of population, crude",1,2024,12.7,12.0,13.4,1.299999999999999,1.4000000000000004
Uninsured for at least part of the past year among adults,Health insurance,120,Demographic Characteristic,1,Race and Hispanic origin,9,9,"Black only, non-Hispanic",31,31,"Percent of population, crude",1,2019,19.6,17.6,21.7,,4.099999999999998
Uninsured for at least part of the past year among adults,Health insurance,120,Demographic Characteristic,1,Race and Hispanic origin,9,9,"Black only, non-Hispanic",31,31,"Percent of population, crude",1,2020,19.8,17.7,22.1,0.1999999999999993,4.400000000000002
Uninsured for at least part of the past year among adults,Health insurance,120,Demographic Characteristic,1,Race and Hispanic origin,9,9,"Black only, non-Hispanic",31,31,"Percent of population, crude",1,2021,18.5,16.7,20.5,-1.3000000000000007,3.8000000000000007
Uninsured for at least part of the past year among adults,Health insurance,120,Demographic Characteristic,1,Race and Hispanic origin,9,9,"Black only, non-Hispanic",31,31,"Percent of population, crude",1,2022,17.6,15.7,19.7,-0.8999999999999986,4.0
Uninsured for at least part of the past year among adults,Health insurance,120,Demographic Characteristic,1,Race and Hispanic origin,9,9,"Black only, non-Hispanic",31,31,"Percent of population, crude",1,2023,15.7,13.9,17.7,-1.9000000000000021,3.799999999999999
Uninsured for at least part of the past year among adults,Health insurance,120,Demographic Characteristic,1,Race and Hispanic origin,9,9,"Black only, non-Hispanic",31,31,"Percent of population, crude",1,2024,16.7,14.9,18.7,1.0,3.799999999999999
Uninsured for at least part of the past year among adults,Health insurance,120,Demographic Characteristic,1,Race and Hispanic origin,9,9,"Other races, non-Hispanic",33,33,"Percent of population, crude",1,2019,15.2,13.0,17.7,,4.699999999999999
Uninsured for at least part of the past year among adults,Health insurance,120,Demographic Characteristic,1,Race and Hispanic origin,9,9,"Other races, non-Hispanic",33,33,"Percent of population, crude",1,2020,16.3,14.0,18.8,1.1000000000000014,4.800000000000001
Uninsured for at least part of the past year among adults,Health insurance,120,Demographic Characteristic,1,Race and Hispanic origin,9,9,"Other races, non-Hispanic",33,33,"Percent of population, crude",1,2021,14.0,12.1,16.0,-2.3000000000000007,3.9000000000000004
Uninsured for at least part of the past year among adults,Health insurance,120,Demographic Characteristic,1,Race and Hispanic origin,9,9,"Other races, non-Hispanic",33,33,"Percent of population, crude",1,2022,12.6,10.7,14.7,-1.4000000000000004,4.0
Uninsured for at least part of the past year among adults,Health insurance,120,Demographic Characteristic,1,Race and Hispanic origin,9,9,"Other races, non-Hispanic",33,33,"Percent of population, crude",1,2023,9.9,8.5,11.6,-2.6999999999999993,3.0999999999999996
Uninsured for at least part of the past year among adults,Health insurance,120,Demographic Characteristic,1,Race and Hispanic origin,9,9,"Other races, non-Hispanic",33,33,"Percent of population, crude",1,2024,11.5,9.9,13.3,1.5999999999999996,3.4000000000000004
Uninsured for at least part of the past year among adults,Health insurance,120,Demographic Characteristic,1,Race and Hispanic origin,9,9,"White only, non-Hispanic",32,32,"Percent of population, crude",1,2019,14.3,13.5,15.1,,1.5999999999999996
Uninsured for at least part of the past year among adults,Health insurance,120,Demographic Characteristic,1,Race and Hispanic origin,9,9,"White only, non-Hispanic",32,32,"Percent of population, crude",1,2020,13.1,12.3,13.9,-1.200000000000001,1.5999999999999996
Uninsured for at least part of the past year among adults,Health insurance,120,Demographic Characteristic,1,Race and Hispanic origin,9,9,"White only, non-Hispanic",32,32,"Percent of population, crude",1,2021,11.6,10.9,12.3,-1.5,1.4000000000000004
Uninsured for at least part of the past year among adults,Health insurance,120,Demographic Characteristic,1,Race and Hispanic origin,9,9,"White only, non-Hispanic",32,32,"Percent of population, crude",1,2022,11.3,10.6,12.0,-0.29999999999999893,1.4000000000000004
Uninsured for at least part of the past year among adults,Health insurance,120,Demographic Characteristic,1,Race and Hispanic origin,9,9,"White only, non-Hispanic",32,32,"Percent of population, crude",1,2023,10.7,10.1,11.4,-0.6000000000000014,1.3000000000000007
Uninsured for at least part of the past year among adults,Health insurance,120,Demographic Characteristic,1,Race and Hispanic origin,9,9,"White only, non-Hispanic",32,32,"Percent of population, crude",1,2024,12.0,11.3,12.8,1.3000000000000007,1.5
Uninsured for at least part of the past year among adults,Health insurance,120,Geographic Characteristic,2,Region,14,14,Midwest,45,45,"Percent of population, crude",1,2019,15.9,14.6,17.3,,2.700000000000001
Uninsured for at least part of the past year among adults,Health insurance,120,Geographic Characteristic,2,Region,14,14,Midwest,45,45,"Percent of population, crude",1,2020,14.6,13.2,16.2,-1.3000000000000007,3.0
Uninsured for at least part of the past year among adults,Health insurance,120,Geographic Characteristic,2,Region,14,14,Midwest,45,45,"Percent of population, crude",1,2021,13.3,12.0,14.8,-1.299999999999999,2.8000000000000007
Uninsured for at least part of the past year among adults,Health insurance,120,Geographic Characteristic,2,Region,14,14,Midwest,45,45,"Percent of population, crude",1,2022,12.8,11.6,14.1,-0.5,2.5
Uninsured for at least part of the past year among adults,Health insurance,120,Geographic Characteristic,2,Region,14,14,Midwest,45,45,"Percent of population, crude",1,2023,11.7,10.5,13.1,-1.1000000000000014,2.5999999999999996
Uninsured for at least part of the past year among adults,Health insurance,120,Geographic Characteristic,2,Region,14,14,Midwest,45,45,"Percent of population, crude",1,2024,13.7,12.4,15.0,2.0,2.5999999999999996
Uninsured for at least part of the past year among adults,Health insurance,120,Geographic Characteristic,2,Region,14,14,Northeast,44,44,"Percent of population, crude",1,2019,12.1,10.7,13.6,,2.9000000000000004
Uninsured for at least part of the past year among adults,Health insurance,120,Geographic Characteristic,2,Region,14,14,Northeast,44,44,"Percent of population, crude",1,2020,12.1,10.5,13.8,0.0,3.3000000000000007
Uninsured for at least part of the past year among adults,Health insurance,120,Geographic Characteristic,2,Region,14,14,Northeast,44,44,"Percent of population, crude",1,2021,10.5,9.1,12.1,-1.5999999999999996,3.0
Uninsured for at least part of the past year among adults,Health insurance,120,Geographic Characteristic,2,Region,14,14,Northeast,44,44,"Percent of population, crude",1,2022,10.2,8.8,11.7,-0.3000000000000007,2.8999999999999986
Uninsured for at least part of the past year among adults,Health insurance,120,Geographic Characteristic,2,Region,14,14,Northeast,44,44,"Percent of population, crude",1,2023,9.7,8.5,11.0,-0.5,2.5
Uninsured for at least part of the past year among adults,Health insurance,120,Geographic Characteristic,2,Region,14,14,Northeast,44,44,"Percent of population, crude",1,2024,11.3,9.7,12.9,1.6000000000000014,3.200000000000001
Uninsured for at least part of the past year among adults,Health insurance,120,Geographic Characteristic,2,Region,14,14,South,46,46,"Percent of population, crude",1,2019,24.6,23.2,26.0,,2.8000000000000007
Uninsured for at least part of the past year among adults,Health insurance,120,Geographic Characteristic,2,Region,14,14,South,46,46,"Percent of population, crude",1,2020,24.1,22.6,25.7,-0.5,3.099999999999998
Uninsured for at least part of the past year among adults,Health insurance,120,Geographic Characteristic,2,Region,14,14,South,46,46,"Percent of population, crude",1,2021,21.9,20.7,23.2,-2.200000000000003,2.5
Uninsured for at least part of the past year among adults,Health insurance,120,Geographic Characteristic,2,Region,14,14,South,46,46,"Percent of population, crude",1,2022,21.9,20.5,23.3,0.0,2.8000000000000007
Uninsured for at least part of the past year among adults,Health insurance,120,Geographic Characteristic,2,Region,14,14,South,46,46,"Percent of population, crude",1,2023,20.1,18.9,21.4,-1.7999999999999972,2.5
Uninsured for at least part of the past year among adults,Health insurance,120,Geographic Characteristic,2,Region,14,14,South,46,46,"Percent of population, crude",1,2024,21.2,20.0,22.4,1.0999999999999979,2.3999999999999986
Uninsured for at least part of the past year among adults,Health insurance,120,Geographic Characteristic,2,Region,14,14,West,47,47,"Percent of population, crude",1,2019,17.5,16.2,18.9,,2.6999999999999993
Uninsured for at least part of the past year among adults,Health insurance,120,Geographic Characteristic,2,Region,14,14,West,47,47,"Percent of population, crude",1,2020,17.1,15.4,18.8,-0.3999999999999986,3.4000000000000004
Uninsured for at least part of the past year among adults,Health insurance,120,Geographic Characteristic,2,Region,14,14,West,47,47,"Percent of population, crude",1,2021,16.7,15.3,18.3,-0.40000000000000213,3.0
Uninsured for at least part of the past year among adults,Health insurance,120,Geographic Characteristic,2,Region,14,14,West,47,47,"Percent of population, crude",1,2022,15.2,13.7,16.7,-1.5,3.0
Uninsured for at least part of the past year among adults,Health insurance,120,Geographic Characteristic,2,Region,14,14,West,47,47,"Percent of population, crude",1,2023,14.0,12.8,15.2,-1.1999999999999993,2.3999999999999986
Uninsured for at least part of the past year among adults,Health insurance,120,Geographic Characteristic,2,Region,14,14,West,47,47,"Percent of population, crude",1,2024,14.8,13.4,16.3,0.8000000000000007,2.9000000000000004
Uninsured for at least part of the past year among adults,Health insurance,120,Demographic Characteristic,1,Sex,10,10,Female,34,34,"Percent of population, crude",1,2019,17.6,16.6,18.5,,1.8999999999999986
Uninsured for at least part of the past year among adults,Health insurance,120,Demographic Characteristic,1,Sex,10,10,Female,34,34,"Percent of population, crude",1,2020,17.8,16.7,18.8,0.1999999999999993,2.1000000000000014
Uninsured for at least part of the past year among adults,Health insurance,120,Demographic Characteristic,1,Sex,10,10,Female,34,34,"Percent of population, crude",1,2021,15.0,14.1,16.0,-2.8000000000000007,1.9000000000000004
Uninsured for at least part of the past year among adults,Health insurance,120,Demographic Characteristic,1,Sex,10,10,Female,34,34,"Percent of population, crude",1,2022,14.9,14.0,15.8,-0.09999999999999964,1.8000000000000007
Uninsured for at least part of the past year among adults,Health insurance,120,Demographic Characteristic,1,Sex,10,10,Female,34,34,"Percent of population, crude",1,2023,13.0,12.2,13.9,-1.9000000000000004,1.700000000000001
Uninsured for at least part of the past year among adults,Health insurance,120,Demographic Characteristic,1,Sex,10,10,Female,34,34,"Percent of population, crude",1,2024,15.4,14.5,16.3,2.4000000000000004,1.8000000000000007
Uninsured for at least part of the past year among adults,Health insurance,120,Demographic Characteristic,1,Sex,10,10,Male,35,35,"Percent of population, crude",1,2019,20.3,19.3,21.4,,2.099999999999998
Uninsured for at least part of the past year among adults,Health insurance,120,Demographic Characteristic,1,Sex,10,10,Male,35,35,"Percent of population, crude",1,2020,18.9,17.8,20.0,-1.4000000000000021,2.1999999999999993
Uninsured for at least part of the past year among adults,Health insurance,120,Demographic Characteristic,1,Sex,10,10,Male,35,35,"Percent of population, crude",1,2021,18.8,17.9,19.8,-0.09999999999999787,1.9000000000000021
Uninsured for at least part of the past year among adults,Health insurance,120,Demographic Characteristic,1,Sex,10,10,Male,35,35,"Percent of population, crude",1,2022,17.9,16.9,19.0,-0.9000000000000021,2.1000000000000014
Uninsured for at least part of the past year among adults,Health insurance,120,Demographic Characteristic,1,Sex,10,10,Male,35,35,"Percent of population, crude",1,2023,17.3,16.4,18.3,-0.5999999999999979,1.9000000000000021
Uninsured for at least part of the past year among adults,Health insurance,120,Demographic Characteristic,1,Sex,10,10,Male,35,35,"Percent of population, crude",1,2024,17.5,16.5,18.5,0.1999999999999993,2.0
Uninsured for at least part of the past year among adults,Health insurance,120,Demographic Characteristic,1,Sexual orientation,11,11,Bisexual,36,36,"Percent of population, crude",1,2019,25.0,20.0,30.5,,10.5
Uninsured for at least part of the past year among adults,Health insurance,120,Demographic Characteristic,1,Sexual orientation,11,11,Bisexual,36,36,"Percent of population, crude",1,2020,25.6,20.1,31.7,0.6000000000000014,11.599999999999998
Uninsured for at least part of the past year among adults,Health insurance,120,Demographic Characteristic,1,Sexual orientation,11,11,Bisexual,36,36,"Percent of population, crude",1,2021,24.4,19.9,29.4,-1.2000000000000028,9.5
Uninsured for at least part of the past year among adults,Health insurance,120,Demographic Characteristic,1,Sexual orientation,11,11,Bisexual,36,36,"Percent of population, crude",1,2022,18.8,14.9,23.2,-5.599999999999998,8.299999999999999
Uninsured for at least part of the past year among adults,Health insurance,120,Demographic Characteristic,1,Sexual orientation,11,11,Bisexual,36,36,"Percent of population, crude",1,2023,18.4,14.7,22.6,-0.40000000000000213,7.900000000000002
Uninsured for at least part of the past year among adults,Health insurance,120,Demographic Characteristic,1,Sexual orientation,11,11,Bisexual,36,36,"Percent of population, crude",1,2024,23.7,19.8,27.9,5.300000000000001,8.099999999999998
Uninsured for at least part of the past year among adults,Health insurance,120,Demographic Characteristic,1,Sexual orientation,11,11,Gay or Lesbian,37,37,"Percent of population, crude",1,2019,17.8,13.0,23.5,,10.5
Uninsured for at least part of the past year among adults,Health insurance,120,Demographic Characteristic,1,Sexual orientation,11,11,Gay or Lesbian,37,37,"Percent of population, crude",1,2020,14.2,9.7,19.8,-3.6000000000000014,10.100000000000001
Uninsured for at least part of the past year among adults,Health insurance,120,Demographic Characteristic,1,Sexual orientation,11,11,Gay or Lesbian,37,37,"Percent of population, crude",1,2021,14.3,10.6,18.7,0.10000000000000142,8.1
Uninsured for at least part of the past year among adults,Health insurance,120,Demographic Characteristic,1,Sexual orientation,11,11,Gay or Lesbian,37,37,"Percent of population, crude",1,2022,13.3,9.7,17.6,-1.0,7.900000000000002
Uninsured for at least part of the past year among adults,Health insurance,120,Demographic Characteristic,1,Sexual orientation,11,11,Gay or Lesbian,37,37,"Percent of population, crude",1,2023,13.1,10.0,16.8,-0.20000000000000107,6.800000000000001
Uninsured for at least part of the past year among adults,Health insurance,120,Demographic Characteristic,1,Sexual orientation,11,11,Gay or Lesbian,37,37,"Percent of population, crude",1,2024,12.8,9.2,17.3,-0.29999999999999893,8.100000000000001
Uninsured for at least part of the past year among adults,Health insurance,120,Demographic Characteristic,1,Sexual orientation,11,11,Straight,38,38,"Percent of population, crude",1,2019,18.6,17.9,19.4,,1.5
Uninsured for at least part of the past year among adults,Health insurance,120,Demographic Characteristic,1,Sexual orientation,11,11,Straight,38,38,"Percent of population, crude",1,2020,18.0,17.2,18.9,-0.6000000000000014,1.6999999999999993
Uninsured for at least part of the past year among adults,Health insurance,120,Demographic Characteristic,1,Sexual orientation,11,11,Straight,38,38,"Percent of population, crude",1,2021,16.4,15.7,17.2,-1.6000000000000014,1.5
Uninsured for at least part of the past year among adults,Health insurance,120,Demographic Characteristic,1,Sexual orientation,11,11,Straight,38,38,"Percent of population, crude",1,2022,16.1,15.3,16.8,-0.29999999999999716,1.5
Uninsured for at least part of the past year among adults,Health insurance,120,Demographic Characteristic,1,Sexual orientation,11,11,Straight,38,38,"Percent of population, crude",1,2023,14.9,14.2,15.6,-1.200000000000001,1.4000000000000004
Uninsured for at least part of the past year among adults,Health insurance,120,Demographic Characteristic,1,Sexual orientation,11,11,Straight,38,38,"Percent of population, crude",1,2024,16.2,15.5,16.9,1.299999999999999,1.3999999999999986
Uninsured for at least part of the past year among adults,Health insurance,120,Geographic Characteristic,2,Social vulnerability,15,15,High social vulnerability,51,51,"Percent of population, crude",1,2019,23.2,21.5,24.8,,3.3000000000000007
Uninsured for at least part of the past year among adults,Health insurance,120,Geographic Characteristic,2,Social vulnerability,15,15,High social vulnerability,51,51,"Percent of population, crude",1,2020,22.5,20.6,24.5,-0.6999999999999993,3.8999999999999986
Uninsured for at least part of the past year among adults,Health insurance,120,Geographic Characteristic,2,Social vulnerability,15,15,High social vulnerability,51,51,"Percent of population, crude",1,2021,21.3,19.7,23.0,-1.1999999999999993,3.3000000000000007
Uninsured for at least part of the past year among adults,Health insurance,120,Geographic Characteristic,2,Social vulnerability,15,15,High social vulnerability,51,51,"Percent of population, crude",1,2022,21.6,20.2,23.1,0.3000000000000007,2.900000000000002
Uninsured for at least part of the past year among adults,Health insurance,120,Geographic Characteristic,2,Social vulnerability,15,15,High social vulnerability,51,51,"Percent of population, crude",1,2023,19.4,18.1,20.8,-2.200000000000003,2.6999999999999993
Uninsured for at least part of the past year among adults,Health insurance,120,Geographic Characteristic,2,Social vulnerability,15,15,High social vulnerability,51,51,"Percent of population, crude",1,2024,20.4,19.2,21.6,1.0,2.400000000000002
Uninsured for at least part of the past year among adults,Health insurance,120,Geographic Characteristic,2,Social vulnerability,15,15,Little to no social vulnerability,48,48,"Percent of population, crude",1,2019,12.9,11.5,14.5,,3.0
Uninsured for at least part of the past year among adults,Health insurance,120,Geographic Characteristic,2,Social vulnerability,15,15,Little to no social vulnerability,48,48,"Percent of population, crude",1,2020,11.5,10.0,13.0,-1.4000000000000004,3.0
Uninsured for at least part of the past year among adults,Health insurance,120,Geographic Characteristic,2,Social vulnerability,15,15,Little to no social vulnerability,48,48,"Percent of population, crude",1,2021,11.2,9.8,12.8,-0.3000000000000007,3.0
Uninsured for at least part of the past year among adults,Health insurance,120,Geographic Characteristic,2,Social vulnerability,15,15,Little to no social vulnerability,48,48,"Percent of population, crude",1,2022,9.7,8.4,11.2,-1.5,2.799999999999999
Uninsured for at least part of the past year among adults,Health insurance,120,Geographic Characteristic,2,Social vulnerability,15,15,Little to no social vulnerability,48,48,"Percent of population, crude",1,2023,10.1,8.8,11.4,0.40000000000000036,2.5999999999999996
Uninsured for at least part of the past year among adults,Health insurance,120,Geographic Characteristic,2,Social vulnerability,15,15,Little to no social vulnerability,48,48,"Percent of population, crude",1,2024,10.4,9.0,12.0,0.3000000000000007,3.0
Uninsured for at least part of the past year among adults,Health insurance,120,Geographic Characteristic,2,Social vulnerability,15,15,Low social vulnerability,49,49,"Percent of population, crude",1,2019,16.8,15.5,18.2,,2.6999999999999993
Uninsured for at least part of the past year among adults,Health insurance,120,Geographic Characteristic,2,Social vulnerability,15,15,Low social vulnerability,49,49,"Percent of population, crude",1,2020,16.2,14.7,17.7,-0.6000000000000014,3.0
Uninsured for at least part of the past year among adults,Health insurance,120,Geographic Characteristic,2,Social vulnerability,15,15,Low social vulnerability,49,49,"Percent of population, crude",1,2021,15.5,14.0,17.0,-0.6999999999999993,3.0
Uninsured for at least part of the past year among adults,Health insurance,120,Geographic Characteristic,2,Social vulnerability,15,15,Low social vulnerability,49,49,"Percent of population, crude",1,2022,12.7,11.5,14.0,-2.8000000000000007,2.5
Uninsured for at least part of the past year among adults,Health insurance,120,Geographic Characteristic,2,Social vulnerability,15,15,Low social vulnerability,49,49,"Percent of population, crude",1,2023,12.1,10.9,13.3,-0.5999999999999996,2.4000000000000004
Uninsured for at least part of the past year among adults,Health insurance,120,Geographic Characteristic,2,Social vulnerability,15,15,Low social vulnerability,49,49,"Percent of population, crude",1,2024,12.6,11.3,13.9,0.5,2.5999999999999996
Uninsured for at least part of the past year among adults,Health insurance,120,Geographic Characteristic,2,Social vulnerability,15,15,Medium social vulnerability,50,50,"Percent of population, crude",1,2019,20.9,19.5,22.4,,2.8999999999999986
Uninsured for at least part of the past year among adults,Health insurance,120,Geographic Characteristic,2,Social vulnerability,15,15,Medium social vulnerability,50,50,"Percent of population, crude",1,2020,21.0,19.4,22.6,0.10000000000000142,3.200000000000003
Uninsured for at least part of the past year among adults,Health insurance,120,Geographic Characteristic,2,Social vulnerability,15,15,Medium social vulnerability,50,50,"Percent of population, crude",1,2021,18.3,17.0,19.6,-2.6999999999999993,2.6000000000000014
Uninsured for at least part of the past year among adults,Health insurance,120,Geographic Characteristic,2,Social vulnerability,15,15,Medium social vulnerability,50,50,"Percent of population, crude",1,2022,16.4,15.0,17.9,-1.9000000000000021,2.8999999999999986
Uninsured for at least part of the past year among adults,Health insurance,120,Geographic Characteristic,2,Social vulnerability,15,15,Medium social vulnerability,50,50,"Percent of population, crude",1,2023,14.9,13.7,16.2,-1.4999999999999982,2.5
Uninsured for at least part of the past year among adults,Health insurance,120,Geographic Characteristic,2,Social vulnerability,15,15,Medium social vulnerability,50,50,"Percent of population, crude",1,2024,17.5,16.2,18.9,2.5999999999999996,2.6999999999999993
Uninsured for at least part of the past year among adults,Health insurance,120,Total,0,Total,1,1,18 years and older,1,1,"Percent of population, crude",1,2019,18.9,18.2,19.6,,1.4000000000000021
Uninsured for at least part of the past year among adults,Health insurance,120,Total,0,Total,1,1,18 years and older,1,1,"Percent of population, crude",1,2020,18.3,17.5,19.2,-0.5999999999999979,1.6999999999999993
Uninsured for at least part of the past year among adults,Health insurance,120,Total,0,Total,1,1,18 years and older,1,1,"Percent of population, crude",1,2021,16.9,16.2,17.6,-1.4000000000000021,1.4000000000000021
Uninsured for at least part of the past year among adults,Health insurance,120,Total,0,Total,1,1,18 years and older,1,1,"Percent of population, crude",1,2022,16.4,15.7,17.1,-0.5,1.4000000000000021
Uninsured for at least part of the past year among adults,Health insurance,120,Total,0,Total,1,1,18 years and older,1,1,"Percent of population, crude",1,2023,15.2,14.5,15.8,-1.1999999999999993,1.3000000000000007
Uninsured for at least part of the past year among adults,Health insurance,120,Total,0,Total,1,1,18 years and older,1,1,"Percent of population, crude",1,2024,16.4,15.8,17.2,1.1999999999999993,1.3999999999999986
Uninsured for at least part of the past year among adults,Health insurance,120,Geographic Characteristic,2,Urbanicity,16,16,Large central metro,52,52,"Percent of population, crude",1,2019,20.0,18.8,21.4,,2.599999999999998
Uninsured for at least part of the past year among adults,Health insurance,120,Geographic Characteristic,2,Urbanicity,16,16,Large central metro,52,52,"Percent of population, crude",1,2020,19.0,17.6,20.5,-1.0,2.8999999999999986
Uninsured for at least part of the past year among adults,Health insurance,120,Geographic Characteristic,2,Urbanicity,16,16,Large central metro,52,52,"Percent of population, crude",1,2021,17.9,16.8,19.2,-1.1000000000000014,2.3999999999999986
Uninsured for at least part of the past year among adults,Health insurance,120,Geographic Characteristic,2,Urbanicity,16,16,Large central metro,52,52,"Percent of population, crude",1,2022,17.7,16.5,19.0,-0.1999999999999993,2.5
Uninsured for at least part of the past year among adults,Health insurance,120,Geographic Characteristic,2,Urbanicity,16,16,Large central metro,52,52,"Percent of population, crude",1,2023,16.1,14.9,17.3,-1.5999999999999979,2.4000000000000004
Uninsured for at least part of the past year among adults,Health insurance,120,Geographic Characteristic,2,Urbanicity,16,16,Large central metro,52,52,"Percent of population, crude",1,2024,16.8,15.7,18.0,0.6999999999999993,2.3000000000000007
Uninsured for at least part of the past year among adults,Health insurance,120,Geographic Characteristic,2,Urbanicity,16,16,Large fringe metro,53,53,"Percent of population, crude",1,2019,16.1,14.8,17.6,,2.8000000000000007
Uninsured for at least part of the past year among adults,Health insurance,120,Geographic Characteristic,2,Urbanicity,16,16,Large fringe metro,53,53,"Percent of population, crude",1,2020,15.2,13.8,16.7,-0.9000000000000021,2.8999999999999986
Uninsured for at least part of the past year among adults,Health insurance,120,Geographic Characteristic,2,Urbanicity,16,16,Large fringe metro,53,53,"Percent of population, crude",1,2021,14.3,13.0,15.7,-0.8999999999999986,2.6999999999999993
Uninsured for at least part of the past year among adults,Health insurance,120,Geographic Characteristic,2,Urbanicity,16,16,Large fringe metro,53,53,"Percent of population, crude",1,2022,13.8,12.5,15.2,-0.5,2.6999999999999993
Uninsured for at least part of the past year among adults,Health insurance,120,Geographic Characteristic,2,Urbanicity,16,16,Large fringe metro,53,53,"Percent of population, crude",1,2023,12.4,11.3,13.6,-1.4000000000000004,2.299999999999999
Uninsured for at least part of the past year among adults,Health insurance,120,Geographic Characteristic,2,Urbanicity,16,16,Large fringe metro,53,53,"Percent of population, crude",1,2024,13.6,12.4,15.0,1.1999999999999993,2.5999999999999996
Uninsured for at least part of the past year among adults,Health insurance,120,Geographic Characteristic,2,Urbanicity,16,16,Medium and small metro,54,54,"Percent of population, crude",1,2019,18.6,17.3,20.0,,2.6999999999999993
Uninsured for at least part of the past year among adults,Health insurance,120,Geographic Characteristic,2,Urbanicity,16,16,Medium and small metro,54,54,"Percent of population, crude",1,2020,18.8,17.3,20.4,0.1999999999999993,3.099999999999998
Uninsured for at least part of the past year among adults,Health insurance,120,Geographic Characteristic,2,Urbanicity,16,16,Medium and small metro,54,54,"Percent of population, crude",1,2021,17.4,16.1,18.8,-1.4000000000000021,2.6999999999999993
Uninsured for at least part of the past year among adults,Health insurance,120,Geographic Characteristic,2,Urbanicity,16,16,Medium and small metro,54,54,"Percent of population, crude",1,2022,16.6,15.2,18.1,-0.7999999999999972,2.900000000000002
Uninsured for at least part of the past year among adults,Health insurance,120,Geographic Characteristic,2,Urbanicity,16,16,Medium and small metro,54,54,"Percent of population, crude",1,2023,16.5,15.3,17.8,-0.10000000000000142,2.5
Uninsured for at least part of the past year among adults,Health insurance,120,Geographic Characteristic,2,Urbanicity,16,16,Medium and small metro,54,54,"Percent of population, crude",1,2024,17.8,16.3,19.3,1.3000000000000007,3.0
Uninsured for at least part of the past year among adults,Health insurance,120,Geographic Characteristic,2,Urbanicity,16,16,Nonmetropolitan,55,55,"Percent of population, crude",1,2019,22.0,19.5,24.7,,5.199999999999999
Uninsured for at least part of the past year among adults,Health insurance,120,Geographic Characteristic,2,Urbanicity,16,16,Nonmetropolitan,55,55,"Percent of population, crude",1,2020,21.7,18.7,24.9,-0.3000000000000007,6.199999999999999
Uninsured for at least part of the past year among adults,Health insurance,120,Geographic Characteristic,2,Urbanicity,16,16,Nonmetropolitan,55,55,"Percent of population, crude",1,2021,17.9,15.4,20.7,-3.8000000000000007,5.299999999999999
Uninsured for at least part of the past year among adults,Health insurance,120,Geographic Characteristic,2,Urbanicity,16,16,Nonmetropolitan,55,55,"Percent of population, crude",1,2022,17.7,15.5,20.1,-0.1999999999999993,4.600000000000001
Uninsured for at least part of the past year among adults,Health insurance,120,Geographic Characteristic,2,Urbanicity,16,16,Nonmetropolitan,55,55,"Percent of population, crude",1,2023,15.2,13.1,17.5,-2.5,4.4
Uninsured for at least part of the past year among adults,Health insurance,120,Geographic Characteristic,2,Urbanicity,16,16,Nonmetropolitan,55,55,"Percent of population, crude",1,2024,17.9,16.2,19.6,2.6999999999999993,3.400000000000002
Uninsured for at least part of the past year among adults,Health insurance,120,Demographic Characteristic,1,Veteran status,12,12,Non-veteran,40,40,"Percent of population, crude",1,2019,19.2,18.4,19.9,,1.5
Uninsured for at least part of the past year among adults,Health insurance,120,Demographic Characteristic,1,Veteran status,12,12,Non-veteran,40,40,"Percent of population, crude",1,2020,18.7,17.8,19.5,-0.5,1.6999999999999993
Uninsured for at least part of the past year among adults,Health insurance,120,Demographic Characteristic,1,Veteran status,12,12,Non-veteran,40,40,"Percent of population, crude",1,2021,17.3,16.5,18.0,-1.3999999999999986,1.5
Uninsured for at least part of the past year among adults,Health insurance,120,Demographic Characteristic,1,Veteran status,12,12,Non-veteran,40,40,"Percent of population, crude",1,2022,16.6,15.8,17.4,-0.6999999999999993,1.5999999999999979
Uninsured for at least part of the past year among adults,Health insurance,120,Demographic Characteristic,1,Veteran status,12,12,Non-veteran,40,40,"Percent of population, crude",1,2023,15.4,14.7,16.1,-1.200000000000001,1.4000000000000021
Uninsured for at least part of the past year among adults,Health insurance,120,Demographic Characteristic,1,Veteran status,12,12,Non-veteran,40,40,"Percent of population, crude",1,2024,16.9,16.2,17.7,1.4999999999999982,1.5
Uninsured for at least part of the past year among adults,Health insurance,120,Demographic Characteristic,1,Veteran status,12,12,Veteran,39,39,"Percent of population, crude",1,2019,10.4,8.2,13.0,,4.800000000000001
Uninsured for at least part of the past year among adults,Health insurance,120,Demographic Characteristic,1,Veteran status,12,12,Veteran,39,39,"Percent of population, crude",1,2020,9.6,7.5,12.0,-0.8000000000000007,4.5
Uninsured for at least part of the past year among adults,Health insurance,120,Demographic Characteristic,1,Veteran status,12,12,Veteran,39,39,"Percent of population, crude",1,2021,7.3,5.5,9.6,-2.3,4.1
Uninsured for at least part of the past year among adults,Health insurance,120,Demographic Characteristic,1,Veteran status,12,12,Veteran,39,39,"Percent of population, crude",1,2022,9.8,7.6,12.4,2.500000000000001,4.800000000000001
Uninsured for at least part of the past year among adults,Health insurance,120,Demographic Characteristic,1,Veteran status,12,12,Veteran,39,39,"Percent of population, crude",1,2023,8.2,6.3,10.5,-1.6000000000000014,4.2
Uninsured for at least part of the past year among adults,Health insurance,120,Demographic Characteristic,1,Veteran status,12,12,Veteran,39,39,"Percent of population, crude",1,2024,7.4,5.7,9.5,-0.7999999999999989,3.8
